n,p,sample,rho,lower,upper,symmetric_upper,full_inf_norm,P_inf_norm,C_deviation_inf_norm,feedback_product,C_deviation_nonnormality,inner_count,outer_count,annulus_count
8,3,0,0.856474518599994,0.7806438241627338,0.8944013949390892,0.8993561758372661,0.9053265162599807,0.45,0.04000000000000004,0.0064,0.8875259424304186,3,8,0
8,3,1,0.8453877350591634,0.7806438241627338,0.8944013949390892,0.8993561758372661,0.9278115430645688,0.44999999999999996,0.03999999999999998,0.0064,1.0082945616165906,3,8,0
8,3,2,0.8465965189806414,0.7806438241627338,0.8944013949390892,0.8993561758372661,0.9986619146837691,0.44999999999999996,0.039999999999999966,0.006400000000000002,1.1468672239063895,3,8,0
8,3,3,0.8536679774354999,0.7806438241627338,0.8944013949390892,0.8993561758372661,0.913102471327305,0.44999999999999996,0.040000000000000015,0.0063999999999999994,1.0800322819034265,3,8,0
8,3,4,0.8536458134338896,0.7806438241627338,0.8944013949390892,0.8993561758372661,0.8720890505541953,0.45000000000000007,0.04000000000000001,0.006400000000000001,0.7104542820354935,3,8,0
8,3,5,0.8711899145527517,0.7806438241627338,0.8944013949390892,0.8993561758372661,0.884384064123863,0.45,0.040000000000000036,0.0063999999999999994,0.5766025463653544,3,8,0
8,3,6,0.8435862755200447,0.7806438241627338,0.8944013949390892,0.8993561758372661,0.9877327189022225,0.45000000000000007,0.04,0.0064,0.9292904997873815,3,8,0
8,3,7,0.8487273922017691,0.7806438241627338,0.8944013949390892,0.8993561758372661,0.9190370396915348,0.45000000000000007,0.04000000000000004,0.006400000000000001,1.3397183298987971,3,8,0
8,3,8,0.8604315171392587,0.7806438241627338,0.8944013949390892,0.8993561758372661,1.1778569550157791,0.44999999999999996,0.03999999999999999,0.0064,1.074071223016398,3,8,0
8,3,9,0.8619712052372532,0.7806438241627338,0.8944013949390892,0.8993561758372661,1.0625165495385025,0.45,0.04000000000000003,0.006400000000000001,0.8905592142077244,3,8,0
8,3,10,0.8489924003007479,0.7806438241627338,0.8944013949390892,0.8993561758372661,0.8975089297051613,0.45,0.04000000000000001,0.006400000000000002,1.220830976698381,3,8,0
8,3,11,0.8546270785702995,0.7806438241627338,0.8944013949390892,0.8993561758372661,0.8958231032384334,0.4499999999999999,0.04000000000000001,0.006400000000000001,0.8783641936585111,3,8,0
8,3,12,0.8559747748136244,0.7806438241627338,0.8944013949390892,0.8993561758372661,0.9041470951395268,0.45000000000000007,0.04000000000000002,0.0063999999999999994,0.7059918807765039,3,8,0
8,3,13,0.8351899311946931,0.7806438241627338,0.8944013949390892,0.8993561758372661,0.8871164936472071,0.45,0.03999999999999998,0.006400000000000001,0.49761898222610873,3,8,0
8,3,14,0.872541590577996,0.7806438241627338,0.8944013949390892,0.8993561758372661,0.9030984417202933,0.45000000000000007,0.03999999999999995,0.006400000000000001,0.3746926059554063,3,8,0
8,3,15,0.8551064248642714,0.7806438241627338,0.8944013949390892,0.8993561758372661,1.0935166430596988,0.45000000000000007,0.040000000000000036,0.006400000000000002,1.2269334834071284,3,8,0
8,3,16,0.8775927054088701,0.7806438241627338,0.8944013949390892,0.8993561758372661,0.9523953372956006,0.45,0.040000000000000036,0.0063999999999999994,0.22405853915498944,3,8,0
8,3,17,0.8601416342289119,0.7806438241627338,0.8944013949390892,0.8993561758372661,0.9016225716829346,0.45000000000000007,0.040000000000000036,0.006400000000000001,0.5422472009367064,3,8,0
8,3,18,0.878907592659292,0.7806438241627338,0.8944013949390892,0.8993561758372661,0.8871901510486859,0.45000000000000007,0.04000000000000001,0.006399999999999999,0.19884573101349673,3,8,0
8,3,19,0.8367672513795956,0.7806438241627338,0.8944013949390892,0.8993561758372661,0.9314144294402689,0.45000000000000007,0.039999999999999966,0.0064,0.6021027001181407,3,8,0
8,3,20,0.8740390958437251,0.7806438241627338,0.8944013949390892,0.8993561758372661,0.9035957747190309,0.45000000000000007,0.04000000000000001,0.0063999999999999994,0.5031930416962505,3,8,0
8,3,21,0.8310047624115529,0.7806438241627338,0.8944013949390892,0.8993561758372661,0.9919487331173625,0.45000000000000007,0.03999999999999996,0.006400000000000002,0.43704819993340116,3,8,0
8,3,22,0.8748510063537438,0.7806438241627338,0.8944013949390892,0.8993561758372661,0.9137124077295259,0.44999999999999996,0.04000000000000004,0.006400000000000001,0.3782151549333478,3,8,0
8,3,23,0.851769052513227,0.7806438241627338,0.8944013949390892,0.8993561758372661,0.9054793070609864,0.44999999999999996,0.040000000000000036,0.006400000000000002,0.8425154683275344,3,8,0
8,3,24,0.8524129606611832,0.7806438241627338,0.8944013949390892,0.8993561758372661,0.9734545576937161,0.45,0.04000000000000005,0.0064,0.9932889936079663,3,8,0
8,3,25,0.8341822713758078,0.7806438241627338,0.8944013949390892,0.8993561758372661,1.2971413201734832,0.44999999999999996,0.04000000000000004,0.0064,0.6567526805798573,3,8,0
8,3,26,0.8578814066191822,0.7806438241627338,0.8944013949390892,0.8993561758372661,0.9029868126788116,0.45,0.04000000000000002,0.006400000000000002,1.17499858076982,3,8,0
8,3,27,0.8463702758428634,0.7806438241627338,0.8944013949390892,0.8993561758372661,0.8962446707021648,0.44999999999999996,0.039999999999999994,0.0063999999999999994,1.280266076515803,3,8,0
8,3,28,0.8437296256802861,0.7806438241627338,0.8944013949390892,0.8993561758372661,0.8820679190299009,0.45000000000000007,0.03999999999999998,0.0063999999999999994,0.6983729152568499,3,8,0
8,3,29,0.8510668155631539,0.7806438241627338,0.8944013949390892,0.8993561758372661,0.9497768030653803,0.45,0.03999999999999995,0.0063999999999999994,1.1534907383064148,3,8,0
8,3,30,0.846744990925717,0.7806438241627338,0.8944013949390892,0.8993561758372661,0.9180245507303793,0.45000000000000007,0.04000000000000003,0.0064,0.7361210345422409,3,8,0
8,3,31,0.8395172756333437,0.7806438241627338,0.8944013949390892,0.8993561758372661,1.1342490106937368,0.45000000000000007,0.039999999999999945,0.006400000000000001,1.3994591836932422,3,8,0
8,3,32,0.8284338164995094,0.7806438241627338,0.8944013949390892,0.8993561758372661,1.2745193759197375,0.45000000000000007,0.04,0.006400000000000002,0.31307789777978723,3,8,0
8,3,33,0.8517464399339554,0.7806438241627338,0.8944013949390892,0.8993561758372661,1.0811308527044852,0.4500000000000002,0.04000000000000001,0.0064,1.1679890584427581,3,8,0
8,3,34,0.8566963959582904,0.7806438241627338,0.8944013949390892,0.8993561758372661,0.9030459938732853,0.44999999999999996,0.04,0.006399999999999999,0.7006904700233341,3,8,0
8,3,35,0.8503467904311233,0.7806438241627338,0.8944013949390892,0.8993561758372661,0.9105769769673174,0.45,0.039999999999999994,0.006399999999999999,1.1430396102695561,3,8,0
8,3,36,0.8700399433303732,0.7806438241627338,0.8944013949390892,0.8993561758372661,0.8909763463006908,0.45,0.03999999999999995,0.006400000000000001,0.7766124779625152,3,8,0
8,3,37,0.8768710183150941,0.7806438241627338,0.8944013949390892,0.8993561758372661,0.923087809130951,0.45,0.04000000000000005,0.0063999999999999994,0.29481094086067283,3,8,0
8,3,38,0.848289111943678,0.7806438241627338,0.8944013949390892,0.8993561758372661,0.9078224297851379,0.45,0.03999999999999995,0.006400000000000001,0.27400219403316695,3,8,0
8,3,39,0.8504784031619008,0.7806438241627338,0.8944013949390892,0.8993561758372661,0.9618841068647525,0.45000000000000007,0.04000000000000006,0.0063999999999999994,0.9855775094704409,3,8,0
8,3,40,0.8416872639995551,0.7806438241627338,0.8944013949390892,0.8993561758372661,0.8748228376843155,0.45000000000000007,0.04000000000000006,0.0064,0.5819197565619196,3,8,0
8,3,41,0.8597646317116698,0.7806438241627338,0.8944013949390892,0.8993561758372661,1.3443977864661973,0.44999999999999996,0.03999999999999995,0.0064,1.2123955089007394,3,8,0
8,3,42,0.8739572479472879,0.7806438241627338,0.8944013949390892,0.8993561758372661,0.9380924317438999,0.45000000000000007,0.04000000000000005,0.0064,0.3767320490449924,3,8,0
8,3,43,0.8496493333924188,0.7806438241627338,0.8944013949390892,0.8993561758372661,1.2034420911567796,0.45,0.03999999999999995,0.006399999999999999,1.1346767024394375,3,8,0
8,3,44,0.8479547509754776,0.7806438241627338,0.8944013949390892,0.8993561758372661,1.3480525715746208,0.45000000000000007,0.04000000000000001,0.006400000000000001,1.1091073064396335,3,8,0
8,3,45,0.8558970638238984,0.7806438241627338,0.8944013949390892,0.8993561758372661,0.8900942192735145,0.45,0.03999999999999995,0.006400000000000002,1.0289649667634881,3,8,0
8,3,46,0.8380148262922987,0.7806438241627338,0.8944013949390892,0.8993561758372661,0.9225861939838711,0.45,0.039999999999999966,0.006399999999999998,0.8625323821199116,3,8,0
8,3,47,0.8394108689795994,0.7806438241627338,0.8944013949390892,0.8993561758372661,1.023801584327766,0.45000000000000007,0.039999999999999966,0.0064,0.7728443364593612,3,8,0
8,3,48,0.8603393572992694,0.7806438241627338,0.8944013949390892,0.8993561758372661,0.9526658531484596,0.44999999999999996,0.04000000000000004,0.006400000000000001,0.9347724307767395,3,8,0
8,3,49,0.8677951012924038,0.7806438241627338,0.8944013949390892,0.8993561758372661,0.9115837346461794,0.45,0.04000000000000003,0.006399999999999999,0.75486158753743,3,8,0
8,3,50,0.8738135010978174,0.7806438241627338,0.8944013949390892,0.8993561758372661,1.1741504221869832,0.44999999999999996,0.04000000000000002,0.0064,0.6803060911173526,3,8,0
8,3,51,0.8336047482058628,0.7806438241627338,0.8944013949390892,0.8993561758372661,0.8955257749716713,0.45000000000000007,0.04000000000000004,0.0064,0.6246166987534493,3,8,0
8,3,52,0.8491892834242333,0.7806438241627338,0.8944013949390892,0.8993561758372661,0.9599155065292925,0.45,0.039999999999999994,0.0063999999999999994,0.8419627072661007,3,8,0
8,3,53,0.8577009684957413,0.7806438241627338,0.8944013949390892,0.8993561758372661,1.051599025179109,0.45000000000000007,0.039999999999999994,0.006400000000000001,0.5864582590081372,3,8,0
8,3,54,0.8557136337718573,0.7806438241627338,0.8944013949390892,0.8993561758372661,0.9088899308631239,0.45000000000000007,0.039999999999999994,0.006400000000000002,0.918258464830952,3,8,0
8,3,55,0.8487496426421897,0.7806438241627338,0.8944013949390892,0.8993561758372661,0.864165071558802,0.4499999999999999,0.04000000000000002,0.006400000000000003,0.2654929732519766,3,8,0
8,3,56,0.851990177744659,0.7806438241627338,0.8944013949390892,0.8993561758372661,0.9178494479258298,0.44999999999999996,0.040000000000000036,0.0064,1.1627364384009793,3,8,0
8,3,57,0.8621993829033738,0.7806438241627338,0.8944013949390892,0.8993561758372661,0.9400656936821414,0.44999999999999996,0.03999999999999997,0.006400000000000001,0.9056568979015657,3,8,0
8,3,58,0.8506177477026,0.7806438241627338,0.8944013949390892,0.8993561758372661,0.8988130374042734,0.44999999999999996,0.039999999999999994,0.0064,1.2496886450446054,3,8,0
8,3,59,0.8643210133960794,0.7806438241627338,0.8944013949390892,0.8993561758372661,1.1935825666168272,0.45000000000000007,0.039999999999999966,0.006400000000000001,0.8499699908342481,3,8,0
8,3,60,0.8313012401622201,0.7806438241627338,0.8944013949390892,0.8993561758372661,0.8718420038564414,0.45,0.039999999999999994,0.0063999999999999994,0.7328470981401777,3,8,0
8,3,61,0.8732968034784363,0.7806438241627338,0.8944013949390892,0.8993561758372661,0.9364905944323143,0.45000000000000007,0.04000000000000002,0.006400000000000001,0.2831817864414091,3,8,0
8,3,62,0.8547343952591453,0.7806438241627338,0.8944013949390892,0.8993561758372661,0.8869120628319258,0.44999999999999996,0.03999999999999994,0.006400000000000001,0.8187986386505461,3,8,0
8,3,63,0.8666233361795723,0.7806438241627338,0.8944013949390892,0.8993561758372661,0.9127706863061245,0.44999999999999996,0.040000000000000036,0.0064,0.3507005851318699,3,8,0
8,3,64,0.8316666793328499,0.7806438241627338,0.8944013949390892,0.8993561758372661,0.8522133664608791,0.45000000000000007,0.04000000000000002,0.0063999999999999994,0.4182832202881147,3,8,0
8,3,65,0.8458686459077936,0.7806438241627338,0.8944013949390892,0.8993561758372661,0.8830767888784572,0.44999999999999996,0.04000000000000001,0.0064,0.5351623915003622,3,8,0
8,3,66,0.857647692951379,0.7806438241627338,0.8944013949390892,0.8993561758372661,0.9635795944390543,0.45000000000000007,0.04000000000000002,0.006400000000000001,1.1813636701916117,3,8,0
8,3,67,0.8442582573600983,0.7806438241627338,0.8944013949390892,0.8993561758372661,1.1807893519118515,0.45000000000000007,0.04000000000000002,0.006400000000000001,1.0546446809693601,3,8,0
8,3,68,0.846347724039843,0.7806438241627338,0.8944013949390892,0.8993561758372661,0.9987857935106517,0.45000000000000007,0.040000000000000036,0.006400000000000001,0.5503788050066687,3,8,0
8,3,69,0.847924452528822,0.7806438241627338,0.8944013949390892,0.8993561758372661,0.8875985528060537,0.45,0.039999999999999994,0.0064,0.491303916835431,3,8,0
8,3,70,0.8638015606374256,0.7806438241627338,0.8944013949390892,0.8993561758372661,1.0605838608013274,0.44999999999999996,0.039999999999999966,0.006400000000000001,0.6745272037837721,3,8,0
8,3,71,0.8507195351734516,0.7806438241627338,0.8944013949390892,0.8993561758372661,0.882681229514192,0.44999999999999996,0.03999999999999995,0.006400000000000001,1.302388474758706,3,8,0
8,3,72,0.8725822937858144,0.7806438241627338,0.8944013949390892,0.8993561758372661,0.89894310554858,0.44999999999999996,0.03999999999999997,0.0064,0.1461940437473509,3,8,0
8,3,73,0.8448628984035205,0.7806438241627338,0.8944013949390892,0.8993561758372661,0.8863978724303347,0.45000000000000007,0.03999999999999998,0.0063999999999999994,1.2670666666463601,3,8,0
8,3,74,0.854333779171344,0.7806438241627338,0.8944013949390892,0.8993561758372661,1.1148956326391313,0.45,0.040000000000000036,0.0064,1.0176559461561865,3,8,0
8,3,75,0.8461851069306223,0.7806438241627338,0.8944013949390892,0.8993561758372661,0.8984066854959255,0.44999999999999996,0.040000000000000015,0.0064,0.6890231708379808,3,8,0
8,3,76,0.847260298998087,0.7806438241627338,0.8944013949390892,0.8993561758372661,1.1826019805912606,0.45000000000000007,0.04000000000000002,0.0063999999999999994,1.0396560718323753,3,8,0
8,3,77,0.853725680282924,0.7806438241627338,0.8944013949390892,0.8993561758372661,0.8702741885037493,0.45000000000000007,0.03999999999999996,0.0063999999999999994,0.7726781761063262,3,8,0
8,3,78,0.8459458630238356,0.7806438241627338,0.8944013949390892,0.8993561758372661,0.8941626317468496,0.45,0.03999999999999995,0.0063999999999999994,0.6772077576025562,3,8,0
8,3,79,0.8417776820828057,0.7806438241627338,0.8944013949390892,0.8993561758372661,0.8659555048655113,0.45000000000000007,0.040000000000000036,0.0063999999999999994,0.9538952551732587,3,8,0
8,3,80,0.8498176086240118,0.7806438241627338,0.8944013949390892,0.8993561758372661,1.1886872943255913,0.45000000000000007,0.03999999999999998,0.006400000000000001,1.1846642068195907,3,8,0
8,3,81,0.854766287663698,0.7806438241627338,0.8944013949390892,0.8993561758372661,0.9801248642131575,0.44999999999999996,0.03999999999999995,0.0064,1.0840380746743206,3,8,0
8,3,82,0.8640091853802838,0.7806438241627338,0.8944013949390892,0.8993561758372661,0.989960137202693,0.45000000000000007,0.04000000000000004,0.006400000000000002,0.4344124238441961,3,8,0
8,3,83,0.8500401583609037,0.7806438241627338,0.8944013949390892,0.8993561758372661,0.9150914604951393,0.45000000000000007,0.039999999999999994,0.006400000000000002,1.1773949670680244,3,8,0
8,3,84,0.8581556217214071,0.7806438241627338,0.8944013949390892,0.8993561758372661,1.022674514114601,0.44999999999999996,0.03999999999999998,0.0064,1.07684152088263,3,8,0
8,3,85,0.8601700310981681,0.7806438241627338,0.8944013949390892,0.8993561758372661,0.9369719100584113,0.44999999999999996,0.03999999999999998,0.006400000000000001,0.5013410182197567,3,8,0
8,3,86,0.8480491869024438,0.7806438241627338,0.8944013949390892,0.8993561758372661,0.8795679355174632,0.45000000000000007,0.039999999999999966,0.006400000000000001,0.481338414748213,3,8,0
8,3,87,0.8550331068598903,0.7806438241627338,0.8944013949390892,0.8993561758372661,0.9793065280140014,0.45000000000000007,0.039999999999999994,0.0063999999999999994,0.8021625773842604,3,8,0
8,3,88,0.8686322680025367,0.7806438241627338,0.8944013949390892,0.8993561758372661,0.9172327804996797,0.44999999999999996,0.04000000000000002,0.006400000000000001,0.42261459807191354,3,8,0
8,3,89,0.8535501229683647,0.7806438241627338,0.8944013949390892,0.8993561758372661,1.1153439662349935,0.45000000000000007,0.04000000000000005,0.006400000000000002,1.2108423790854057,3,8,0
8,3,90,0.8608350312625355,0.7806438241627338,0.8944013949390892,0.8993561758372661,1.0204551534796347,0.45000000000000007,0.039999999999999994,0.0064,0.42493543513482634,3,8,0
8,3,91,0.8554516891736696,0.7806438241627338,0.8944013949390892,0.8993561758372661,0.9346159803058813,0.45,0.04000000000000002,0.0064,0.9955694503518462,3,8,0
8,3,92,0.8417907427531595,0.7806438241627338,0.8944013949390892,0.8993561758372661,0.8890035799541036,0.44999999999999996,0.040000000000000056,0.006400000000000001,1.0762999120155632,3,8,0
8,3,93,0.877033996386559,0.7806438241627338,0.8944013949390892,0.8993561758372661,1.114532263691466,0.45,0.03999999999999998,0.0064,0.7447808809251877,3,8,0
8,3,94,0.8452589914518125,0.7806438241627338,0.8944013949390892,0.8993561758372661,0.8751394976317066,0.45,0.039999999999999966,0.0064,1.2629925792446848,3,8,0
8,3,95,0.8639532269317957,0.7806438241627338,0.8944013949390892,0.8993561758372661,0.8991162759107871,0.45000000000000007,0.040000000000000036,0.0063999999999999994,0.5791071980909527,3,8,0
8,3,96,0.8564260870482584,0.7806438241627338,0.8944013949390892,0.8993561758372661,0.8911153508320981,0.45000000000000007,0.04000000000000005,0.0063999999999999994,0.7826069878468029,3,8,0
8,3,97,0.8473756113331594,0.7806438241627338,0.8944013949390892,0.8993561758372661,0.9141286151084713,0.45,0.039999999999999966,0.006400000000000002,1.2066897902278888,3,8,0
8,3,98,0.8567364093669788,0.7806438241627338,0.8944013949390892,0.8993561758372661,0.874437464656339,0.45,0.039999999999999966,0.0063999999999999994,1.352918824928799,3,8,0
8,3,99,0.8700136761957084,0.7806438241627338,0.8944013949390892,0.8993561758372661,1.007320196679548,0.45,0.04000000000000003,0.006400000000000001,0.7878135659976764,3,8,0
8,3,100,0.8663972669023442,0.7806438241627338,0.8944013949390892,0.8993561758372661,0.8880708430228943,0.4500000000000001,0.03999999999999998,0.006400000000000001,0.8333532018758693,3,8,0
8,3,101,0.8636463806716698,0.7806438241627338,0.8944013949390892,0.8993561758372661,0.9060121076835583,0.45000000000000007,0.04000000000000001,0.0063999999999999994,0.5836350274716572,3,8,0
8,3,102,0.8517229583946743,0.7806438241627338,0.8944013949390892,0.8993561758372661,1.0858702358692887,0.44999999999999996,0.04000000000000001,0.0064,0.8262430432276541,3,8,0
8,3,103,0.8472582805496128,0.7806438241627338,0.8944013949390892,0.8993561758372661,1.0395447183311906,0.45000000000000007,0.04000000000000004,0.0063999999999999994,1.222479910599654,3,8,0
8,3,104,0.8495657063916153,0.7806438241627338,0.8944013949390892,0.8993561758372661,0.9272125024191027,0.44999999999999996,0.039999999999999945,0.0063999999999999994,0.9869435444945494,3,8,0
8,3,105,0.8416285317392284,0.7806438241627338,0.8944013949390892,0.8993561758372661,0.9681200001030417,0.45000000000000007,0.03999999999999996,0.006400000000000001,0.6838659305586224,3,8,0
8,3,106,0.8644628666060467,0.7806438241627338,0.8944013949390892,0.8993561758372661,0.9147083960724448,0.45,0.03999999999999995,0.006399999999999998,0.5569610492871848,3,8,0
8,3,107,0.855933026264984,0.7806438241627338,0.8944013949390892,0.8993561758372661,0.8931239105635786,0.45,0.03999999999999995,0.0063999999999999994,0.5951182023082262,3,8,0
8,3,108,0.8636123306528364,0.7806438241627338,0.8944013949390892,0.8993561758372661,0.898980864534422,0.4500000000000001,0.03999999999999997,0.0063999999999999994,0.8114645404905979,3,8,0
8,3,109,0.8501359819156518,0.7806438241627338,0.8944013949390892,0.8993561758372661,0.9020596983590408,0.45,0.04000000000000004,0.0064,1.0439679539678182,3,8,0
8,3,110,0.8757912839441432,0.7806438241627338,0.8944013949390892,0.8993561758372661,0.9034532532315042,0.44999999999999996,0.040000000000000036,0.0064,0.5568364753866994,3,8,0
8,3,111,0.8483801951304161,0.7806438241627338,0.8944013949390892,0.8993561758372661,0.9088359442153783,0.44999999999999996,0.040000000000000036,0.0064,0.5023060199349485,3,8,0
8,3,112,0.854480354892377,0.7806438241627338,0.8944013949390892,0.8993561758372661,1.0665894865281986,0.45,0.04000000000000002,0.0063999999999999994,0.7090432458749782,3,8,0
8,3,113,0.8669702705813851,0.7806438241627338,0.8944013949390892,0.8993561758372661,0.9133346197412519,0.44999999999999996,0.040000000000000036,0.0064,0.3122530232775655,3,8,0
8,3,114,0.8594015401645367,0.7806438241627338,0.8944013949390892,0.8993561758372661,1.0534257008085837,0.44999999999999996,0.04000000000000003,0.006399999999999999,0.3287601111802235,3,8,0
8,3,115,0.8509246584250846,0.7806438241627338,0.8944013949390892,0.8993561758372661,0.8960941804457536,0.45,0.040000000000000056,0.0063999999999999994,0.8714798145451584,3,8,0
8,3,116,0.8550871505004883,0.7806438241627338,0.8944013949390892,0.8993561758372661,1.1444502296434553,0.45000000000000007,0.03999999999999998,0.0064,0.8125896225452169,3,8,0
8,3,117,0.8491460242292079,0.7806438241627338,0.8944013949390892,0.8993561758372661,1.0249356391419178,0.45000000000000007,0.03999999999999995,0.006400000000000002,1.0586985523107948,3,8,0
8,3,118,0.8445582339907728,0.7806438241627338,0.8944013949390892,0.8993561758372661,0.8717378070701354,0.45,0.039999999999999945,0.0063999999999999994,0.8935131284559648,3,8,0
8,3,119,0.8673978042627545,0.7806438241627338,0.8944013949390892,0.8993561758372661,0.9148685370237966,0.45,0.039999999999999994,0.006400000000000001,0.2938878145169101,3,8,0
8,3,120,0.8632491764264347,0.7806438241627338,0.8944013949390892,0.8993561758372661,1.1232615561708608,0.44999999999999996,0.03999999999999998,0.0064,0.33244694165163374,3,8,0
8,3,121,0.8488100482791443,0.7806438241627338,0.8944013949390892,0.8993561758372661,0.9871989777469786,0.45000000000000007,0.04000000000000001,0.0063999999999999994,0.9483438730592572,3,8,0
8,3,122,0.8597345349326229,0.7806438241627338,0.8944013949390892,0.8993561758372661,0.9245600391514412,0.44999999999999996,0.039999999999999994,0.0064,0.8381180911532714,3,8,0
8,3,123,0.8605023782262354,0.7806438241627338,0.8944013949390892,0.8993561758372661,0.9041318061565882,0.45000000000000007,0.04,0.006400000000000001,0.8933492001026029,3,8,0
8,3,124,0.8555727886488215,0.7806438241627338,0.8944013949390892,0.8993561758372661,0.9041376264168847,0.45,0.03999999999999997,0.0064,1.100293193115419,3,8,0
8,3,125,0.8371062200770102,0.7806438241627338,0.8944013949390892,0.8993561758372661,0.8823720874595193,0.44999999999999996,0.04000000000000005,0.0063999999999999994,0.9525797103184851,3,8,0
8,3,126,0.8610721777774742,0.7806438241627338,0.8944013949390892,0.8993561758372661,1.189215804622047,0.45000000000000007,0.04000000000000003,0.0064,0.7928551029926998,3,8,0
8,3,127,0.8499597555752615,0.7806438241627338,0.8944013949390892,0.8993561758372661,0.9222973530979393,0.44999999999999996,0.03999999999999997,0.0064,0.12284776528707678,3,8,0
8,3,128,0.8370310132514198,0.7806438241627338,0.8944013949390892,0.8993561758372661,0.8655618406618563,0.45000000000000007,0.04000000000000002,0.006400000000000001,0.6619365231997334,3,8,0
8,3,129,0.8515541319714058,0.7806438241627338,0.8944013949390892,0.8993561758372661,0.876708026595312,0.45000000000000007,0.039999999999999994,0.006400000000000002,1.0643912077411328,3,8,0
8,3,130,0.8558564353570163,0.7806438241627338,0.8944013949390892,0.8993561758372661,1.2099194279497676,0.44999999999999996,0.03999999999999999,0.006399999999999999,1.2772389743589916,3,8,0
8,3,131,0.8703998033565292,0.7806438241627338,0.8944013949390892,0.8993561758372661,0.9511462934664986,0.45000000000000007,0.03999999999999997,0.006400000000000002,0.4635822102070895,3,8,0
8,3,132,0.8575944932237847,0.7806438241627338,0.8944013949390892,0.8993561758372661,1.2439325408354465,0.44999999999999996,0.040000000000000036,0.0064,0.9236870938660302,3,8,0
8,3,133,0.8565750453943771,0.7806438241627338,0.8944013949390892,0.8993561758372661,0.8953924614747623,0.45,0.039999999999999966,0.006399999999999999,0.7187717622836134,3,8,0
8,3,134,0.8627792828455727,0.7806438241627338,0.8944013949390892,0.8993561758372661,1.212707600465436,0.45,0.03999999999999996,0.006400000000000001,0.9787353329711431,3,8,0
8,3,135,0.8493680816030802,0.7806438241627338,0.8944013949390892,0.8993561758372661,1.0064322239555406,0.45,0.03999999999999998,0.0063999999999999994,1.3332690044657518,3,8,0
8,3,136,0.866329696528917,0.7806438241627338,0.8944013949390892,0.8993561758372661,0.9022979414421307,0.44999999999999996,0.04000000000000004,0.0063999999999999994,0.9049992141070413,3,8,0
8,3,137,0.851909654031704,0.7806438241627338,0.8944013949390892,0.8993561758372661,1.0717457209936248,0.44999999999999996,0.04000000000000003,0.0063999999999999994,1.050087077458915,3,8,0
8,3,138,0.8475254983866405,0.7806438241627338,0.8944013949390892,0.8993561758372661,0.8903118934614921,0.45000000000000007,0.039999999999999945,0.0064,0.9186865641674596,3,8,0
8,3,139,0.8559145922594142,0.7806438241627338,0.8944013949390892,0.8993561758372661,1.3231637433377237,0.45000000000000007,0.039999999999999945,0.006399999999999998,0.5239444988480689,3,8,0
8,3,140,0.8544393323672089,0.7806438241627338,0.8944013949390892,0.8993561758372661,0.9734499283137519,0.45,0.03999999999999999,0.0064,0.30675530201701123,3,8,0
8,3,141,0.8287205446213389,0.7806438241627338,0.8944013949390892,0.8993561758372661,1.2021636335781976,0.45,0.039999999999999945,0.006400000000000003,0.26217115518189416,3,8,0
8,3,142,0.8501364091638269,0.7806438241627338,0.8944013949390892,0.8993561758372661,0.8893765714138292,0.44999999999999996,0.040000000000000015,0.006400000000000001,1.2011971852786947,3,8,0
8,3,143,0.8472686871880524,0.7806438241627338,0.8944013949390892,0.8993561758372661,1.1272906425550504,0.44999999999999996,0.04000000000000005,0.0063999999999999994,0.7988956602027936,3,8,0
8,3,144,0.867618978170946,0.7806438241627338,0.8944013949390892,0.8993561758372661,0.9418638533071612,0.45,0.040000000000000036,0.006400000000000001,0.8392837761616706,3,8,0
8,3,145,0.8423720216897774,0.7806438241627338,0.8944013949390892,0.8993561758372661,0.879580701153948,0.45,0.04,0.006400000000000001,0.5481936724118285,3,8,0
8,3,146,0.8669675826104054,0.7806438241627338,0.8944013949390892,0.8993561758372661,1.018901031385006,0.45,0.040000000000000036,0.0063999999999999994,0.6033521469795833,3,8,0
8,3,147,0.862179624646402,0.7806438241627338,0.8944013949390892,0.8993561758372661,0.9453524639127023,0.45000000000000007,0.04000000000000005,0.0064,0.8894759530825773,3,8,0
8,3,148,0.8710419595697566,0.7806438241627338,0.8944013949390892,0.8993561758372661,0.8915336308883317,0.45,0.04000000000000002,0.0063999999999999994,0.9354817792528377,3,8,0
8,3,149,0.851046549584064,0.7806438241627338,0.8944013949390892,0.8993561758372661,1.0033567486069561,0.45000000000000007,0.03999999999999998,0.0063999999999999994,0.605007360097188,3,8,0
12,5,0,0.8553151563104983,0.7806438241627338,0.8944013949390892,0.8993561758372661,0.9074094174437496,0.45,0.04000000000000001,0.006400000000000001,0.9705629563032355,5,12,0
12,5,1,0.8505937225307278,0.7806438241627338,0.8944013949390892,0.8993561758372661,1.1014152696781356,0.45,0.03999999999999998,0.006400000000000001,0.7644848693479721,5,12,0
12,5,2,0.8465993101010912,0.7806438241627338,0.8944013949390892,0.8993561758372661,1.1715353445060237,0.4500000000000001,0.04000000000000005,0.0063999999999999994,0.8467960366808052,5,12,0
12,5,3,0.8528351630177131,0.7806438241627338,0.8944013949390892,0.8993561758372661,0.9478932731313136,0.45,0.03999999999999999,0.0064,0.7569309478776243,5,12,0
12,5,4,0.8566245901005576,0.7806438241627338,0.8944013949390892,0.8993561758372661,1.0100355923899522,0.45,0.040000000000000036,0.006400000000000002,0.8432450032587611,5,12,0
12,5,5,0.8446530686579539,0.7806438241627338,0.8944013949390892,0.8993561758372661,1.0295333508745972,0.45000000000000007,0.039999999999999945,0.0064,0.7569759125249489,5,12,0
12,5,6,0.84753121394806,0.7806438241627338,0.8944013949390892,0.8993561758372661,1.081091668280324,0.45,0.03999999999999999,0.0063999999999999994,0.7465920119139486,5,12,0
12,5,7,0.8554890958123035,0.7806438241627338,0.8944013949390892,0.8993561758372661,0.924933384834831,0.45000000000000007,0.039999999999999966,0.0063999999999999994,0.7425549371981918,5,12,0
12,5,8,0.8389617854484169,0.7806438241627338,0.8944013949390892,0.8993561758372661,0.9406072543830986,0.44999999999999996,0.04000000000000005,0.0063999999999999994,0.8429120892133598,5,12,0
12,5,9,0.8481327359201855,0.7806438241627338,0.8944013949390892,0.8993561758372661,0.9023542629519058,0.4499999999999999,0.04000000000000001,0.006400000000000002,0.7561648934071041,5,12,0
12,5,10,0.8500689027994413,0.7806438241627338,0.8944013949390892,0.8993561758372661,0.9492841753061109,0.4500000000000001,0.04000000000000001,0.0064,0.8677155704483778,5,12,0
12,5,11,0.865519127821264,0.7806438241627338,0.8944013949390892,0.8993561758372661,1.1174323063719362,0.45,0.04000000000000002,0.006400000000000001,0.5904436939267641,5,12,0
12,5,12,0.8458479344936776,0.7806438241627338,0.8944013949390892,0.8993561758372661,1.045945512283621,0.45,0.040000000000000056,0.0063999999999999994,0.9525888329163134,5,12,0
12,5,13,0.8591774864830414,0.7806438241627338,0.8944013949390892,0.8993561758372661,1.0857316530661743,0.45,0.04000000000000001,0.006400000000000001,0.5320552708412075,5,12,0
12,5,14,0.8452346649469804,0.7806438241627338,0.8944013949390892,0.8993561758372661,0.8920535936085555,0.44999999999999996,0.039999999999999966,0.0064,0.5581067390508736,5,12,0
12,5,15,0.8444510414720181,0.7806438241627338,0.8944013949390892,0.8993561758372661,0.8871803962569488,0.45000000000000007,0.04000000000000002,0.006400000000000002,1.012585810097271,5,12,0
12,5,16,0.853348227888026,0.7806438241627338,0.8944013949390892,0.8993561758372661,0.9066818369905322,0.45,0.039999999999999966,0.006400000000000002,0.8573683455003596,5,12,0
12,5,17,0.8414842517826705,0.7806438241627338,0.8944013949390892,0.8993561758372661,0.8809064874719301,0.44999999999999996,0.03999999999999999,0.006399999999999999,0.8337465212843872,5,12,0
12,5,18,0.8572154771386785,0.7806438241627338,0.8944013949390892,0.8993561758372661,1.2207820106372609,0.45000000000000007,0.03999999999999996,0.0064,0.8837778709676066,5,12,0
12,5,19,0.8504388677414562,0.7806438241627338,0.8944013949390892,0.8993561758372661,0.9767305553813036,0.44999999999999996,0.04000000000000004,0.006399999999999999,0.4703981527485802,5,12,0
12,5,20,0.8498253025257383,0.7806438241627338,0.8944013949390892,0.8993561758372661,0.8987766212333476,0.44999999999999996,0.04000000000000004,0.006400000000000001,0.7768574307595776,5,12,0
12,5,21,0.8509061138564482,0.7806438241627338,0.8944013949390892,0.8993561758372661,1.1112906491872645,0.45,0.03999999999999998,0.006399999999999999,0.7337749945144264,5,12,0
12,5,22,0.8470493143653586,0.7806438241627338,0.8944013949390892,0.8993561758372661,1.033953504684038,0.4499999999999999,0.03999999999999995,0.0064,0.970982503547168,5,12,0
12,5,23,0.8521731004416376,0.7806438241627338,0.8944013949390892,0.8993561758372661,1.0823668923736045,0.44999999999999996,0.04000000000000002,0.006400000000000002,0.9244226693322669,5,12,0
12,5,24,0.8593125590958302,0.7806438241627338,0.8944013949390892,0.8993561758372661,1.249749429992185,0.45000000000000007,0.03999999999999998,0.006400000000000001,0.7891053609033736,5,12,0
12,5,25,0.8437760647991558,0.7806438241627338,0.8944013949390892,0.8993561758372661,0.9131332923507091,0.44999999999999996,0.039999999999999994,0.006400000000000001,0.7729096538991581,5,12,0
12,5,26,0.8543280498984758,0.7806438241627338,0.8944013949390892,0.8993561758372661,0.8962173240891423,0.45000000000000007,0.04000000000000005,0.006400000000000002,0.7511517046993839,5,12,0
12,5,27,0.8503160253602894,0.7806438241627338,0.8944013949390892,0.8993561758372661,1.037961524184538,0.45,0.040000000000000036,0.0064,0.5442629983913326,5,12,0
12,5,28,0.8404226433691742,0.7806438241627338,0.8944013949390892,0.8993561758372661,0.8876831026831304,0.45,0.040000000000000036,0.0064,0.6492858374601664,5,12,0
12,5,29,0.8573889441492548,0.7806438241627338,0.8944013949390892,0.8993561758372661,0.9001649888088226,0.44999999999999996,0.039999999999999966,0.006400000000000001,0.7758753454748927,5,12,0
12,5,30,0.8412671643942748,0.7806438241627338,0.8944013949390892,0.8993561758372661,0.9383138809973323,0.44999999999999996,0.039999999999999994,0.0064,0.7870823162600865,5,12,0
12,5,31,0.851465284475049,0.7806438241627338,0.8944013949390892,0.8993561758372661,0.8891835914690339,0.45000000000000007,0.040000000000000015,0.006400000000000001,1.0503792767392242,5,12,0
12,5,32,0.8474875274071517,0.7806438241627338,0.8944013949390892,0.8993561758372661,0.8943091399383882,0.44999999999999996,0.039999999999999994,0.0063999999999999994,1.0014969137541476,5,12,0
12,5,33,0.8426624686992277,0.7806438241627338,0.8944013949390892,0.8993561758372661,1.3700135274494918,0.4500000000000001,0.04000000000000001,0.0063999999999999994,1.1508990459661081,5,12,0
12,5,34,0.8429253704611014,0.7806438241627338,0.8944013949390892,0.8993561758372661,1.2736345169845398,0.45,0.039999999999999966,0.006399999999999999,0.44873926714966306,5,12,0
12,5,35,0.8542773106415287,0.7806438241627338,0.8944013949390892,0.8993561758372661,0.901955355220037,0.44999999999999996,0.040000000000000036,0.006400000000000003,0.6784677994280393,5,12,0
12,5,36,0.8460697405157999,0.7806438241627338,0.8944013949390892,0.8993561758372661,1.3503518716311587,0.4500000000000001,0.040000000000000015,0.006400000000000001,0.8282891027835265,5,12,0
12,5,37,0.8507914640028205,0.7806438241627338,0.8944013949390892,0.8993561758372661,1.2710459140806896,0.45,0.03999999999999995,0.0064,0.8392892648468431,5,12,0
12,5,38,0.8505957783128668,0.7806438241627338,0.8944013949390892,0.8993561758372661,0.8925983516252747,0.45000000000000007,0.03999999999999998,0.006399999999999999,0.8042886510515312,5,12,0
12,5,39,0.8485017006721319,0.7806438241627338,0.8944013949390892,0.8993561758372661,0.8968195141197169,0.44999999999999996,0.039999999999999994,0.006399999999999998,0.724412200414827,5,12,0
12,5,40,0.8587229039445498,0.7806438241627338,0.8944013949390892,0.8993561758372661,1.1648571210962575,0.44999999999999996,0.040000000000000056,0.006400000000000001,0.449129576648066,5,12,0
12,5,41,0.8471267285227547,0.7806438241627338,0.8944013949390892,0.8993561758372661,0.8983357270225589,0.45000000000000007,0.040000000000000056,0.0063999999999999994,0.9589751481556634,5,12,0
12,5,42,0.8580144642921006,0.7806438241627338,0.8944013949390892,0.8993561758372661,1.2406347839559246,0.45,0.04000000000000005,0.006400000000000001,0.7712032015712518,5,12,0
12,5,43,0.8576106391589251,0.7806438241627338,0.8944013949390892,0.8993561758372661,0.9036181744581477,0.45,0.039999999999999994,0.0064,0.41676099184465276,5,12,0
12,5,44,0.8527232979406083,0.7806438241627338,0.8944013949390892,0.8993561758372661,0.9651322681460471,0.44999999999999996,0.040000000000000015,0.006400000000000002,0.5808231883248941,5,12,0
12,5,45,0.8518026515187056,0.7806438241627338,0.8944013949390892,0.8993561758372661,0.9158074103715215,0.44999999999999996,0.04000000000000002,0.0064,0.7710472914390015,5,12,0
12,5,46,0.8469548675100367,0.7806438241627338,0.8944013949390892,0.8993561758372661,0.9038548032380781,0.45,0.03999999999999998,0.0064,0.5911556707143062,5,12,0
12,5,47,0.8439040088499339,0.7806438241627338,0.8944013949390892,0.8993561758372661,1.0928069391483992,0.44999999999999996,0.040000000000000036,0.006400000000000001,0.8216739935885843,5,12,0
12,5,48,0.8422329394463726,0.7806438241627338,0.8944013949390892,0.8993561758372661,1.1105472658898248,0.4499999999999999,0.03999999999999996,0.0064,1.0361767438841791,5,12,0
12,5,49,0.856681134513321,0.7806438241627338,0.8944013949390892,0.8993561758372661,0.8842389207071791,0.4499999999999999,0.040000000000000036,0.0063999999999999994,0.6509228300727028,5,12,0
12,5,50,0.8503024766737923,0.7806438241627338,0.8944013949390892,0.8993561758372661,0.8839107553204745,0.44999999999999996,0.04000000000000003,0.0063999999999999994,0.725325561483786,5,12,0
12,5,51,0.8509653042426208,0.7806438241627338,0.8944013949390892,0.8993561758372661,1.0535720585447466,0.45,0.039999999999999966,0.006400000000000001,0.6922343735258295,5,12,0
12,5,52,0.8470010927275248,0.7806438241627338,0.8944013949390892,0.8993561758372661,0.9145773746630986,0.45,0.04,0.0063999999999999994,0.8486296729121636,5,12,0
12,5,53,0.8605802549640863,0.7806438241627338,0.8944013949390892,0.8993561758372661,0.9011347100871255,0.45000000000000007,0.039999999999999966,0.006400000000000001,0.5652306438560472,5,12,0
12,5,54,0.853190813857825,0.7806438241627338,0.8944013949390892,0.8993561758372661,0.8802015254539944,0.4500000000000001,0.040000000000000015,0.006400000000000003,0.9385386090914194,5,12,0
12,5,55,0.8657910570075731,0.7806438241627338,0.8944013949390892,0.8993561758372661,0.9348024618660531,0.44999999999999996,0.04000000000000004,0.0064,0.2912720261094178,5,12,0
12,5,56,0.8492205483737323,0.7806438241627338,0.8944013949390892,0.8993561758372661,0.951808699227127,0.44999999999999996,0.04000000000000001,0.0064,0.9475613852637872,5,12,0
12,5,57,0.8543947741595803,0.7806438241627338,0.8944013949390892,0.8993561758372661,0.9455643522690635,0.45,0.04000000000000003,0.0063999999999999994,0.68242730025979,5,12,0
12,5,58,0.8620499420893611,0.7806438241627338,0.8944013949390892,0.8993561758372661,0.9820130713623108,0.45000000000000007,0.04000000000000003,0.0063999999999999994,0.6143310810387318,5,12,0
12,5,59,0.8459517872131018,0.7806438241627338,0.8944013949390892,0.8993561758372661,1.2025439747152267,0.44999999999999996,0.03999999999999999,0.006399999999999997,0.9897451296724828,5,12,0
12,5,60,0.8435496657863152,0.7806438241627338,0.8944013949390892,0.8993561758372661,0.899692854410892,0.45,0.04000000000000005,0.006400000000000001,0.8563466467998787,5,12,0
12,5,61,0.8526998294831553,0.7806438241627338,0.8944013949390892,0.8993561758372661,0.9147334927569711,0.45000000000000007,0.03999999999999998,0.0064,0.6055705931869956,5,12,0
12,5,62,0.85786695504587,0.7806438241627338,0.8944013949390892,0.8993561758372661,0.8911265580722357,0.45000000000000007,0.039999999999999966,0.0064,0.7858201735083079,5,12,0
12,5,63,0.8534993771416086,0.7806438241627338,0.8944013949390892,0.8993561758372661,0.9074349370863524,0.45,0.039999999999999966,0.006399999999999999,0.9403560245926712,5,12,0
12,5,64,0.8581613253139534,0.7806438241627338,0.8944013949390892,0.8993561758372661,0.8910101894794726,0.4499999999999999,0.04000000000000002,0.006400000000000002,0.5380653542687843,5,12,0
12,5,65,0.851625281313225,0.7806438241627338,0.8944013949390892,0.8993561758372661,0.9844312960418726,0.44999999999999984,0.03999999999999995,0.006400000000000001,0.9091005809870231,5,12,0
12,5,66,0.8555821879830234,0.7806438241627338,0.8944013949390892,0.8993561758372661,0.8944798551962003,0.44999999999999996,0.04,0.0063999999999999994,0.6205815584962698,5,12,0
12,5,67,0.8528048300067395,0.7806438241627338,0.8944013949390892,0.8993561758372661,0.894007522989869,0.4500000000000001,0.04000000000000001,0.0063999999999999994,0.9219368286182178,5,12,0
12,5,68,0.8578824780833899,0.7806438241627338,0.8944013949390892,0.8993561758372661,0.8799434873795242,0.45,0.03999999999999998,0.006399999999999999,0.8020209785132544,5,12,0
12,5,69,0.8520473599822085,0.7806438241627338,0.8944013949390892,0.8993561758372661,0.8907102102513931,0.4500000000000001,0.03999999999999999,0.0064,0.7026535462865929,5,12,0
12,5,70,0.8465158719599529,0.7806438241627338,0.8944013949390892,0.8993561758372661,0.9271411950623337,0.45,0.03999999999999999,0.006400000000000001,0.6084831360884967,5,12,0
12,5,71,0.8538110119359127,0.7806438241627338,0.8944013949390892,0.8993561758372661,0.9302502419635433,0.45000000000000007,0.04000000000000002,0.006399999999999999,0.8477248300462775,5,12,0
12,5,72,0.8513339802401516,0.7806438241627338,0.8944013949390892,0.8993561758372661,0.8956237316598554,0.44999999999999996,0.040000000000000036,0.006400000000000001,1.007209707490444,5,12,0
12,5,73,0.8401262027541728,0.7806438241627338,0.8944013949390892,0.8993561758372661,0.9706898118933208,0.44999999999999996,0.04000000000000004,0.0064,0.82561048782764,5,12,0
12,5,74,0.8456014883653413,0.7806438241627338,0.8944013949390892,0.8993561758372661,1.1365187607807394,0.45000000000000007,0.03999999999999996,0.006400000000000001,0.9833617209833548,5,12,0
12,5,75,0.8487470655075379,0.7806438241627338,0.8944013949390892,0.8993561758372661,0.9931588444396366,0.45,0.039999999999999966,0.0064,0.3939941011650724,5,12,0
12,5,76,0.8438826519232135,0.7806438241627338,0.8944013949390892,0.8993561758372661,0.8855806054447324,0.45,0.040000000000000056,0.0063999999999999994,1.0387859052230497,5,12,0
12,5,77,0.8498234866287483,0.7806438241627338,0.8944013949390892,0.8993561758372661,0.8678597281803186,0.45000000000000007,0.040000000000000056,0.006399999999999999,0.6342967226074203,5,12,0
12,5,78,0.8513459090999176,0.7806438241627338,0.8944013949390892,0.8993561758372661,1.2653564176652414,0.44999999999999996,0.04000000000000003,0.006400000000000001,0.7831084704228515,5,12,0
12,5,79,0.8494867188936561,0.7806438241627338,0.8944013949390892,0.8993561758372661,1.3327022706153124,0.44999999999999996,0.04000000000000001,0.0064,0.9312285586652083,5,12,0
12,5,80,0.8452792035422653,0.7806438241627338,0.8944013949390892,0.8993561758372661,0.9115199492166315,0.4499999999999999,0.04000000000000005,0.006399999999999999,0.8835567395418196,5,12,0
12,5,81,0.8544783719925088,0.7806438241627338,0.8944013949390892,0.8993561758372661,0.8920286483897453,0.45,0.04000000000000005,0.0064,0.7564899473794829,5,12,0
12,5,82,0.8466405308544191,0.7806438241627338,0.8944013949390892,0.8993561758372661,1.063580264754512,0.44999999999999996,0.039999999999999945,0.0063999999999999994,0.9350438461476219,5,12,0
12,5,83,0.8436924592666458,0.7806438241627338,0.8944013949390892,0.8993561758372661,0.8997379832075714,0.45000000000000007,0.04000000000000002,0.006400000000000001,0.8633007825763671,5,12,0
12,5,84,0.8531756915504258,0.7806438241627338,0.8944013949390892,0.8993561758372661,1.2386200963208611,0.45000000000000007,0.040000000000000036,0.0063999999999999994,0.4991703130332512,5,12,0
12,5,85,0.8491856044845318,0.7806438241627338,0.8944013949390892,0.8993561758372661,1.0448105005674997,0.45000000000000007,0.04000000000000001,0.0064,0.8974388149420279,5,12,0
12,5,86,0.8667314631043268,0.7806438241627338,0.8944013949390892,0.8993561758372661,0.94101773092178,0.45,0.03999999999999999,0.0064,0.4724036275063365,5,12,0
12,5,87,0.8502345707330051,0.7806438241627338,0.8944013949390892,0.8993561758372661,0.9155327829462687,0.45,0.04000000000000002,0.006399999999999998,0.8216063125087256,5,12,0
12,5,88,0.8505280541163849,0.7806438241627338,0.8944013949390892,0.8993561758372661,1.1449007409667904,0.45,0.039999999999999994,0.0063999999999999994,0.9264277970778748,5,12,0
12,5,89,0.8337036755353738,0.7806438241627338,0.8944013949390892,0.8993561758372661,1.2706156290247625,0.4499999999999998,0.04000000000000005,0.006400000000000001,0.6889945941298984,5,12,0
12,5,90,0.8573914749219584,0.7806438241627338,0.8944013949390892,0.8993561758372661,1.230598999368224,0.44999999999999996,0.03999999999999999,0.006399999999999999,0.5901436218175223,5,12,0
12,5,91,0.8510695441120396,0.7806438241627338,0.8944013949390892,0.8993561758372661,1.1189769154997007,0.44999999999999996,0.040000000000000036,0.006399999999999999,0.8363854141951143,5,12,0
12,5,92,0.8557401325873232,0.7806438241627338,0.8944013949390892,0.8993561758372661,1.0381123922915345,0.4499999999999999,0.03999999999999998,0.0063999999999999994,0.6487123665419263,5,12,0
12,5,93,0.8521819629063474,0.7806438241627338,0.8944013949390892,0.8993561758372661,1.1960312287398798,0.44999999999999996,0.03999999999999999,0.0064,0.6668996306524162,5,12,0
12,5,94,0.8482240825422575,0.7806438241627338,0.8944013949390892,0.8993561758372661,0.9867409170031157,0.45000000000000007,0.03999999999999998,0.006400000000000002,0.6466984780902926,5,12,0
12,5,95,0.8544757706501894,0.7806438241627338,0.8944013949390892,0.8993561758372661,0.9000231757420984,0.45,0.04000000000000005,0.006400000000000002,0.895119128996031,5,12,0
12,5,96,0.8527372703105585,0.7806438241627338,0.8944013949390892,0.8993561758372661,0.9080480657215134,0.45000000000000007,0.04000000000000003,0.006399999999999998,0.6520779208632589,5,12,0
12,5,97,0.8478208176018559,0.7806438241627338,0.8944013949390892,0.8993561758372661,0.9593311871360357,0.44999999999999996,0.039999999999999994,0.006400000000000001,0.8443241419844414,5,12,0
12,5,98,0.8448748150825065,0.7806438241627338,0.8944013949390892,0.8993561758372661,1.0305581135290502,0.45,0.03999999999999996,0.006400000000000001,0.9940899371814809,5,12,0
12,5,99,0.8567097812531475,0.7806438241627338,0.8944013949390892,0.8993561758372661,1.2856140705609618,0.45000000000000007,0.04000000000000002,0.0063999999999999994,1.1087503881912242,5,12,0
12,5,100,0.8489646678068965,0.7806438241627338,0.8944013949390892,0.8993561758372661,1.257967382264293,0.44999999999999996,0.039999999999999994,0.006400000000000001,0.9422119373701076,5,12,0
12,5,101,0.846393048664122,0.7806438241627338,0.8944013949390892,0.8993561758372661,0.9113815921791795,0.44999999999999996,0.04000000000000002,0.006399999999999997,0.8081212763918769,5,12,0
12,5,102,0.849235761276816,0.7806438241627338,0.8944013949390892,0.8993561758372661,1.0584869446151763,0.45000000000000007,0.03999999999999998,0.0063999999999999994,0.8015957799821527,5,12,0
12,5,103,0.8461876512193874,0.7806438241627338,0.8944013949390892,0.8993561758372661,0.9352917746599225,0.45,0.039999999999999994,0.006400000000000002,1.086120165919244,5,12,0
12,5,104,0.8589848411277988,0.7806438241627338,0.8944013949390892,0.8993561758372661,0.9062531891309463,0.44999999999999996,0.040000000000000056,0.006400000000000001,0.5975342328978619,5,12,0
12,5,105,0.8558924846107758,0.7806438241627338,0.8944013949390892,0.8993561758372661,1.115360269207068,0.44999999999999996,0.04000000000000001,0.0064,0.6691459595450611,5,12,0
12,5,106,0.8543486571866054,0.7806438241627338,0.8944013949390892,0.8993561758372661,0.8929490183525655,0.45,0.04000000000000005,0.006400000000000001,0.5190803052566749,5,12,0
12,5,107,0.8559419102278201,0.7806438241627338,0.8944013949390892,0.8993561758372661,0.912565208570141,0.45,0.04000000000000002,0.006400000000000001,0.6588713027951567,5,12,0
12,5,108,0.8468466783109327,0.7806438241627338,0.8944013949390892,0.8993561758372661,0.8989572537443754,0.4499999999999999,0.03999999999999999,0.006400000000000002,1.0727446746710825,5,12,0
12,5,109,0.8552529494148355,0.7806438241627338,0.8944013949390892,0.8993561758372661,1.1927915275134788,0.45,0.04000000000000005,0.006400000000000005,0.6807117439985853,5,12,0
12,5,110,0.8393372071161009,0.7806438241627338,0.8944013949390892,0.8993561758372661,0.935057307746,0.4499999999999999,0.040000000000000036,0.006400000000000001,0.835409014484654,5,12,0
12,5,111,0.8519940424965302,0.7806438241627338,0.8944013949390892,0.8993561758372661,1.0707377745987572,0.45000000000000007,0.040000000000000015,0.006400000000000001,0.7891201884318066,5,12,0
12,5,112,0.8489293926816684,0.7806438241627338,0.8944013949390892,0.8993561758372661,0.9472309337440504,0.44999999999999996,0.040000000000000036,0.006400000000000001,0.935546078760436,5,12,0
12,5,113,0.8541430501392137,0.7806438241627338,0.8944013949390892,0.8993561758372661,0.9387034895190924,0.45,0.040000000000000056,0.0063999999999999994,1.2452183693638472,5,12,0
12,5,114,0.8415277187726474,0.7806438241627338,0.8944013949390892,0.8993561758372661,0.9071262742893761,0.45000000000000007,0.040000000000000036,0.006400000000000003,0.8310475324349137,5,12,0
12,5,115,0.8450865907316051,0.7806438241627338,0.8944013949390892,0.8993561758372661,1.206426832694582,0.45000000000000007,0.039999999999999994,0.006400000000000001,0.7651319135088605,5,12,0
12,5,116,0.8479797420951901,0.7806438241627338,0.8944013949390892,0.8993561758372661,1.1644069627068345,0.44999999999999996,0.04000000000000001,0.006400000000000002,0.7285496576442094,5,12,0
12,5,117,0.8458535020411705,0.7806438241627338,0.8944013949390892,0.8993561758372661,1.1706252230548533,0.44999999999999996,0.03999999999999995,0.0064,0.8640921855860577,5,12,0
12,5,118,0.8487846301853361,0.7806438241627338,0.8944013949390892,0.8993561758372661,0.9175774391522648,0.45000000000000007,0.03999999999999994,0.006400000000000001,0.7581692657279512,5,12,0
12,5,119,0.8531125491054071,0.7806438241627338,0.8944013949390892,0.8993561758372661,0.9380962595223464,0.44999999999999996,0.03999999999999995,0.006400000000000003,0.9192348289530622,5,12,0
12,5,120,0.8537236018807841,0.7806438241627338,0.8944013949390892,0.8993561758372661,1.2356616453685088,0.45,0.04000000000000005,0.006400000000000001,0.8164974435327133,5,12,0
12,5,121,0.8603701572576268,0.7806438241627338,0.8944013949390892,0.8993561758372661,1.1492025854654841,0.44999999999999996,0.040000000000000036,0.006400000000000003,0.49574267077913925,5,12,0
12,5,122,0.8544027630185422,0.7806438241627338,0.8944013949390892,0.8993561758372661,1.2340716736095425,0.45000000000000007,0.04000000000000005,0.0064,0.710074668295978,5,12,0
12,5,123,0.8456893253853863,0.7806438241627338,0.8944013949390892,0.8993561758372661,0.8934868527006999,0.45,0.03999999999999995,0.0063999999999999994,0.8811317925478078,5,12,0
12,5,124,0.843737937648641,0.7806438241627338,0.8944013949390892,0.8993561758372661,1.0281683207260117,0.45000000000000007,0.04,0.0063999999999999994,0.601419311534874,5,12,0
12,5,125,0.8474478631000653,0.7806438241627338,0.8944013949390892,0.8993561758372661,0.9097156781996365,0.45,0.039999999999999966,0.0064,0.7067332892384236,5,12,0
12,5,126,0.8551938123102778,0.7806438241627338,0.8944013949390892,0.8993561758372661,0.8838865780996037,0.45000000000000007,0.039999999999999994,0.006400000000000001,0.8140198792588523,5,12,0
12,5,127,0.8458032610110906,0.7806438241627338,0.8944013949390892,0.8993561758372661,0.9154914071564643,0.45000000000000007,0.039999999999999966,0.006400000000000001,0.8222767774442504,5,12,0
12,5,128,0.861641224143982,0.7806438241627338,0.8944013949390892,0.8993561758372661,1.1615970907234399,0.45000000000000007,0.040000000000000056,0.0063999999999999994,0.7330464919987513,5,12,0
12,5,129,0.855509302852644,0.7806438241627338,0.8944013949390892,0.8993561758372661,0.9043726949268646,0.45000000000000007,0.040000000000000036,0.006399999999999999,0.6687242893928802,5,12,0
12,5,130,0.8542257052018752,0.7806438241627338,0.8944013949390892,0.8993561758372661,1.0861248968129023,0.4499999999999999,0.039999999999999994,0.006400000000000001,0.8284577785882582,5,12,0
12,5,131,0.8483215114620147,0.7806438241627338,0.8944013949390892,0.8993561758372661,0.9277046100276426,0.45000000000000007,0.03999999999999997,0.006399999999999999,0.9043263557081932,5,12,0
12,5,132,0.8382188750645024,0.7806438241627338,0.8944013949390892,0.8993561758372661,0.8943603515431314,0.44999999999999996,0.04000000000000005,0.006400000000000001,0.7785800144953504,5,12,0
12,5,133,0.8502343123329372,0.7806438241627338,0.8944013949390892,0.8993561758372661,0.9051583456073814,0.45,0.039999999999999994,0.0064,0.803955404959715,5,12,0
12,5,134,0.8537695856131559,0.7806438241627338,0.8944013949390892,0.8993561758372661,1.1881578331183535,0.44999999999999996,0.04000000000000005,0.006399999999999999,0.5989207293877492,5,12,0
12,5,135,0.8540082103875936,0.7806438241627338,0.8944013949390892,0.8993561758372661,1.0272593291632197,0.45000000000000007,0.04000000000000001,0.0063999999999999994,0.6989110908537663,5,12,0
12,5,136,0.8556284218411669,0.7806438241627338,0.8944013949390892,0.8993561758372661,0.9219996430221918,0.45,0.04000000000000005,0.006400000000000003,0.5427487375159232,5,12,0
12,5,137,0.8545569024820959,0.7806438241627338,0.8944013949390892,0.8993561758372661,0.9592285476114287,0.44999999999999996,0.04000000000000005,0.0064,0.7802464306519097,5,12,0
12,5,138,0.852101191751672,0.7806438241627338,0.8944013949390892,0.8993561758372661,0.9212459959269615,0.45,0.03999999999999997,0.006400000000000003,0.7755696937608236,5,12,0
12,5,139,0.8526998491092196,0.7806438241627338,0.8944013949390892,0.8993561758372661,1.084218596657089,0.44999999999999996,0.03999999999999997,0.0064,0.6825896362927334,5,12,0
12,5,140,0.8538112661133446,0.7806438241627338,0.8944013949390892,0.8993561758372661,0.9337656587080887,0.45000000000000007,0.04000000000000001,0.006400000000000001,1.0177006294446997,5,12,0
12,5,141,0.8508843726883791,0.7806438241627338,0.8944013949390892,0.8993561758372661,1.0262352028371085,0.45,0.039999999999999945,0.0064,0.8950317640438047,5,12,0
12,5,142,0.8579140323595754,0.7806438241627338,0.8944013949390892,0.8993561758372661,0.899347977794613,0.45000000000000007,0.03999999999999995,0.0063999999999999994,0.6322706494943838,5,12,0
12,5,143,0.8445936622398635,0.7806438241627338,0.8944013949390892,0.8993561758372661,0.8949283937883441,0.44999999999999996,0.040000000000000056,0.0063999999999999994,0.8342968750150553,5,12,0
12,5,144,0.855738848798183,0.7806438241627338,0.8944013949390892,0.8993561758372661,1.2947488184220606,0.45,0.03999999999999995,0.0063999999999999994,0.8976872652994476,5,12,0
12,5,145,0.8649705558633621,0.7806438241627338,0.8944013949390892,0.8993561758372661,0.9853376447641812,0.45,0.04000000000000005,0.006400000000000003,0.6944208208653802,5,12,0
12,5,146,0.8516139411009744,0.7806438241627338,0.8944013949390892,0.8993561758372661,0.9098779107913035,0.4499999999999999,0.03999999999999996,0.0064,0.8739901521167187,5,12,0
12,5,147,0.8473599756008939,0.7806438241627338,0.8944013949390892,0.8993561758372661,0.961893474137595,0.45000000000000007,0.03999999999999997,0.006400000000000002,0.945306790344617,5,12,0
12,5,148,0.8556993060345284,0.7806438241627338,0.8944013949390892,0.8993561758372661,1.0908446760751214,0.45,0.03999999999999999,0.006400000000000002,0.8332304921774051,5,12,0
12,5,149,0.8531928899108222,0.7806438241627338,0.8944013949390892,0.8993561758372661,0.8970090372299429,0.44999999999999996,0.04000000000000001,0.0064,0.6796854081101272,5,12,0
16,7,0,0.8558064374924721,0.7806438241627338,0.8944013949390892,0.8993561758372661,1.1324548756703732,0.44999999999999996,0.040000000000000015,0.0064,0.4967814940956542,7,16,0
16,7,1,0.8425728907839732,0.7806438241627338,0.8944013949390892,0.8993561758372661,0.8899384305873806,0.4499999999999999,0.03999999999999999,0.006399999999999999,0.671849403826126,7,16,0
16,7,2,0.8499557001684597,0.7806438241627338,0.8944013949390892,0.8993561758372661,0.9619970832952653,0.45000000000000007,0.03999999999999995,0.0064,0.45137517247300674,7,16,0
16,7,3,0.8450989994087249,0.7806438241627338,0.8944013949390892,0.8993561758372661,0.9416267640276359,0.45,0.039999999999999966,0.006399999999999999,0.9725479718192827,7,16,0
16,7,4,0.8440040211869511,0.7806438241627338,0.8944013949390892,0.8993561758372661,0.9298143294595634,0.44999999999999996,0.03999999999999996,0.0063999999999999994,0.5876954249807207,7,16,0
16,7,5,0.843640544525279,0.7806438241627338,0.8944013949390892,0.8993561758372661,0.933629586286055,0.44999999999999996,0.039999999999999945,0.0064,0.838982179090782,7,16,0
16,7,6,0.8530156995017246,0.7806438241627338,0.8944013949390892,0.8993561758372661,0.9326370278382319,0.44999999999999996,0.03999999999999996,0.006400000000000002,0.5611537125942042,7,16,0
16,7,7,0.8449700714022744,0.7806438241627338,0.8944013949390892,0.8993561758372661,1.0732661735094915,0.4499999999999999,0.03999999999999996,0.006400000000000003,0.8405507423404963,7,16,0
16,7,8,0.8457247896453508,0.7806438241627338,0.8944013949390892,0.8993561758372661,0.8839064297831641,0.44999999999999996,0.03999999999999995,0.0064,0.7341471379769874,7,16,0
16,7,9,0.8503055205091037,0.7806438241627338,0.8944013949390892,0.8993561758372661,0.8914542627193698,0.45,0.03999999999999996,0.006400000000000002,0.5819218220624172,7,16,0
16,7,10,0.8544055445053123,0.7806438241627338,0.8944013949390892,0.8993561758372661,1.138244908300831,0.44999999999999996,0.039999999999999994,0.006400000000000002,0.6215985320924501,7,16,0
16,7,11,0.8492344692553147,0.7806438241627338,0.8944013949390892,0.8993561758372661,1.328095211042617,0.44999999999999996,0.039999999999999994,0.0063999999999999994,0.6583527377505282,7,16,0
16,7,12,0.8457357701518747,0.7806438241627338,0.8944013949390892,0.8993561758372661,1.0265495631643404,0.45,0.04,0.0063999999999999994,0.7289945721204037,7,16,0
16,7,13,0.8526902005178694,0.7806438241627338,0.8944013949390892,0.8993561758372661,0.9649574338365697,0.45000000000000007,0.04000000000000002,0.0063999999999999994,0.7761684485878805,7,16,0
16,7,14,0.8450988727903033,0.7806438241627338,0.8944013949390892,0.8993561758372661,0.9009297531607987,0.45000000000000007,0.03999999999999999,0.006400000000000001,0.7509711003511902,7,16,0
16,7,15,0.8501611831808085,0.7806438241627338,0.8944013949390892,0.8993561758372661,0.8928692480645799,0.45000000000000007,0.04000000000000003,0.006400000000000001,0.8388892831987068,7,16,0
16,7,16,0.8497055382362393,0.7806438241627338,0.8944013949390892,0.8993561758372661,0.890085751082136,0.44999999999999996,0.03999999999999997,0.0064,0.6803769119022038,7,16,0
16,7,17,0.8500497353089959,0.7806438241627338,0.8944013949390892,0.8993561758372661,0.8887503328423374,0.44999999999999996,0.03999999999999999,0.0063999999999999994,0.8522672288157895,7,16,0
16,7,18,0.8426342764706861,0.7806438241627338,0.8944013949390892,0.8993561758372661,1.0893471115892892,0.44999999999999996,0.04000000000000004,0.006399999999999999,0.6449783208764058,7,16,0
16,7,19,0.8509841554790479,0.7806438241627338,0.8944013949390892,0.8993561758372661,0.8900128226320713,0.45000000000000007,0.040000000000000015,0.0063999999999999994,0.6669236386701585,7,16,0
16,7,20,0.8556097547359576,0.7806438241627338,0.8944013949390892,0.8993561758372661,0.9274583911619699,0.45000000000000007,0.040000000000000036,0.006400000000000002,0.6512074480783067,7,16,0
16,7,21,0.8484691460762125,0.7806438241627338,0.8944013949390892,0.8993561758372661,0.9029900702046345,0.45,0.040000000000000036,0.006400000000000001,0.7780077076413671,7,16,0
16,7,22,0.8565120632812171,0.7806438241627338,0.8944013949390892,0.8993561758372661,1.2202348733370088,0.4500000000000001,0.04000000000000002,0.006400000000000001,0.3516933986945036,7,16,0
16,7,23,0.8513247353816785,0.7806438241627338,0.8944013949390892,0.8993561758372661,1.0232688104729566,0.45,0.04000000000000005,0.0064,0.5345969695650291,7,16,0
16,7,24,0.849484775329912,0.7806438241627338,0.8944013949390892,0.8993561758372661,0.9315084309885306,0.45,0.03999999999999994,0.0064,0.6725490182034367,7,16,0
16,7,25,0.8444243009496997,0.7806438241627338,0.8944013949390892,0.8993561758372661,0.9586007051711375,0.44999999999999996,0.03999999999999996,0.006400000000000001,0.7689157538324293,7,16,0
16,7,26,0.8518777084499423,0.7806438241627338,0.8944013949390892,0.8993561758372661,0.9696290614149387,0.45,0.04000000000000003,0.0063999999999999994,0.8006620171647671,7,16,0
16,7,27,0.8487186449481814,0.7806438241627338,0.8944013949390892,0.8993561758372661,1.322299315409582,0.44999999999999996,0.04000000000000002,0.0063999999999999994,0.676312045075396,7,16,0
16,7,28,0.8514382361212494,0.7806438241627338,0.8944013949390892,0.8993561758372661,0.8910374894750658,0.44999999999999996,0.03999999999999998,0.006399999999999999,0.8431257290741742,7,16,0
16,7,29,0.8558746593977583,0.7806438241627338,0.8944013949390892,0.8993561758372661,1.1335794991433594,0.45000000000000007,0.04000000000000001,0.0064,0.5468485574933505,7,16,0
16,7,30,0.8442891734347288,0.7806438241627338,0.8944013949390892,0.8993561758372661,0.9090357455603173,0.45000000000000007,0.039999999999999994,0.006400000000000002,0.7568885428362111,7,16,0
16,7,31,0.8513666636819672,0.7806438241627338,0.8944013949390892,0.8993561758372661,1.114887066778212,0.45000000000000007,0.04000000000000002,0.006399999999999998,0.7337984646595768,7,16,0
16,7,32,0.8440879942164057,0.7806438241627338,0.8944013949390892,0.8993561758372661,0.9026761951898244,0.45000000000000007,0.040000000000000036,0.006400000000000001,0.5173070513596565,7,16,0
16,7,33,0.8508627646053751,0.7806438241627338,0.8944013949390892,0.8993561758372661,1.0752960501017303,0.45000000000000007,0.03999999999999996,0.006399999999999999,0.5864386519840613,7,16,0
16,7,34,0.8463301171896385,0.7806438241627338,0.8944013949390892,0.8993561758372661,0.8886793917255741,0.45,0.04000000000000002,0.0064,0.6217513539196785,7,16,0
16,7,35,0.8443805147899156,0.7806438241627338,0.8944013949390892,0.8993561758372661,0.8797593315061167,0.45,0.04000000000000001,0.0064,0.6399520560803594,7,16,0
16,7,36,0.8464755565126741,0.7806438241627338,0.8944013949390892,0.8993561758372661,0.911692106375677,0.44999999999999996,0.04,0.006400000000000001,0.6545908857417965,7,16,0
16,7,37,0.8481421331256153,0.7806438241627338,0.8944013949390892,0.8993561758372661,0.904576589331081,0.45,0.039999999999999994,0.006400000000000002,0.8031368729711466,7,16,0
16,7,38,0.8474378099975117,0.7806438241627338,0.8944013949390892,0.8993561758372661,0.9668737796268594,0.45000000000000007,0.04000000000000001,0.006400000000000002,0.5552704425619036,7,16,0
16,7,39,0.8442131661321757,0.7806438241627338,0.8944013949390892,0.8993561758372661,0.9326234162891051,0.45000000000000007,0.039999999999999994,0.006400000000000001,0.898348315357954,7,16,0
16,7,40,0.8546629695684503,0.7806438241627338,0.8944013949390892,0.8993561758372661,1.257074194229379,0.45000000000000007,0.04000000000000003,0.006400000000000003,0.6641497714175465,7,16,0
16,7,41,0.8515560473196987,0.7806438241627338,0.8944013949390892,0.8993561758372661,1.2229702388187031,0.44999999999999996,0.039999999999999945,0.006400000000000001,0.6806754501914433,7,16,0
16,7,42,0.8510667428741628,0.7806438241627338,0.8944013949390892,0.8993561758372661,1.0132541167553253,0.44999999999999996,0.039999999999999994,0.0064,0.6713501034782655,7,16,0
16,7,43,0.8477900680729157,0.7806438241627338,0.8944013949390892,0.8993561758372661,1.3751696846581496,0.45,0.039999999999999994,0.006400000000000001,0.6950812170554359,7,16,0
16,7,44,0.8462317878327532,0.7806438241627338,0.8944013949390892,0.8993561758372661,0.9857960991807942,0.44999999999999996,0.04000000000000001,0.006399999999999998,0.6057491307865446,7,16,0
16,7,45,0.8447436247903836,0.7806438241627338,0.8944013949390892,0.8993561758372661,0.8901715070236906,0.45000000000000007,0.03999999999999995,0.006400000000000001,0.8575861737349033,7,16,0
16,7,46,0.8470670157641442,0.7806438241627338,0.8944013949390892,0.8993561758372661,0.9496637266974957,0.45,0.039999999999999994,0.006400000000000002,0.7093370542390152,7,16,0
16,7,47,0.8491756467358335,0.7806438241627338,0.8944013949390892,0.8993561758372661,0.9153695227626356,0.45,0.039999999999999945,0.0063999999999999994,0.7172859395184749,7,16,0
16,7,48,0.8464717478490278,0.7806438241627338,0.8944013949390892,0.8993561758372661,0.9289866576514642,0.45,0.040000000000000015,0.006400000000000001,0.862695861381506,7,16,0
16,7,49,0.8482282525048167,0.7806438241627338,0.8944013949390892,0.8993561758372661,0.9380538648054076,0.45000000000000007,0.03999999999999999,0.006399999999999999,0.559229480049332,7,16,0
16,7,50,0.8538904698574453,0.7806438241627338,0.8944013949390892,0.8993561758372661,0.9993759381601156,0.45,0.03999999999999999,0.006400000000000002,0.7247204916936822,7,16,0
16,7,51,0.8454831833754695,0.7806438241627338,0.8944013949390892,0.8993561758372661,0.9030139843094015,0.4500000000000001,0.039999999999999994,0.006400000000000001,0.663234490821718,7,16,0
16,7,52,0.8515361597858315,0.7806438241627338,0.8944013949390892,0.8993561758372661,0.8904780066988285,0.45,0.03999999999999999,0.006399999999999998,0.651584069526207,7,16,0
16,7,53,0.8475138229207456,0.7806438241627338,0.8944013949390892,0.8993561758372661,0.9438372947835613,0.44999999999999996,0.04000000000000004,0.0064,0.8199743008829428,7,16,0
16,7,54,0.8445948513299831,0.7806438241627338,0.8944013949390892,0.8993561758372661,1.328081782987388,0.45,0.03999999999999996,0.0063999999999999994,0.6728095633824049,7,16,0
16,7,55,0.8484083344948163,0.7806438241627338,0.8944013949390892,0.8993561758372661,1.043477652932421,0.45000000000000007,0.03999999999999997,0.0064,0.8548883149770736,7,16,0
16,7,56,0.8471411068918627,0.7806438241627338,0.8944013949390892,0.8993561758372661,0.9985784831948179,0.45,0.04000000000000004,0.006399999999999998,0.6239679759523468,7,16,0
16,7,57,0.8518773154295459,0.7806438241627338,0.8944013949390892,0.8993561758372661,1.2936354186461434,0.45000000000000007,0.039999999999999966,0.006399999999999999,0.7089842983455239,7,16,0
16,7,58,0.867392747351509,0.7806438241627338,0.8944013949390892,0.8993561758372661,0.9617020541502435,0.44999999999999996,0.04000000000000004,0.0064,0.4866122116637834,7,16,0
16,7,59,0.8498194634113007,0.7806438241627338,0.8944013949390892,0.8993561758372661,1.206675608510726,0.44999999999999996,0.04000000000000001,0.0064,0.6669120695039796,7,16,0
16,7,60,0.8483334456499178,0.7806438241627338,0.8944013949390892,0.8993561758372661,0.9057163903790064,0.44999999999999996,0.039999999999999945,0.0064,0.7275614990645323,7,16,0
16,7,61,0.8429638833134767,0.7806438241627338,0.8944013949390892,0.8993561758372661,0.9003576406399596,0.45,0.040000000000000015,0.0063999999999999994,0.7212719896262145,7,16,0
16,7,62,0.8466427699265703,0.7806438241627338,0.8944013949390892,0.8993561758372661,0.892485572618093,0.45,0.03999999999999996,0.006400000000000001,0.78478041512154,7,16,0
16,7,63,0.8429433859415951,0.7806438241627338,0.8944013949390892,0.8993561758372661,0.9507403586486909,0.44999999999999996,0.039999999999999994,0.006400000000000001,0.7082480728672961,7,16,0
16,7,64,0.8502001447622689,0.7806438241627338,0.8944013949390892,0.8993561758372661,0.9087538812746603,0.45000000000000007,0.03999999999999998,0.0063999999999999994,0.7001500723919721,7,16,0
16,7,65,0.8467800534273874,0.7806438241627338,0.8944013949390892,0.8993561758372661,0.9010661500622611,0.45,0.04000000000000005,0.0064,0.9094807971623994,7,16,0
16,7,66,0.8499737751799261,0.7806438241627338,0.8944013949390892,0.8993561758372661,0.9136390201323638,0.45,0.03999999999999998,0.0063999999999999994,0.8504834705725136,7,16,0
16,7,67,0.8525202875246471,0.7806438241627338,0.8944013949390892,0.8993561758372661,1.049569887854241,0.45,0.04,0.006400000000000001,0.7902244041615187,7,16,0
16,7,68,0.8482913456961773,0.7806438241627338,0.8944013949390892,0.8993561758372661,1.0248143909148817,0.44999999999999996,0.03999999999999996,0.0063999999999999994,0.4714722708706297,7,16,0
16,7,69,0.842495122786173,0.7806438241627338,0.8944013949390892,0.8993561758372661,0.8947807774485954,0.45000000000000007,0.039999999999999994,0.0064,0.7503431293786421,7,16,0
16,7,70,0.8503242831775993,0.7806438241627338,0.8944013949390892,0.8993561758372661,0.8881080221556834,0.45000000000000007,0.04000000000000005,0.0063999999999999994,0.6710727315748675,7,16,0
16,7,71,0.8537134219473363,0.7806438241627338,0.8944013949390892,0.8993561758372661,0.9113137029603734,0.45000000000000007,0.040000000000000056,0.006400000000000002,0.6661543866045662,7,16,0
16,7,72,0.8439613933277371,0.7806438241627338,0.8944013949390892,0.8993561758372661,1.131188221886333,0.45,0.03999999999999996,0.0064,0.5590774053288166,7,16,0
16,7,73,0.8434908324393855,0.7806438241627338,0.8944013949390892,0.8993561758372661,1.1961798948839886,0.45,0.03999999999999998,0.0063999999999999994,0.6699027741283697,7,16,0
16,7,74,0.8632482202326549,0.7806438241627338,0.8944013949390892,0.8993561758372661,0.8970914744647895,0.45,0.04000000000000004,0.006400000000000001,0.4230449537382281,7,16,0
16,7,75,0.8473419959691451,0.7806438241627338,0.8944013949390892,0.8993561758372661,0.9518558589316456,0.44999999999999996,0.039999999999999966,0.0064,0.5878794850767313,7,16,0
16,7,76,0.8481502271498016,0.7806438241627338,0.8944013949390892,0.8993561758372661,0.8873058998715243,0.45,0.04000000000000005,0.006400000000000001,0.8616483647188741,7,16,0
16,7,77,0.8468730244054714,0.7806438241627338,0.8944013949390892,0.8993561758372661,0.888426378773548,0.45000000000000007,0.04000000000000002,0.006399999999999999,0.667558702871849,7,16,0
16,7,78,0.853488958777714,0.7806438241627338,0.8944013949390892,0.8993561758372661,0.8901742944547327,0.45,0.04000000000000004,0.006400000000000002,0.7541396270233164,7,16,0
16,7,79,0.8464506943913025,0.7806438241627338,0.8944013949390892,0.8993561758372661,0.9124994675948338,0.44999999999999996,0.04000000000000004,0.0063999999999999994,0.7060013543373659,7,16,0
16,7,80,0.8462542237868149,0.7806438241627338,0.8944013949390892,0.8993561758372661,0.9181196357494416,0.45,0.04000000000000005,0.0064,0.7249942543110574,7,16,0
16,7,81,0.8513020033746553,0.7806438241627338,0.8944013949390892,0.8993561758372661,0.9638209609750188,0.44999999999999996,0.03999999999999999,0.0063999999999999994,0.7529843867345026,7,16,0
16,7,82,0.8506318695625611,0.7806438241627338,0.8944013949390892,0.8993561758372661,0.990633796119742,0.44999999999999996,0.03999999999999998,0.0063999999999999994,0.8342093121970784,7,16,0
16,7,83,0.848928697694131,0.7806438241627338,0.8944013949390892,0.8993561758372661,0.8826357784989609,0.44999999999999996,0.04000000000000002,0.0064,0.7875788142944178,7,16,0
16,7,84,0.8445160131714058,0.7806438241627338,0.8944013949390892,0.8993561758372661,0.8981373788196251,0.44999999999999996,0.04000000000000004,0.006400000000000001,0.7809796266040809,7,16,0
16,7,85,0.8422624127873338,0.7806438241627338,0.8944013949390892,0.8993561758372661,0.8904997778834459,0.44999999999999996,0.039999999999999966,0.006400000000000002,0.5448155346786206,7,16,0
16,7,86,0.851050966765151,0.7806438241627338,0.8944013949390892,0.8993561758372661,0.9047168001971244,0.45,0.04000000000000003,0.0064,0.733037712575991,7,16,0
16,7,87,0.8452099209416086,0.7806438241627338,0.8944013949390892,0.8993561758372661,0.9197282682526648,0.44999999999999996,0.03999999999999999,0.0064,0.6262686811454348,7,16,0
16,7,88,0.8545649426157536,0.7806438241627338,0.8944013949390892,0.8993561758372661,1.1337398560083707,0.44999999999999996,0.04000000000000005,0.006400000000000001,0.4499935375379283,7,16,0
16,7,89,0.8482603912042977,0.7806438241627338,0.8944013949390892,0.8993561758372661,1.3120456857856884,0.45000000000000007,0.040000000000000036,0.0064,0.7946309074142054,7,16,0
16,7,90,0.850841625076863,0.7806438241627338,0.8944013949390892,0.8993561758372661,1.215534553795561,0.44999999999999996,0.040000000000000056,0.0064,0.5865366783890357,7,16,0
16,7,91,0.8520762344271227,0.7806438241627338,0.8944013949390892,0.8993561758372661,1.0250758886151852,0.45000000000000007,0.03999999999999995,0.006399999999999999,0.7668415746519773,7,16,0
16,7,92,0.8475485327549062,0.7806438241627338,0.8944013949390892,0.8993561758372661,0.9496778496788899,0.45,0.040000000000000036,0.006400000000000001,0.7462652387772588,7,16,0
16,7,93,0.8466991135498019,0.7806438241627338,0.8944013949390892,0.8993561758372661,0.897654034251166,0.45000000000000007,0.04000000000000001,0.006400000000000001,0.8181964102453121,7,16,0
16,7,94,0.8487514926370605,0.7806438241627338,0.8944013949390892,0.8993561758372661,1.0777608787899022,0.45,0.04000000000000001,0.0064,0.8404061708530592,7,16,0
16,7,95,0.8562323981559345,0.7806438241627338,0.8944013949390892,0.8993561758372661,0.9023409682023108,0.44999999999999996,0.039999999999999966,0.0064,0.5506831152340609,7,16,0
16,7,96,0.8440829527011235,0.7806438241627338,0.8944013949390892,0.8993561758372661,0.8927458011395081,0.45,0.040000000000000015,0.0063999999999999994,0.8373990848607501,7,16,0
16,7,97,0.8512069550935798,0.7806438241627338,0.8944013949390892,0.8993561758372661,1.081925492750876,0.44999999999999996,0.04000000000000002,0.006400000000000001,0.6577458900125105,7,16,0
16,7,98,0.849591544888177,0.7806438241627338,0.8944013949390892,0.8993561758372661,0.9074099921154285,0.45,0.04,0.006399999999999999,0.8750703352684243,7,16,0
16,7,99,0.8449278626058597,0.7806438241627338,0.8944013949390892,0.8993561758372661,0.9566162296325655,0.45,0.04000000000000004,0.0063999999999999994,0.5671262064858651,7,16,0
16,7,100,0.8487196918013026,0.7806438241627338,0.8944013949390892,0.8993561758372661,0.9034046367448073,0.45000000000000007,0.040000000000000015,0.006400000000000001,0.7932810316110586,7,16,0
16,7,101,0.8491250946117807,0.7806438241627338,0.8944013949390892,0.8993561758372661,1.3588994945416237,0.45,0.039999999999999994,0.0063999999999999994,0.66676303815209,7,16,0
16,7,102,0.8484917312671194,0.7806438241627338,0.8944013949390892,0.8993561758372661,0.8926518514601526,0.44999999999999996,0.039999999999999945,0.006400000000000001,0.5776439950146983,7,16,0
16,7,103,0.8592741548184409,0.7806438241627338,0.8944013949390892,0.8993561758372661,0.9045027198168303,0.45000000000000007,0.03999999999999996,0.0064,0.6087223055638695,7,16,0
16,7,104,0.8525828044141263,0.7806438241627338,0.8944013949390892,0.8993561758372661,1.1434222274092667,0.45000000000000007,0.04000000000000005,0.006400000000000001,0.5705770332752765,7,16,0
16,7,105,0.8481319789775238,0.7806438241627338,0.8944013949390892,0.8993561758372661,0.9630033686961712,0.44999999999999996,0.03999999999999998,0.006400000000000001,0.7258386183001103,7,16,0
16,7,106,0.8532362389752332,0.7806438241627338,0.8944013949390892,0.8993561758372661,0.9969829046596861,0.45,0.04000000000000002,0.0063999999999999994,0.639142775897743,7,16,0
16,7,107,0.8510538932015934,0.7806438241627338,0.8944013949390892,0.8993561758372661,0.9739440784929214,0.44999999999999996,0.039999999999999966,0.0064,0.6158356124502479,7,16,0
16,7,108,0.8504673218121901,0.7806438241627338,0.8944013949390892,0.8993561758372661,0.9571132996521621,0.45,0.039999999999999966,0.0064,0.7147014865227608,7,16,0
16,7,109,0.8423319531198387,0.7806438241627338,0.8944013949390892,0.8993561758372661,1.2822589234512038,0.45,0.03999999999999997,0.006400000000000002,0.6778763530539335,7,16,0
16,7,110,0.8465838574107699,0.7806438241627338,0.8944013949390892,0.8993561758372661,1.1639521059635403,0.45,0.03999999999999998,0.0064,0.49652718042265764,7,16,0
16,7,111,0.8522131934443837,0.7806438241627338,0.8944013949390892,0.8993561758372661,1.1264921083044641,0.45000000000000007,0.039999999999999945,0.006400000000000001,0.4952648552313908,7,16,0
16,7,112,0.8533420372131502,0.7806438241627338,0.8944013949390892,0.8993561758372661,1.067120593118237,0.45,0.04000000000000005,0.006399999999999999,0.6526118565653849,7,16,0
16,7,113,0.8508012715359562,0.7806438241627338,0.8944013949390892,0.8993561758372661,0.8925532811902115,0.45,0.03999999999999996,0.006399999999999999,0.5689097472573305,7,16,0
16,7,114,0.8423470951870158,0.7806438241627338,0.8944013949390892,0.8993561758372661,1.1833034769984234,0.45,0.04,0.006399999999999999,0.7889152036040787,7,16,0
16,7,115,0.8598997244319262,0.7806438241627338,0.8944013949390892,0.8993561758372661,1.0088915721637868,0.4500000000000001,0.04000000000000001,0.006400000000000001,0.7740498908183059,7,16,0
16,7,116,0.846430901312167,0.7806438241627338,0.8944013949390892,0.8993561758372661,0.9462611261924184,0.44999999999999996,0.039999999999999966,0.0063999999999999994,0.8827344012628042,7,16,0
16,7,117,0.847902562192447,0.7806438241627338,0.8944013949390892,0.8993561758372661,1.2850977697372026,0.45000000000000007,0.040000000000000015,0.0064,0.8238226396721245,7,16,0
16,7,118,0.8475768855879583,0.7806438241627338,0.8944013949390892,0.8993561758372661,1.3254950593456498,0.44999999999999996,0.04000000000000002,0.006400000000000001,0.7413101924924876,7,16,0
16,7,119,0.8521947214267561,0.7806438241627338,0.8944013949390892,0.8993561758372661,0.935380287506786,0.44999999999999996,0.03999999999999995,0.006399999999999999,0.6996847872900305,7,16,0
16,7,120,0.845391681664351,0.7806438241627338,0.8944013949390892,0.8993561758372661,0.9101764441165593,0.45,0.04000000000000003,0.006399999999999998,0.7522489635005489,7,16,0
16,7,121,0.8496384331348928,0.7806438241627338,0.8944013949390892,0.8993561758372661,0.9806007819744447,0.45,0.040000000000000056,0.0063999999999999994,0.6173297451292121,7,16,0
16,7,122,0.8500934629408353,0.7806438241627338,0.8944013949390892,0.8993561758372661,0.9181713300517272,0.45000000000000007,0.039999999999999994,0.006400000000000001,0.4875363461035295,7,16,0
16,7,123,0.8552476710003696,0.7806438241627338,0.8944013949390892,0.8993561758372661,1.287200340611486,0.44999999999999996,0.04,0.006400000000000002,0.5713555039649892,7,16,0
16,7,124,0.8594869820178092,0.7806438241627338,0.8944013949390892,0.8993561758372661,0.8942698570091029,0.45000000000000007,0.040000000000000056,0.006400000000000001,0.5210155005923736,7,16,0
16,7,125,0.8544803089425185,0.7806438241627338,0.8944013949390892,0.8993561758372661,0.9240041891436921,0.44999999999999996,0.04000000000000004,0.006399999999999999,0.5229706562361087,7,16,0
16,7,126,0.845747543293935,0.7806438241627338,0.8944013949390892,0.8993561758372661,0.892182546844052,0.44999999999999996,0.039999999999999994,0.0064,0.7083104395205643,7,16,0
16,7,127,0.8482911874903962,0.7806438241627338,0.8944013949390892,0.8993561758372661,0.8894560799447823,0.45000000000000007,0.04000000000000005,0.006399999999999999,0.5622213883213083,7,16,0
16,7,128,0.8420943896465752,0.7806438241627338,0.8944013949390892,0.8993561758372661,0.9830494415469684,0.45,0.039999999999999994,0.0063999999999999994,0.6473516474166258,7,16,0
16,7,129,0.8577099219633059,0.7806438241627338,0.8944013949390892,0.8993561758372661,0.8993235244098108,0.45000000000000007,0.04000000000000002,0.006400000000000001,0.5097492384955427,7,16,0
16,7,130,0.8461790671247197,0.7806438241627338,0.8944013949390892,0.8993561758372661,1.1420913108342983,0.45,0.04000000000000003,0.006399999999999999,0.8146625315106368,7,16,0
16,7,131,0.845809419038938,0.7806438241627338,0.8944013949390892,0.8993561758372661,0.9385579640433507,0.45000000000000007,0.03999999999999998,0.006400000000000002,0.83875719549863,7,16,0
16,7,132,0.8548841017981397,0.7806438241627338,0.8944013949390892,0.8993561758372661,1.1405139884559439,0.45000000000000007,0.040000000000000036,0.006399999999999999,0.5127607472672066,7,16,0
16,7,133,0.8408388052473943,0.7806438241627338,0.8944013949390892,0.8993561758372661,0.9153307535728546,0.44999999999999996,0.04000000000000005,0.0063999999999999994,0.6334997898662436,7,16,0
16,7,134,0.8467672302090662,0.7806438241627338,0.8944013949390892,0.8993561758372661,0.8808378801513989,0.44999999999999996,0.039999999999999994,0.0064,0.6035450727937552,7,16,0
16,7,135,0.8477980043132498,0.7806438241627338,0.8944013949390892,0.8993561758372661,0.8934539061052521,0.44999999999999996,0.03999999999999993,0.006400000000000001,0.7188454543788483,7,16,0
16,7,136,0.8481895371512905,0.7806438241627338,0.8944013949390892,0.8993561758372661,0.9114866933284692,0.45,0.03999999999999999,0.006400000000000001,0.7165507808525169,7,16,0
16,7,137,0.852339825252212,0.7806438241627338,0.8944013949390892,0.8993561758372661,0.9715593861159086,0.45,0.039999999999999994,0.0063999999999999994,0.664976947470263,7,16,0
16,7,138,0.8480882915170673,0.7806438241627338,0.8944013949390892,0.8993561758372661,1.287299953118245,0.45,0.03999999999999999,0.006399999999999999,0.7467380723736555,7,16,0
16,7,139,0.8630343116065985,0.7806438241627338,0.8944013949390892,0.8993561758372661,0.9036506161566182,0.45000000000000007,0.04000000000000005,0.0064,0.5590217198503353,7,16,0
16,7,140,0.8477027715540091,0.7806438241627338,0.8944013949390892,0.8993561758372661,0.8942107635095838,0.44999999999999996,0.04000000000000006,0.0063999999999999994,0.8291614025423547,7,16,0
16,7,141,0.8436869312757787,0.7806438241627338,0.8944013949390892,0.8993561758372661,0.9020884645657677,0.45,0.03999999999999995,0.006399999999999999,0.8180942328499222,7,16,0
16,7,142,0.8466032260763194,0.7806438241627338,0.8944013949390892,0.8993561758372661,1.0978039019755403,0.44999999999999996,0.03999999999999995,0.0063999999999999994,1.0065357839957605,7,16,0
16,7,143,0.851407132455869,0.7806438241627338,0.8944013949390892,0.8993561758372661,0.9003970362811937,0.45000000000000007,0.03999999999999997,0.0063999999999999994,0.7598855238921858,7,16,0
16,7,144,0.8556910097456697,0.7806438241627338,0.8944013949390892,0.8993561758372661,0.9738036873282248,0.44999999999999996,0.04000000000000005,0.006399999999999998,0.5680746674474704,7,16,0
16,7,145,0.8510293251512601,0.7806438241627338,0.8944013949390892,0.8993561758372661,0.8821339438348007,0.44999999999999996,0.04,0.006399999999999998,0.7659180514987204,7,16,0
16,7,146,0.8522047131133013,0.7806438241627338,0.8944013949390892,0.8993561758372661,0.9285625340788268,0.44999999999999996,0.03999999999999998,0.006399999999999999,0.8209551463972231,7,16,0
16,7,147,0.8514098921071366,0.7806438241627338,0.8944013949390892,0.8993561758372661,0.9073536815776715,0.45000000000000007,0.03999999999999995,0.006399999999999999,0.621751545988341,7,16,0
16,7,148,0.8491575347912301,0.7806438241627338,0.8944013949390892,0.8993561758372661,0.8860775685438682,0.45,0.03999999999999995,0.006400000000000001,0.7078320708698167,7,16,0
16,7,149,0.8476333381985092,0.7806438241627338,0.8944013949390892,0.8993561758372661,0.8850084555849475,0.44999999999999996,0.04000000000000001,0.0064,0.8246399837212922,7,16,0
20,4,0,0.8600953164741859,0.7806438241627338,0.8944013949390892,0.8993561758372661,1.0056574213503926,0.45000000000000007,0.04000000000000005,0.006399999999999998,0.5731628571427707,4,20,0
20,4,1,0.8537632050174588,0.7806438241627338,0.8944013949390892,0.8993561758372661,0.9069029273937823,0.44999999999999996,0.03999999999999995,0.006400000000000001,0.9195304582122451,4,20,0
20,4,2,0.8588233187250681,0.7806438241627338,0.8944013949390892,0.8993561758372661,0.8953811765003463,0.45000000000000007,0.040000000000000036,0.006400000000000001,0.6098564231140532,4,20,0
20,4,3,0.8583045190747837,0.7806438241627338,0.8944013949390892,0.8993561758372661,0.895954511081033,0.45,0.03999999999999999,0.006400000000000002,0.6378253595060879,4,20,0
20,4,4,0.8583995651337144,0.7806438241627338,0.8944013949390892,0.8993561758372661,1.0247122107577398,0.45000000000000007,0.04000000000000001,0.006400000000000001,0.9393493298752975,4,20,0
20,4,5,0.8429787163226858,0.7806438241627338,0.8944013949390892,0.8993561758372661,1.0622925661913671,0.45000000000000007,0.03999999999999997,0.0064,0.7638854351366825,4,20,0
20,4,6,0.8573691316458463,0.7806438241627338,0.8944013949390892,0.8993561758372661,0.9508498087804714,0.4500000000000001,0.040000000000000036,0.006399999999999999,0.6850612505040428,4,20,0
20,4,7,0.8489354881084512,0.7806438241627338,0.8944013949390892,0.8993561758372661,0.9456854296218005,0.44999999999999996,0.03999999999999996,0.006400000000000003,1.052441348483303,4,20,0
20,4,8,0.8510671223795117,0.7806438241627338,0.8944013949390892,0.8993561758372661,0.8896570221863136,0.45,0.04000000000000005,0.0063999999999999994,0.416176496262642,4,20,0
20,4,9,0.8456140514588084,0.7806438241627338,0.8944013949390892,0.8993561758372661,0.9711827481761104,0.45,0.04000000000000002,0.0063999999999999994,0.7520044102934429,4,20,0
20,4,10,0.8701760717984491,0.7806438241627338,0.8944013949390892,0.8993561758372661,0.9450673631762776,0.45,0.040000000000000056,0.0063999999999999994,0.5758303063266976,4,20,0
20,4,11,0.8656951055058475,0.7806438241627338,0.8944013949390892,0.8993561758372661,0.9443028471715679,0.45,0.039999999999999945,0.0063999999999999994,0.706754058016161,4,20,0
20,4,12,0.8575718627343342,0.7806438241627338,0.8944013949390892,0.8993561758372661,0.8954106307896447,0.4499999999999999,0.03999999999999998,0.006400000000000001,0.8456799794396623,4,20,0
20,4,13,0.8557251709358198,0.7806438241627338,0.8944013949390892,0.8993561758372661,0.9039793879120319,0.45000000000000007,0.04000000000000001,0.0063999999999999994,0.732079284971577,4,20,0
20,4,14,0.8767394479538173,0.7806438241627338,0.8944013949390892,0.8993561758372661,1.1638629272548486,0.44999999999999996,0.040000000000000036,0.0063999999999999994,0.5719299573360473,4,20,0
20,4,15,0.8490852659306095,0.7806438241627338,0.8944013949390892,0.8993561758372661,0.913218920732493,0.44999999999999996,0.04000000000000004,0.006399999999999997,1.0146064956728051,4,20,0
20,4,16,0.8410948965749061,0.7806438241627338,0.8944013949390892,0.8993561758372661,1.0039136184924595,0.4499999999999999,0.04,0.006399999999999999,1.160583539906439,4,20,0
20,4,17,0.8685445742773437,0.7806438241627338,0.8944013949390892,0.8993561758372661,0.9096688486032862,0.4500000000000001,0.04000000000000001,0.006400000000000005,0.5318408060305319,4,20,0
20,4,18,0.8537229716800467,0.7806438241627338,0.8944013949390892,0.8993561758372661,1.1392974342825737,0.45,0.04000000000000005,0.006399999999999999,0.9456710384749113,4,20,0
20,4,19,0.862065501923531,0.7806438241627338,0.8944013949390892,0.8993561758372661,0.9096148439862995,0.4499999999999999,0.03999999999999997,0.0063999999999999994,0.4206478360681232,4,20,0
20,4,20,0.846130055079851,0.7806438241627338,0.8944013949390892,0.8993561758372661,0.993324546200743,0.4500000000000001,0.04000000000000006,0.006400000000000001,1.1482143523112673,4,20,0
20,4,21,0.8517585176931854,0.7806438241627338,0.8944013949390892,0.8993561758372661,0.9007437302828851,0.45000000000000007,0.03999999999999998,0.0064,0.9964725312073792,4,20,0
20,4,22,0.8431252641954855,0.7806438241627338,0.8944013949390892,0.8993561758372661,0.9386147351308817,0.45000000000000007,0.04000000000000002,0.0064,0.712746104579031,4,20,0
20,4,23,0.847035813625058,0.7806438241627338,0.8944013949390892,0.8993561758372661,1.3238213364494948,0.45000000000000007,0.039999999999999994,0.006399999999999998,1.3005025608745346,4,20,0
20,4,24,0.849478213447769,0.7806438241627338,0.8944013949390892,0.8993561758372661,0.9543224642347545,0.44999999999999996,0.04000000000000003,0.006399999999999998,0.8491941345108006,4,20,0
20,4,25,0.8616516506219102,0.7806438241627338,0.8944013949390892,0.8993561758372661,0.9951482768188954,0.45,0.03999999999999996,0.006399999999999998,0.6352737244097773,4,20,0
20,4,26,0.8462237009638973,0.7806438241627338,0.8944013949390892,0.8993561758372661,0.9971900726264405,0.45,0.039999999999999994,0.006400000000000001,1.1262529394494307,4,20,0
20,4,27,0.8618677588846867,0.7806438241627338,0.8944013949390892,0.8993561758372661,0.9405620862337271,0.4499999999999999,0.039999999999999994,0.0063999999999999994,0.5727064460170763,4,20,0
20,4,28,0.8453741691336188,0.7806438241627338,0.8944013949390892,0.8993561758372661,1.0823136088526966,0.45000000000000007,0.04000000000000001,0.0064,1.0577157714327374,4,20,0
20,4,29,0.8537360793277362,0.7806438241627338,0.8944013949390892,0.8993561758372661,0.9176733752789196,0.45000000000000007,0.04000000000000001,0.0063999999999999994,0.7154745537594475,4,20,0
20,4,30,0.8434516816642407,0.7806438241627338,0.8944013949390892,0.8993561758372661,0.9732393199798646,0.45,0.03999999999999999,0.0063999999999999994,0.8801347276475846,4,20,0
20,4,31,0.8460438891396276,0.7806438241627338,0.8944013949390892,0.8993561758372661,1.0696418913931183,0.45,0.04000000000000005,0.0063999999999999994,0.9016309097305464,4,20,0
20,4,32,0.8509901703793776,0.7806438241627338,0.8944013949390892,0.8993561758372661,0.8998953434202942,0.45,0.04000000000000005,0.0063999999999999994,0.8508591643084812,4,20,0
20,4,33,0.8441713537162673,0.7806438241627338,0.8944013949390892,0.8993561758372661,1.0126382598167774,0.45000000000000007,0.04000000000000002,0.0063999999999999994,0.8392273771792224,4,20,0
20,4,34,0.8687503900378377,0.7806438241627338,0.8944013949390892,0.8993561758372661,1.0014753497623914,0.45,0.040000000000000015,0.0064,0.5511654146187162,4,20,0
20,4,35,0.8548867473251227,0.7806438241627338,0.8944013949390892,0.8993561758372661,0.9096163565644069,0.45000000000000007,0.04,0.006399999999999997,0.6098916297476321,4,20,0
20,4,36,0.8637205969890364,0.7806438241627338,0.8944013949390892,0.8993561758372661,1.166786802010462,0.4500000000000001,0.03999999999999997,0.0063999999999999994,0.7154882474313695,4,20,0
20,4,37,0.8453646007624266,0.7806438241627338,0.8944013949390892,0.8993561758372661,0.8762760008692027,0.45000000000000007,0.040000000000000036,0.0063999999999999994,0.9895180021243768,4,20,0
20,4,38,0.8474478461818105,0.7806438241627338,0.8944013949390892,0.8993561758372661,1.0459992432401564,0.4500000000000001,0.04000000000000005,0.0063999999999999994,1.1214146221957846,4,20,0
20,4,39,0.8497989679681972,0.7806438241627338,0.8944013949390892,0.8993561758372661,1.0084620308371026,0.45000000000000007,0.04000000000000002,0.006400000000000003,0.8880753718993114,4,20,0
20,4,40,0.861393306805039,0.7806438241627338,0.8944013949390892,0.8993561758372661,0.8858810602041671,0.45000000000000007,0.04000000000000003,0.0063999999999999994,0.373978459827286,4,20,0
20,4,41,0.8611080542661512,0.7806438241627338,0.8944013949390892,0.8993561758372661,0.904488027368206,0.45,0.039999999999999966,0.0063999999999999994,0.592594545829984,4,20,0
20,4,42,0.860037583033129,0.7806438241627338,0.8944013949390892,0.8993561758372661,1.1441096502653183,0.44999999999999996,0.040000000000000036,0.0063999999999999994,0.7286761912306786,4,20,0
20,4,43,0.8567567490818061,0.7806438241627338,0.8944013949390892,0.8993561758372661,0.9261173984544088,0.45,0.04000000000000003,0.0064,1.180642514867565,4,20,0
20,4,44,0.8565673644974728,0.7806438241627338,0.8944013949390892,0.8993561758372661,0.9220145543383729,0.45,0.04,0.006400000000000004,0.8955886076539087,4,20,0
20,4,45,0.8625077506532051,0.7806438241627338,0.8944013949390892,0.8993561758372661,0.9938335014902818,0.45,0.04000000000000002,0.0064,0.46329405113544975,4,20,0
20,4,46,0.8508817737644218,0.7806438241627338,0.8944013949390892,0.8993561758372661,1.0257947218598953,0.4499999999999999,0.04000000000000002,0.006400000000000003,0.7491284444746168,4,20,0
20,4,47,0.8608192233262899,0.7806438241627338,0.8944013949390892,0.8993561758372661,0.8994117413512184,0.45,0.040000000000000036,0.0064,0.7143933845424363,4,20,0
20,4,48,0.8555823729639266,0.7806438241627338,0.8944013949390892,0.8993561758372661,0.8927450110624259,0.45000000000000007,0.03999999999999996,0.0063999999999999994,0.9366178209429438,4,20,0
20,4,49,0.8503994871405823,0.7806438241627338,0.8944013949390892,0.8993561758372661,1.1073822264042534,0.4500000000000001,0.04000000000000005,0.006399999999999999,0.5039537411491295,4,20,0
20,4,50,0.8531491477633308,0.7806438241627338,0.8944013949390892,0.8993561758372661,0.89952618429154,0.4499999999999999,0.040000000000000036,0.0063999999999999994,0.7094179825778152,4,20,0
20,4,51,0.8532871392275254,0.7806438241627338,0.8944013949390892,0.8993561758372661,0.9480285590683862,0.45000000000000007,0.039999999999999994,0.0063999999999999994,0.7513133513114959,4,20,0
20,4,52,0.845545335801807,0.7806438241627338,0.8944013949390892,0.8993561758372661,1.289239918238501,0.45,0.04,0.0063999999999999994,1.1811610854003534,4,20,0
20,4,53,0.8590940716136002,0.7806438241627338,0.8944013949390892,0.8993561758372661,0.9857657487204065,0.45,0.04000000000000002,0.006400000000000001,0.9186301732007685,4,20,0
20,4,54,0.8476896277297126,0.7806438241627338,0.8944013949390892,0.8993561758372661,0.9743407283100375,0.45000000000000007,0.040000000000000036,0.0063999999999999994,0.5936413107016226,4,20,0
20,4,55,0.8471958243602807,0.7806438241627338,0.8944013949390892,0.8993561758372661,0.8829028886098697,0.45,0.040000000000000036,0.0064,0.9318983508673025,4,20,0
20,4,56,0.8460780792385489,0.7806438241627338,0.8944013949390892,0.8993561758372661,1.2372377199168756,0.4499999999999999,0.03999999999999995,0.0064,1.061867272572918,4,20,0
20,4,57,0.8570308542710701,0.7806438241627338,0.8944013949390892,0.8993561758372661,0.8855532153962091,0.45,0.039999999999999966,0.0064,0.4202200706477169,4,20,0
20,4,58,0.8578828539612079,0.7806438241627338,0.8944013949390892,0.8993561758372661,0.9271561019106264,0.45,0.04000000000000002,0.006400000000000002,0.6624101174473638,4,20,0
20,4,59,0.8500103024776796,0.7806438241627338,0.8944013949390892,0.8993561758372661,0.9921502543375229,0.45,0.03999999999999999,0.006399999999999999,0.6278435071750287,4,20,0
20,4,60,0.8500553103513387,0.7806438241627338,0.8944013949390892,0.8993561758372661,0.8955568826570268,0.45000000000000007,0.04000000000000001,0.006399999999999999,0.7712738980662359,4,20,0
20,4,61,0.853399569609033,0.7806438241627338,0.8944013949390892,0.8993561758372661,1.0709253896173414,0.45000000000000007,0.03999999999999999,0.006400000000000001,0.9743654049861326,4,20,0
20,4,62,0.859651218230768,0.7806438241627338,0.8944013949390892,0.8993561758372661,0.9018180653191977,0.45000000000000007,0.04000000000000001,0.0064,0.5935574472648879,4,20,0
20,4,63,0.8497429381860254,0.7806438241627338,0.8944013949390892,0.8993561758372661,0.9104265685784076,0.45,0.04,0.0063999999999999994,1.045207132020376,4,20,0
20,4,64,0.8644674568799382,0.7806438241627338,0.8944013949390892,0.8993561758372661,0.8826180250106892,0.45000000000000007,0.03999999999999998,0.0064,0.7920287461063475,4,20,0
20,4,65,0.8470872197535716,0.7806438241627338,0.8944013949390892,0.8993561758372661,0.9072151035254884,0.45,0.04000000000000005,0.006400000000000001,0.9539494540594492,4,20,0
20,4,66,0.8482201954090466,0.7806438241627338,0.8944013949390892,0.8993561758372661,0.8859948445464687,0.4499999999999999,0.03999999999999995,0.006400000000000001,0.6230764387368914,4,20,0
20,4,67,0.8391009059851225,0.7806438241627338,0.8944013949390892,0.8993561758372661,1.0044757762010472,0.45,0.039999999999999966,0.0064,0.5132155190350999,4,20,0
20,4,68,0.8431938542768186,0.7806438241627338,0.8944013949390892,0.8993561758372661,1.3410383758980475,0.44999999999999996,0.040000000000000056,0.0064,0.7936712536834362,4,20,0
20,4,69,0.8494627844016353,0.7806438241627338,0.8944013949390892,0.8993561758372661,1.2298933654645885,0.44999999999999996,0.03999999999999997,0.006400000000000002,0.6592891175445562,4,20,0
20,4,70,0.8413895053874381,0.7806438241627338,0.8944013949390892,0.8993561758372661,0.9852333271917861,0.45000000000000007,0.04000000000000002,0.0064,0.620594791052154,4,20,0
20,4,71,0.8615622398036414,0.7806438241627338,0.8944013949390892,0.8993561758372661,0.9274014705115634,0.44999999999999996,0.040000000000000056,0.006400000000000001,0.6464390834036204,4,20,0
20,4,72,0.8585201884499252,0.7806438241627338,0.8944013949390892,0.8993561758372661,0.8952026572972765,0.45000000000000007,0.040000000000000056,0.006400000000000001,0.9975762418022663,4,20,0
20,4,73,0.8662504269977677,0.7806438241627338,0.8944013949390892,0.8993561758372661,1.2683665517668128,0.4500000000000001,0.03999999999999995,0.006400000000000002,0.49245625896136414,4,20,0
20,4,74,0.8384202776878773,0.7806438241627338,0.8944013949390892,0.8993561758372661,1.0924877049840482,0.45,0.04,0.0064,0.6760694744223174,4,20,0
20,4,75,0.8467080944057417,0.7806438241627338,0.8944013949390892,0.8993561758372661,0.9993438601410908,0.44999999999999996,0.03999999999999999,0.0064,0.9862002932762888,4,20,0
20,4,76,0.8456015508525144,0.7806438241627338,0.8944013949390892,0.8993561758372661,0.9528672601694299,0.4499999999999999,0.03999999999999998,0.006400000000000003,1.1880270535199802,4,20,0
20,4,77,0.8630932833554796,0.7806438241627338,0.8944013949390892,0.8993561758372661,0.9078633864882479,0.45000000000000007,0.040000000000000015,0.006400000000000001,0.9331571773520349,4,20,0
20,4,78,0.8571905283215884,0.7806438241627338,0.8944013949390892,0.8993561758372661,0.9036010651493925,0.4499999999999999,0.03999999999999995,0.006400000000000002,0.7369504898622388,4,20,0
20,4,79,0.8432576852825486,0.7806438241627338,0.8944013949390892,0.8993561758372661,1.1711948718431677,0.44999999999999996,0.03999999999999996,0.006399999999999997,0.9615405219553631,4,20,0
20,4,80,0.8470000261347831,0.7806438241627338,0.8944013949390892,0.8993561758372661,0.9438720629077201,0.45,0.04000000000000001,0.006399999999999999,1.0314726577726885,4,20,0
20,4,81,0.8511976411221942,0.7806438241627338,0.8944013949390892,0.8993561758372661,0.9575073988972236,0.44999999999999996,0.039999999999999966,0.006400000000000001,0.8144724632876317,4,20,0
20,4,82,0.8542535552983644,0.7806438241627338,0.8944013949390892,0.8993561758372661,1.1423806985238278,0.44999999999999996,0.040000000000000056,0.0064,0.6172377500914361,4,20,0
20,4,83,0.8575142368376151,0.7806438241627338,0.8944013949390892,0.8993561758372661,0.9342663610057773,0.45,0.03999999999999996,0.0064,0.6344693247085781,4,20,0
20,4,84,0.8561883875849735,0.7806438241627338,0.8944013949390892,0.8993561758372661,1.32231475365325,0.45,0.04000000000000001,0.0063999999999999994,0.8451670215776516,4,20,0
20,4,85,0.8598068330152552,0.7806438241627338,0.8944013949390892,0.8993561758372661,1.0964337688289056,0.44999999999999996,0.04000000000000003,0.006400000000000002,1.0489961594202875,4,20,0
20,4,86,0.8688030814668243,0.7806438241627338,0.8944013949390892,0.8993561758372661,0.9017824319500659,0.45000000000000023,0.039999999999999994,0.0064,0.615371013402944,4,20,0
20,4,87,0.8583484486452163,0.7806438241627338,0.8944013949390892,0.8993561758372661,0.9284802516254851,0.4500000000000001,0.04000000000000003,0.006399999999999999,0.8979721999313701,4,20,0
20,4,88,0.8480206610472414,0.7806438241627338,0.8944013949390892,0.8993561758372661,1.0239080177843254,0.45000000000000007,0.039999999999999966,0.006400000000000001,1.1885073957723031,4,20,0
20,4,89,0.8544529248279086,0.7806438241627338,0.8944013949390892,0.8993561758372661,0.9412738001573152,0.44999999999999996,0.04000000000000005,0.0063999999999999994,0.7549838122469597,4,20,0
20,4,90,0.8526645233427158,0.7806438241627338,0.8944013949390892,0.8993561758372661,0.919977258058838,0.44999999999999996,0.04,0.006400000000000001,0.9355123624919786,4,20,0
20,4,91,0.8518509412145893,0.7806438241627338,0.8944013949390892,0.8993561758372661,1.071871225850153,0.45000000000000007,0.03999999999999998,0.006400000000000003,0.6964512548492784,4,20,0
20,4,92,0.8454855355074318,0.7806438241627338,0.8944013949390892,0.8993561758372661,0.9129568225213075,0.45,0.04000000000000004,0.006400000000000001,1.11922734176915,4,20,0
20,4,93,0.8479182279761298,0.7806438241627338,0.8944013949390892,0.8993561758372661,0.901741311204421,0.45,0.04000000000000001,0.0064,0.8848038185869539,4,20,0
20,4,94,0.859943672025355,0.7806438241627338,0.8944013949390892,0.8993561758372661,1.0862162739816326,0.45,0.04000000000000001,0.006400000000000001,0.6541171409406751,4,20,0
20,4,95,0.8535411790816029,0.7806438241627338,0.8944013949390892,0.8993561758372661,1.063362282940566,0.45000000000000007,0.04000000000000001,0.0064,0.4584102464504424,4,20,0
20,4,96,0.841146673769159,0.7806438241627338,0.8944013949390892,0.8993561758372661,0.9582157674270102,0.45,0.040000000000000036,0.0064,0.7703502786345778,4,20,0
20,4,97,0.8517371656710906,0.7806438241627338,0.8944013949390892,0.8993561758372661,1.102431072322759,0.45,0.039999999999999994,0.006400000000000001,0.9092360366204424,4,20,0
20,4,98,0.8537072314583108,0.7806438241627338,0.8944013949390892,0.8993561758372661,1.0067943590692205,0.4500000000000001,0.04,0.006400000000000001,0.7626559546683825,4,20,0
20,4,99,0.8444585949829346,0.7806438241627338,0.8944013949390892,0.8993561758372661,1.1027392533862315,0.4500000000000001,0.03999999999999999,0.0063999999999999994,0.8690536212282687,4,20,0
20,4,100,0.8508686440753194,0.7806438241627338,0.8944013949390892,0.8993561758372661,0.8897392554924306,0.45,0.03999999999999998,0.0063999999999999994,0.9156941959316005,4,20,0
20,4,101,0.8481063675478617,0.7806438241627338,0.8944013949390892,0.8993561758372661,0.9244449425220727,0.45,0.04000000000000005,0.0063999999999999994,0.5969701350331093,4,20,0
20,4,102,0.846111866913185,0.7806438241627338,0.8944013949390892,0.8993561758372661,0.9871240550685088,0.45000000000000007,0.03999999999999998,0.006399999999999999,1.2815567054657702,4,20,0
20,4,103,0.847369669565988,0.7806438241627338,0.8944013949390892,0.8993561758372661,1.1469414480928717,0.4499999999999999,0.040000000000000036,0.006400000000000001,1.1387925975681656,4,20,0
20,4,104,0.8443047181111198,0.7806438241627338,0.8944013949390892,0.8993561758372661,0.9393444218435637,0.44999999999999984,0.039999999999999966,0.0064,1.235177092884421,4,20,0
20,4,105,0.8463356719166204,0.7806438241627338,0.8944013949390892,0.8993561758372661,0.9043678589943214,0.45,0.03999999999999995,0.006400000000000002,1.0843068306176147,4,20,0
20,4,106,0.8391927930217777,0.7806438241627338,0.8944013949390892,0.8993561758372661,0.8833646604377301,0.45,0.03999999999999996,0.006400000000000001,0.8336931535146753,4,20,0
20,4,107,0.854203524351525,0.7806438241627338,0.8944013949390892,0.8993561758372661,0.8989072746427551,0.45,0.040000000000000036,0.0063999999999999994,0.7147004915874082,4,20,0
20,4,108,0.8505077220625897,0.7806438241627338,0.8944013949390892,0.8993561758372661,0.8980749058622405,0.4500000000000001,0.03999999999999996,0.006400000000000001,1.0646019410441117,4,20,0
20,4,109,0.8462589897324002,0.7806438241627338,0.8944013949390892,0.8993561758372661,1.165523311065233,0.44999999999999996,0.04000000000000001,0.006399999999999999,0.9615089268474413,4,20,0
20,4,110,0.8454844634382033,0.7806438241627338,0.8944013949390892,0.8993561758372661,0.8743300893995549,0.45000000000000007,0.04000000000000003,0.0063999999999999994,0.5383852141367458,4,20,0
20,4,111,0.8640108784035742,0.7806438241627338,0.8944013949390892,0.8993561758372661,0.9958315040222433,0.4500000000000001,0.039999999999999966,0.006399999999999999,0.4981665900257809,4,20,0
20,4,112,0.8385324509805646,0.7806438241627338,0.8944013949390892,0.8993561758372661,1.0095537611948235,0.45000000000000007,0.03999999999999997,0.0063999999999999994,0.7829520795826564,4,20,0
20,4,113,0.845968783999393,0.7806438241627338,0.8944013949390892,0.8993561758372661,0.8881485604123399,0.4499999999999999,0.04000000000000002,0.006400000000000001,1.1629113224470125,4,20,0
20,4,114,0.8490510390021989,0.7806438241627338,0.8944013949390892,0.8993561758372661,0.8934185740937762,0.44999999999999996,0.04000000000000001,0.006399999999999999,1.1782635568754225,4,20,0
20,4,115,0.8308176727448546,0.7806438241627338,0.8944013949390892,0.8993561758372661,0.9725247619322874,0.45,0.03999999999999999,0.0063999999999999994,0.3640751776418071,4,20,0
20,4,116,0.8326996112254406,0.7806438241627338,0.8944013949390892,0.8993561758372661,0.8712126237303806,0.44999999999999996,0.03999999999999998,0.006400000000000002,0.37208027915753233,4,20,0
20,4,117,0.8508405251936734,0.7806438241627338,0.8944013949390892,0.8993561758372661,0.9610789770627697,0.45000000000000007,0.039999999999999994,0.006399999999999998,1.045513866994396,4,20,0
20,4,118,0.8440406767517892,0.7806438241627338,0.8944013949390892,0.8993561758372661,0.9448439282749335,0.45000000000000007,0.04000000000000005,0.0064,1.014655293606964,4,20,0
20,4,119,0.8593500220220381,0.7806438241627338,0.8944013949390892,0.8993561758372661,0.9185576242531885,0.44999999999999996,0.03999999999999999,0.0064,0.7986899899401373,4,20,0
20,4,120,0.8583722961058025,0.7806438241627338,0.8944013949390892,0.8993561758372661,1.0530161056822422,0.45,0.04000000000000005,0.0064,0.97769386100952,4,20,0
20,4,121,0.8415490601382256,0.7806438241627338,0.8944013949390892,0.8993561758372661,1.2017049025404933,0.4499999999999999,0.04000000000000002,0.006400000000000001,0.5462807470120556,4,20,0
20,4,122,0.8587624855902238,0.7806438241627338,0.8944013949390892,0.8993561758372661,0.9017467542811334,0.44999999999999996,0.04000000000000003,0.0064,0.9178731352063428,4,20,0
20,4,123,0.8579772847198025,0.7806438241627338,0.8944013949390892,0.8993561758372661,0.8793876086363817,0.45,0.039999999999999966,0.0064,0.8886964921482287,4,20,0
20,4,124,0.8509987740639028,0.7806438241627338,0.8944013949390892,0.8993561758372661,1.1206349853896445,0.44999999999999996,0.04000000000000003,0.0064,0.7440943144839383,4,20,0
20,4,125,0.8385780801003193,0.7806438241627338,0.8944013949390892,0.8993561758372661,0.9047016033842543,0.44999999999999996,0.039999999999999994,0.0064,0.883872304022007,4,20,0
20,4,126,0.8551549901373208,0.7806438241627338,0.8944013949390892,0.8993561758372661,0.9622140012215785,0.45000000000000007,0.04000000000000002,0.006400000000000001,0.8432052785809658,4,20,0
20,4,127,0.8499969916328682,0.7806438241627338,0.8944013949390892,0.8993561758372661,1.051654362729722,0.45,0.039999999999999994,0.0064,0.7223111771977776,4,20,0
20,4,128,0.8602779174947084,0.7806438241627338,0.8944013949390892,0.8993561758372661,0.9002462388599758,0.44999999999999996,0.03999999999999995,0.006399999999999999,0.6466178620499462,4,20,0
20,4,129,0.8787693732909924,0.7806438241627338,0.8944013949390892,0.8993561758372661,0.9155347152107446,0.44999999999999996,0.039999999999999994,0.0064,0.2916851229072251,4,20,0
20,4,130,0.8480699697547829,0.7806438241627338,0.8944013949390892,0.8993561758372661,0.9072510638793438,0.45000000000000007,0.03999999999999996,0.0063999999999999994,0.7983479520102256,4,20,0
20,4,131,0.8425667760499307,0.7806438241627338,0.8944013949390892,0.8993561758372661,0.8869564954019541,0.44999999999999996,0.03999999999999999,0.006399999999999999,1.1595769490373131,4,20,0
20,4,132,0.8650389242860246,0.7806438241627338,0.8944013949390892,0.8993561758372661,0.8962977561575333,0.45,0.03999999999999995,0.006400000000000001,0.5556258313630903,4,20,0
20,4,133,0.8549782092900352,0.7806438241627338,0.8944013949390892,0.8993561758372661,0.8946921251915274,0.45000000000000007,0.04000000000000004,0.006400000000000001,0.7533302361231077,4,20,0
20,4,134,0.8504885134667053,0.7806438241627338,0.8944013949390892,0.8993561758372661,0.8884259491630468,0.4500000000000001,0.03999999999999997,0.006400000000000001,1.0127801835434747,4,20,0
20,4,135,0.8573856777502078,0.7806438241627338,0.8944013949390892,0.8993561758372661,0.899106786310552,0.45,0.04000000000000004,0.0063999999999999994,0.7554495621461317,4,20,0
20,4,136,0.8537914882634474,0.7806438241627338,0.8944013949390892,0.8993561758372661,0.9591961581684819,0.45,0.03999999999999996,0.006400000000000001,0.647171088689722,4,20,0
20,4,137,0.8594447907030915,0.7806438241627338,0.8944013949390892,0.8993561758372661,1.1848816975151446,0.45,0.04000000000000001,0.0064,0.8362529658760242,4,20,0
20,4,138,0.8478681781555539,0.7806438241627338,0.8944013949390892,0.8993561758372661,0.958332136683562,0.4499999999999999,0.04000000000000002,0.006399999999999999,1.0023055746059972,4,20,0
20,4,139,0.858558748288123,0.7806438241627338,0.8944013949390892,0.8993561758372661,1.0873939551240568,0.45,0.040000000000000015,0.0064,0.8719922315708691,4,20,0
20,4,140,0.8599892810274825,0.7806438241627338,0.8944013949390892,0.8993561758372661,0.8970522076781352,0.45000000000000007,0.039999999999999966,0.006399999999999999,0.7384930520324563,4,20,0
20,4,141,0.8546155200735523,0.7806438241627338,0.8944013949390892,0.8993561758372661,0.9013246123184907,0.45000000000000007,0.04000000000000005,0.006400000000000002,0.8597570427287425,4,20,0
20,4,142,0.8356864426986352,0.7806438241627338,0.8944013949390892,0.8993561758372661,0.9727860377663617,0.45,0.04,0.006399999999999999,0.6438837035081436,4,20,0
20,4,143,0.8481922207569387,0.7806438241627338,0.8944013949390892,0.8993561758372661,1.3237993551987248,0.45000000000000007,0.04000000000000001,0.0064,1.1152719336722738,4,20,0
20,4,144,0.8440561434571016,0.7806438241627338,0.8944013949390892,0.8993561758372661,0.9154669573661106,0.45000000000000007,0.039999999999999966,0.006400000000000002,0.8513024847448668,4,20,0
20,4,145,0.8599573867919315,0.7806438241627338,0.8944013949390892,0.8993561758372661,1.0347540502560864,0.45,0.03999999999999998,0.0064,0.5319522258014586,4,20,0
20,4,146,0.8556363191121636,0.7806438241627338,0.8944013949390892,0.8993561758372661,1.2900469657673692,0.44999999999999996,0.04000000000000006,0.0063999999999999994,0.8623445160674041,4,20,0
20,4,147,0.8583627407525599,0.7806438241627338,0.8944013949390892,0.8993561758372661,0.8951946574357199,0.45,0.04000000000000002,0.006399999999999999,1.0797564900687457,4,20,0
20,4,148,0.8415330107399156,0.7806438241627338,0.8944013949390892,0.8993561758372661,0.8787341958522714,0.45,0.039999999999999994,0.006400000000000003,0.38253101581927984,4,20,0
20,4,149,0.8455902681500533,0.7806438241627338,0.8944013949390892,0.8993561758372661,0.950450985432723,0.44999999999999996,0.03999999999999996,0.006399999999999999,0.808561727748473,4,20,0
