theta,step,relative_l2_norm
0.0,0,1.0
0.0,1,0.8660023607871337
0.0,2,0.8289672819554059
0.0,3,0.819949618984913
0.0,4,0.8153576021910822
0.0,5,0.811371690240318
0.0,6,0.8073257783720795
0.0,7,0.8030713886897876
0.0,8,0.7987807917879146
0.0,9,0.7944416071648043
0.0,10,0.7901174675968107
0.0,11,0.785811060618637
0.0,12,0.7815349564123477
0.0,13,0.7772919373738352
0.0,14,0.773083142953179
0.0,15,0.7689093661871732
0.0,16,0.7647701737915943
0.0,17,0.7606654888524893
0.0,18,0.7565947812730898
0.0,19,0.752557671944455
0.0,20,0.7485536940714508
0.0,21,0.7445823959606725
0.0,22,0.7406433251492576
0.0,23,0.7367360322876898
0.0,24,0.7328600774533449
0.0,25,0.7290150259973979
0.0,26,0.7252004519661244
0.0,27,0.7214159362963534
0.0,28,0.7176610675693481
0.0,29,0.7139354415961509
0.0,30,0.7102386613841699
0.0,31,0.7065703370126865
0.0,32,0.702930085490502
0.0,33,0.6993175306470513
0.0,34,0.6957323029963656
0.0,35,0.69217403962126
0.0,36,0.6886423840490301
0.0,37,0.6851369861337061
0.0,38,0.6816575019387326
0.0,39,0.6782035936219688
0.0,40,0.6747749293226738
0.0,41,0.6713711830503107
0.0,42,0.6679920345753617
0.0,43,0.6646371693219658
0.0,44,0.6613062782624523
0.0,45,0.6579990578136955
0.0,46,0.6547152097352869
0.0,47,0.6514544410294896
0.0,48,0.6482164638429546
0.0,49,0.6450009953701713
0.0,50,0.6418077577586276
0.0,51,0.6386364780156557
0.0,52,0.635486887916937
0.0,53,0.6323587239166434
0.0,54,0.6292517270591891
0.0,55,0.62616564289257
0.0,56,0.6231002213832652
0.0,57,0.620055216832678
0.0,58,0.6170303877950918
0.0,59,0.614025496997119
0.0,60,0.6110403112586169
0.0,61,0.6080746014150508
0.0,62,0.6051281422412788
0.0,63,0.6022007123767373
0.0,64,0.5992920942520049
0.0,65,0.5964020740167205
0.0,66,0.5935304414688367
0.0,67,0.5906769899851847
0.0,68,0.5878415164533292
0.0,69,0.5850238212046938
0.0,70,0.582223707948934
0.0,71,0.579440983709538
0.0,72,0.5766754587606351
0.0,73,0.5739269465649899
0.0,74,0.5711952637131644
0.0,75,0.5684802298638267
0.0,76,0.565781667685187
0.0,77,0.5630994027975421
0.0,78,0.5604332637169088
0.0,79,0.5577830817997276
0.0,80,0.5551486911886186
0.0,81,0.5525299287591703
0.0,82,0.5499266340677439
0.0,83,0.5473386493002751
0.0,84,0.5447658192220565
0.0,85,0.5422079911284812
0.0,86,0.5396650147967332
0.0,87,0.537136742438406
0.0,88,0.534623028653033
0.0,89,0.5321237303825138
0.0,90,0.5296387068664197
0.0,91,0.5271678195981635
0.0,92,0.5247109322820166
0.0,93,0.5222679107909584
0.0,94,0.5198386231253438
0.0,95,0.517422939372373
0.0,96,0.5150207316663477
0.0,97,0.5126318741497016
0.0,98,0.5102562429347901
0.0,99,0.5078937160664233
0.0,100,0.5055441734851309
0.0,101,0.5032074969911443
0.0,102,0.500883570209083
0.0,103,0.49857227855333097
0.0,104,0.496273509194091
0.0,105,0.49398715102410534
0.0,106,0.4917130946260267
0.0,107,0.48945123224043136
0.0,108,0.4872014577344596
0.0,109,0.48496366657107187
0.0,110,0.48273775577891015
0.0,111,0.48052362392275194
0.0,112,0.47832117107454536
0.0,113,0.47613029878501567
0.0,114,0.4739509100558304
0.0,115,0.47178290931231387
0.0,116,0.4696262023766994
0.0,117,0.46748069644191015
0.0,118,0.46534630004585653
0.0,119,0.4632229230462423
0.0,120,0.4611104765958678
0.0,121,0.4590088731184215
0.0,122,0.45691802628475026
0.0,123,0.45483785098959895
0.0,124,0.45276826332881026
0.0,125,0.45070918057697534
0.0,126,0.4486605211655274
0.0,127,0.44662220466126884
0.0,128,0.44459415174532324
0.0,129,0.44257628419250467
0.0,130,0.4405685248510956
0.0,131,0.43857079762302503
0.0,132,0.4365830274444403
0.0,133,0.4346051402666626
0.0,134,0.43263706303752103
0.0,135,0.4306787236830561
0.0,136,0.42873005108958584
0.0,137,0.42679097508612746
0.0,138,0.4248614264271673
0.0,139,0.42294133677577234
0.0,140,0.4210306386870365
0.0,141,0.41912926559185487
0.0,142,0.4172371517810191
0.0,143,0.415354232389629
0.0,144,0.41348044338181145
0.0,145,0.4116157215357434
0.0,146,0.40976000442897054
0.0,147,0.4079132304240173
0.0,148,0.406075338654281
0.0,149,0.4042462690102065
0.0,150,0.4024259621257329
0.0,151,0.4006143593650094
0.0,152,0.3988114028093737
0.0,153,0.39701703524458803
0.0,154,0.39523120014832686
0.0,155,0.3934538416779128
0.0,156,0.39168490465829403
0.0,157,0.3899243345702598
0.0,158,0.388172077538888
0.0,159,0.3864280803222211
0.0,160,0.38469229030016533
0.0,161,0.382964655463609
0.0,162,0.3812451244037549
0.0,163,0.37953364630166325
0.0,164,0.3778301709180004
0.0,165,0.37613464858298934
0.0,166,0.374447030186558
0.0,167,0.37276726716868136
0.0,168,0.3710953115099131
0.0,169,0.3694311157221036
0.0,170,0.3677746328393
0.0,171,0.366125816408825
0.0,172,0.36448462048253016
0.0,173,0.36285099960822126
0.0,174,0.36122490882125147
0.0,175,0.35960630363627866
0.0,176,0.3579951400391845
0.0,177,0.3563913744791513
0.0,178,0.354794963860894
0.0,179,0.35320586553704314
0.0,180,0.35162403730067726
0.0,181,0.35004943737800037
0.0,182,0.34848202442116233
0.0,183,0.34692175750121895
0.0,184,0.3453685961012293
0.0,185,0.3438225001094867
0.0,186,0.3422834298128817
0.0,187,0.34075134589039374
0.0,188,0.3392262094067091
0.0,189,0.3377079818059621
0.0,190,0.33619662490559854
0.0,191,0.3346921008903564
0.0,192,0.33319437230636423
0.0,193,0.3317034020553529
0.0,194,0.3302191533889791
0.0,195,0.32874158990325825
0.0,196,0.32727067553310474
0.0,197,0.3258063745469773
0.0,198,0.3243486515416272
0.0,199,0.3228974714369473
0.0,200,0.32145279947092015
0.0,201,0.32001460119466263
0.0,202,0.31858284246756563
0.0,203,0.3171574894525269
0.0,204,0.3157385086112747
0.0,205,0.3143258666997811
0.0,206,0.31291953076376183
0.0,207,0.3115194681342637
0.0,208,0.3101256464233338
0.0,209,0.3087380335197725
0.0,210,0.30735659758496686
0.0,211,0.30598130704880233
0.0,212,0.304612130605653
0.0,213,0.3032490372104467
0.0,214,0.3018919960748052
0.0,215,0.30054097666325696
0.0,216,0.29919594868952104
0.0,217,0.29785688211286176
0.0,218,0.29652374713451096
0.0,219,0.2951965141941582
0.0,220,0.29387515396650643
0.0,221,0.2925596373578922
0.0,222,0.29124993550296946
0.0,223,0.2899460197614547
0.0,224,0.2886478617149335
0.0,225,0.28735543316372614
0.0,226,0.28606870612381174
0.0,227,0.2847876528238093
0.0,228,0.28351224570201533
0.0,229,0.2822424574034956
0.0,230,0.2809782607772314
0.0,231,0.2797196288733182
0.0,232,0.2784665349402157
0.0,233,0.2772189524220496
0.0,234,0.2759768549559614
0.0,235,0.2747402163695083
0.0,236,0.2735090106781101
0.0,237,0.27228321208254297
0.0,238,0.2710627949664789
0.0,239,0.2698477338940703
0.0,240,0.26863800360757845
0.0,241,0.2674335790250451
0.0,242,0.26623443523800644
0.0,243,0.2650405475092484
0.0,244,0.2638518912706025
0.0,245,0.26266844212078183
0.0,246,0.2614901758232558
0.0,247,0.2603170683041632
0.0,248,0.2591490956502627
0.0,249,0.25798623410692034
0.0,250,0.2568284600761328
0.0,251,0.2556757501145862
0.0,252,0.2545280809317492
0.0,253,0.25338542938800057
0.0,254,0.2522477724927896
0.0,255,0.25111508740282934
0.0,256,0.24998735142032152
0.0,257,0.24886454199121347
0.0,258,0.24774663670348507
0.0,259,0.2466336132854662
0.0,260,0.2455254496041838
0.0,261,0.24442212366373756
0.0,262,0.24332361360370436
0.0,263,0.24222989769757036
0.0,264,0.24114095435119046
0.0,265,0.24005676210127436
0.0,266,0.2389772996138992
0.0,267,0.23790254568304758
0.0,268,0.236832479229171
0.0,269,0.2357670792977779
0.0,270,0.23470632505804614
0.0,271,0.2336501958014591
0.0,272,0.23259867094046513
0.0,273,0.23155173000716003
0.0,274,0.23050935265199163
0.0,275,0.2294715186424865
0.0,276,0.2284382078619985
0.0,277,0.227409400308478
0.0,278,0.22638507609326214
0.0,279,0.22536521543988536
0.0,280,0.22434979868290972
0.0,281,0.22333880626677508
0.0,282,0.2223322187446681
0.0,283,0.22133001677741032
0.0,284,0.2203321811323646
0.0,285,0.21933869268235953
0.0,286,0.21834953240463167
0.0,287,0.21736468137978535
0.0,288,0.2163841207907692
0.0,289,0.2154078319218697
0.0,290,0.21443579615772104
0.0,291,0.21346799498233102
0.0,292,0.2125044099781228
0.0,293,0.2115450228249923
0.0,294,0.21058981529938048
0.0,295,0.20963876927336064
0.0,296,0.20869186671374065
0.0,297,0.20774908968117894
0.0,298,0.20681042032931513
0.0,299,0.20587584090391403
0.0,300,0.20494533374202342
0.0,301,0.20401888127114512
0.0,302,0.20309646600841888
0.0,303,0.20217807055981923
0.0,304,0.2012636776193649
0.0,305,0.20035326996834046
0.0,306,0.19944683047452985
0.0,307,0.19854434209146224
0.0,308,0.1976457878576689
0.0,309,0.1967511508959521
0.0,310,0.1958604144126646
0.0,311,0.19497356169700053
0.0,312,0.19409057612029687
0.0,313,0.19321144113534552
0.0,314,0.19233614027571572
0.0,315,0.19146465715508673
0.0,316,0.19059697546659032
0.0,317,0.1897330789821633
0.0,318,0.18887295155190942
0.0,319,0.18801657710347083
0.0,320,0.18716393964140884
0.0,321,0.18631502324659366
0.0,322,0.18546981207560304
0.0,323,0.1846282903601299
0.0,324,0.1837904424063982
0.0,325,0.1829562525945875
0.0,326,0.18212570537826572
0.0,327,0.18129878528382987
0.0,328,0.18047547690995513
0.0,329,0.17965576492705135
0.0,330,0.17883963407672726
0.0,331,0.17802706917126274
0.0,332,0.1772180550930877
0.0,333,0.1764125767942688
0.0,334,0.17561061929600325
0.0,335,0.17481216768811914
0.0,336,0.17401720712858332
0.0,337,0.17322572284301554
0.0,338,0.1724377001242093
0.0,339,0.1716531243316594
0.0,340,0.1708719808910957
0.0,341,0.17009425529402314
0.0,342,0.16931993309726795
0.0,343,0.16854899992253
0.0,344,0.16778144145594093
0.0,345,0.16701724344762817
0.0,346,0.16625639171128476
0.0,347,0.16549887212374453
0.0,348,0.16474467062456324
0.0,349,0.16399377321560465
0.0,350,0.1632461659606322
0.0,351,0.1625018349849059
0.0,352,0.16176076647478418
0.0,353,0.16102294667733114
0.0,354,0.16028836189992815
0.0,355,0.159556998509891
0.0,356,0.1588288429340913
0.0,357,0.1581038816585828
0.0,358,0.1573821012282323
0.0,359,0.1566634882463551
0.0,360,0.15594802937435479
0.0,361,0.1552357113313675
0.0,362,0.15452652089391045
0.0,363,0.1538204448955346
0.0,364,0.1531174702264816
0.0,365,0.15241758383334464
0.0,366,0.15172077271873355
0.0,367,0.15102702394094342
0.0,368,0.15033632461362753
0.0,369,0.1496486619054737
0.0,370,0.14896402303988468
0.0,371,0.14828239529466186
0.0,372,0.1476037660016929
0.0,373,0.14692812254664273
0.0,374,0.14625545236864798
0.0,375,0.14558574296001497
0.0,376,0.14491898186592092
0.0,377,0.14425515668411854
0.0,378,0.14359425506464388
0.0,379,0.14293626470952717
0.0,380,0.14228117337250717
0.0,381,0.1416289688587481
0.0,382,0.14097963902456018
0.0,383,0.14033317177712248
0.0,384,0.13968955507420935
0.0,385,0.13904877692391926
0.0,386,0.13841082538440666
0.0,387,0.1377756885636165
0.0,388,0.1371433546190218
0.0,389,0.1365138117573634
0.0,390,0.1358870482343928
0.0,391,0.1352630523546173
0.0,392,0.13464181247104798
0.0,393,0.1340233169849499
0.0,394,0.1334075543455949
0.0,395,0.13279451305001685
0.0,396,0.13218418164276935
0.0,397,0.13157654871568558
0.0,398,0.13097160290764065
0.0,399,0.13036933290431613
0.0,400,0.12976972743796686
0.0,401,0.1291727752871899
0.0,402,0.1285784652766958
0.0,403,0.12798678627708177
0.0,404,0.1273977272046071
0.0,405,0.12681127702097064
0.0,406,0.12622742473309026
0.0,407,0.12564615939288434
0.0,408,0.12506747009705513
0.0,409,0.12449134598687427
0.0,410,0.12391777624796986
0.0,411,0.12334675011011582
0.0,412,0.12277825684702277
0.0,413,0.12221228577613082
0.0,414,0.1216488262584042
0.0,415,0.1210878676981276
0.0,416,0.12052939954270428
0.0,417,0.11997341128245577
0.0,418,0.11941989245042345
0.0,419,0.11886883262217153
0.0,420,0.11832022141559187
0.0,421,0.11777404849071034
0.0,422,0.11723030354949464
0.0,423,0.11668897633566391
0.0,424,0.11615005663449952
0.0,425,0.11561353427265782
0.0,426,0.1150793991179839
0.0,427,0.11454764107932722
0.0,428,0.11401825010635837
0.0,429,0.11349121618938743
0.0,430,0.11296652935918367
0.0,431,0.1124441796867966
0.0,432,0.1119241572833784
0.0,433,0.11140645230000777
0.0,434,0.11089105492751487
0.0,435,0.11037795539630783
0.0,436,0.10986714397620033
0.0,437,0.10935861097624056
0.0,438,0.10885234674454135
0.0,439,0.10834834166811154
0.0,440,0.10784658617268866
0.0,441,0.10734707072257257
0.0,442,0.10684978582046052
0.0,443,0.10635472200728319
0.0,444,0.10586186986204195
0.0,445,0.10537122000164727
0.0,446,0.10488276308075811
0.0,447,0.10439648979162258
0.0,448,0.1039123908639195
0.0,449,0.10343045706460115
0.0,450,0.10295067919773702
0.0,451,0.10247304810435857
0.0,452,0.10199755466230512
0.0,453,0.10152418978607052
0.0,454,0.10105294442665104
0.0,455,0.1005838095713942
0.0,456,0.10011677624384842
0.0,457,0.09965183550361376
0.0,458,0.09918897844619354
0.0,459,0.098728196202847
0.0,460,0.09826947994044263
0.0,461,0.09781282086131271
0.0,462,0.09735821020310845
0.0,463,0.09690563923865628
0.0,464,0.0964550992758148
0.0,465,0.09600658165733271
0.0,466,0.09556007776070748
0.0,467,0.09511557899804503
0.0,468,0.09467307681592001
0.0,469,0.09423256269523712
0.0,470,0.09379402815109307
0.0,471,0.0933574647326394
0.0,472,0.09292286402294608
0.0,473,0.09249021763886595
0.0,474,0.09205951723089977
0.0,475,0.09163075448306218
0.0,476,0.0912039211127484
0.0,477,0.09077900887060149
0.0,478,0.0903560095403806
0.0,479,0.08993491493882973
0.0,480,0.08951571691554738
0.0,481,0.0890984073528567
0.0,482,0.08868297816567658
0.0,483,0.08826942130139319
0.0,484,0.08785772873973237
0.0,485,0.08744789249263263
0.0,486,0.08703990460411884
0.0,487,0.08663375715017656
0.0,488,0.08622944223862691
0.0,489,0.08582695200900245
0.0,490,0.08542627863242315
0.0,491,0.08502741431147351
0.0,492,0.08463035128007998
0.0,493,0.08423508180338908
0.0,494,0.08384159817764619
0.0,495,0.0834498927300749
0.0,496,0.08305995781875691
0.0,497,0.0826717858325126
0.0,498,0.08228536919078214
0.0,499,0.08190070034350717
0.0,500,0.08151777177101313
0.0,501,0.08113657598389198
0.0,502,0.08075710552288577
0.0,503,0.08037935295877041
0.0,504,0.08000331089224032
0.0,505,0.07962897195379334
0.0,506,0.07925632880361648
0.0,507,0.07888537413147187
0.0,508,0.07851610065658353
0.0,509,0.07814850112752449
0.0,510,0.07778256832210444
0.0,511,0.07741829504725803
0.0,512,0.07705567413893348
0.0,513,0.07669469846198186
0.0,514,0.07633536091004677
0.0,515,0.07597765440545455
0.0,516,0.07562157189910498
0.0,517,0.07526710637036245
0.0,518,0.07491425082694762
0.0,519,0.07456299830482963
0.0,520,0.07421334186811857
0.0,521,0.07386527460895866
0.0,522,0.0735187896474218
0.0,523,0.07317388013140148
0.0,524,0.07283053923650737
0.0,525,0.07248876016596009
0.0,526,0.07214853615048665
0.0,527,0.07180986044821626
0.0,528,0.07147272634457652
0.0,529,0.07113712715219014
0.0,530,0.07080305621077207
0.0,531,0.07047050688702694
0.0,532,0.07013947257454717
0.0,533,0.06980994669371125
0.0,534,0.06948192269158263
0.0,535,0.0691553940418089
0.0,536,0.06883035424452139
0.0,537,0.06850679682623537
0.0,538,0.06818471533975032
0.0,539,0.06786410336405094
0.0,540,0.06754495450420829
0.0,541,0.06722726239128156
0.0,542,0.06691102068222003
0.0,543,0.06659622305976555
0.0,544,0.06628286323235538
0.0,545,0.06597093493402541
0.0,546,0.0656604319243137
0.0,547,0.06535134798816454
0.0,548,0.06504367693583278
0.0,549,0.06473741260278852
0.0,550,0.06443254884962227
0.0,551,0.0641290795619504
0.0,552,0.06382699865032095
0.0,553,0.0635263000501199
0.0,554,0.06322697772147769
0.0,555,0.06292902564917614
0.0,556,0.06263243784255576
0.0,557,0.06233720833542337
0.0,558,0.06204333118596008
0.0,559,0.061750800476629675
0.0,560,0.06145961031408725
0.0,561,0.061169754829088256
0.0,562,0.060881228176397906
0.0,563,0.06059402453470084
0.0,564,0.060308138106511255
0.0,565,0.060023563118083205
0.0,566,0.059740293819321395
0.0,567,0.05945832448369225
0.0,568,0.05917764940813526
0.0,569,0.05889826291297473
0.0,570,0.0586201593418318
0.0,571,0.058343333061536856
0.0,572,0.05806777846204221
0.0,573,0.057793489956335105
0.0,574,0.05752046198035105
0.0,575,0.05724868899288751
0.0,576,0.056978165475517796
0.0,577,0.05670888593250545
0.0,578,0.05644084489071875
0.0,579,0.05617403689954568
0.0,580,0.055908456530809086
0.0,581,0.055644098378682234
0.0,582,0.05538095705960465
0.0,583,0.0551190272121982
0.0,584,0.054858303497183555
0.0,585,0.054598780597296934
0.0,586,0.05434045321720709
0.0,587,0.05408331608343267
0.0,588,0.053827363944259854
0.0,589,0.05357259156966023
0.0,590,0.05331899375120905
0.0,591,0.05306656530200369
0.0,592,0.05281530105658246
0.0,593,0.05256519587084372
0.0,594,0.05231624462196516
0.0,595,0.05206844220832354
0.0,596,0.051821783549414586
0.0,597,0.051576263585773226
0.0,598,0.05133187727889406
0.0,599,0.051088619611152165
0.0,600,0.05084648558572417
0.0,601,0.050605470226509554
0.0,602,0.05036556857805229
0.0,603,0.05012677570546273
0.0,604,0.04988908669433974
0.0,605,0.04965249665069317
0.0,606,0.049417000700866534
0.0,607,0.04918259399146
0.0,608,0.04894927168925364
0.0,609,0.048717028981130894
0.0,610,0.04848586107400242
0.0,611,0.04825576319473007
0.0,612,0.04802673059005125
0.0,613,0.04779875852650344
0.0,614,0.04757184229034908
0.0,615,0.0473459771875006
0.0,616,0.04712115854344583
0.0,617,0.04689738170317358
0.0,618,0.04667464203109948
0.0,619,0.04645293491099218
0.0,620,0.04623225574589965
0.0,621,0.04601259995807584
0.0,622,0.045793962988907595
0.0,623,0.04557634029884176
0.0,624,0.04535972736731255
0.0,625,0.04514411969266926
0.0,626,0.04492951279210407
0.0,627,0.04471590220158025
0.0,628,0.04450328347576047
0.0,629,0.04429165218793551
0.0,630,0.04408100392995309
0.0,631,0.04387133431214697
0.0,632,0.04366263896326637
0.0,633,0.043454913530405516
0.0,634,0.04324815367893351
0.0,635,0.04304235509242442
0.0,636,0.042837513472587616
0.0,637,0.04263362453919829
0.0,638,0.0424306840300283
0.0,639,0.04222868770077722
0.0,640,0.04202763132500357
0.0,641,0.041827510694056325
0.0,642,0.041628321617006726
0.0,643,0.041430059920580194
0.0,644,0.04123272144908857
0.0,645,0.041036302064362526
0.0,646,0.04084079764568429
0.0,647,0.040646204089720514
0.0,648,0.04045251731045539
0.0,649,0.04025973323912407
0.0,650,0.040067847824146186
0.0,651,0.03987685703105974
0.0,652,0.039686756842455075
0.0,653,0.03949754325790918
0.0,654,0.03930921229392018
0.0,655,0.03912175998384205
0.0,656,0.038935182377819545
0.0,657,0.03874947554272337
0.0,658,0.03856463556208556
0.0,659,0.03838065853603508
0.0,660,0.038197540581233654
0.0,661,0.0380152778308118
0.0,662,0.0378338664343051
0.0,663,0.03765330255759066
0.0,664,0.03747358238282385
0.0,665,0.037294702108375155
0.0,666,0.03711665794876735
0.0,667,0.03693944613461281
0.0,668,0.036763062912551096
0.0,669,0.03658750454518672
0.0,670,0.036412767311027106
0.0,671,0.03623884750442079
0.0,672,0.03606574143549585
0.0,673,0.03589344543009852
0.0,674,0.035721955829731984
0.0,675,0.035551268991495445
0.0,676,0.035381381288023366
0.0,677,0.0352122891074249
0.0,678,0.035043988853223615
0.0,679,0.03487647694429725
0.0,680,0.0347097498148179
0.0,681,0.034543803914192255
0.0,682,0.03437863570700205
0.0,683,0.0342142416729448
0.0,684,0.03405061830677469
0.0,685,0.033887762118243604
0.0,686,0.033725669632042536
0.0,687,0.03356433738774297
0.0,688,0.03340376193973867
0.0,689,0.033243939857187516
0.0,690,0.03308486772395365
0.0,691,0.03292654213854975
0.0,692,0.032768959714079525
0.0,693,0.03261211707818042
0.0,694,0.03245601087296651
0.0,695,0.03230063775497159
0.0,696,0.032145994395092435
0.0,697,0.03199207747853232
0.0,698,0.03183888370474465
0.0,699,0.03168640978737688
0.0,700,0.03153465245421455
0.0,701,0.031383608447125524
0.0,702,0.031233274522004483
0.0,703,0.03108364744871753
0.0,704,0.030934724011047052
0.0,705,0.030786501006636696
0.0,706,0.03063897524693664
0.0,707,0.030492143557148958
0.0,708,0.030346002776173223
0.0,709,0.030200549756552293
0.0,710,0.030055781364418273
0.0,711,0.02991169447943867
0.0,712,0.02976828599476274
0.0,713,0.029625552816968024
0.0,714,0.02948349186600704
0.0,715,0.029342100075154216
0.0,716,0.029201374390952942
0.0,717,0.029061311773162863
0.0,718,0.02892190919470732
0.0,719,0.028783163641620996
0.0,720,0.028645072112997712
0.0,721,0.028507631620938452
0.0,722,0.02837083919049953
0.0,723,0.028234691859640955
0.0,724,0.028099186679174982
0.0,725,0.027964320712714808
0.0,726,0.027830091036623514
0.0,727,0.027696494739963107
0.0,728,0.027563528924443796
0.0,729,0.027431190704373443
0.0,730,0.027299477206607137
0.0,731,0.02716838557049702
0.0,732,0.027037912947842243
0.0,733,0.026908056502839096
0.0,734,0.026778813412031335
0.0,735,0.02665018086426068
0.0,736,0.02652215606061746
0.0,737,0.026394736214391475
0.0,738,0.026267918551022992
0.0,739,0.026141700308053937
0.0,740,0.026016078735079246
0.0,741,0.025891051093698405
0.0,742,0.025766614657467133
0.0,743,0.025642766711849268
0.0,744,0.02551950455416879
0.0,745,0.02539682549356205
0.0,746,0.025274726850930122
0.0,747,0.025153205958891384
0.0,748,0.025032260161734203
0.0,749,0.024911886815369835
0.0,750,0.02479208328728547
0.0,751,0.02467284695649744
0.0,752,0.024554175213504614
0.0,753,0.02443606546024195
0.0,754,0.024318515110034182
0.0,755,0.024201521587549738
0.0,756,0.024085082328754736
0.0,757,0.02396919478086723
0.0,758,0.023853856402311555
0.0,759,0.023739064662672872
0.0,760,0.02362481704265185
0.0,761,0.023511111034019535
0.0,762,0.023397944139572354
0.0,763,0.023285313873087313
0.0,764,0.0231732177592773
0.0,765,0.023061653333746625
0.0,766,0.02295061814294665
0.0,767,0.022840109744131615
0.0,768,0.02273012570531462
0.0,769,0.02262066360522374
0.0,770,0.02251172103325833
0.0,771,0.02240329558944547
0.0,772,0.022295384884396578
0.0,773,0.02218798653926415
0.0,774,0.022081098185698703
0.0,775,0.021974717465805826
0.0,776,0.021868842032103413
0.0,777,0.02176346954747905
0.0,778,0.02165859768514754
0.0,779,0.02155422412860861
0.0,780,0.021450346571604727
0.0,781,0.021346962718079114
0.0,782,0.021244070282133886
0.0,783,0.02114166698798835
0.0,784,0.021039750569937454
0.0,785,0.020938318772310387
0.0,786,0.02083736934942933
0.0,787,0.02073690006556836
0.0,788,0.02063690869491249
0.0,789,0.020537393021516876
0.0,790,0.02043835083926617
0.0,791,0.020339779951834
0.0,792,0.02024167817264261
0.0,793,0.02014404332482269
0.0,794,0.020046873241173258
0.0,795,0.01995016576412178
0.0,796,0.01985391874568439
0.0,797,0.019758130047426267
0.0,798,0.019662797540422147
0.0,799,0.01956791910521699
0.0,800,0.019473492631786812
0.0,801,0.019379516019499596
0.0,802,0.01928598717707642
0.0,803,0.019192904022552693
0.0,804,0.01910026448323951
0.0,805,0.01900806649568522
0.0,806,0.01891630800563705
0.0,807,0.018824986968002933
0.0,808,0.018734101346813456
0.0,809,0.018643649115183934
0.0,810,0.01855362825527665
0.0,811,0.018464036758263216
0.0,812,0.01837487262428708
0.0,813,0.018286133862426182
0.0,814,0.018197818490655715
0.0,815,0.01810992453581106
0.0,816,0.018022450033550852
0.0,817,0.017935393028320163
0.0,818,0.017848751573313823
0.0,819,0.017762523730439926
0.0,820,0.017676707570283397
0.0,821,0.017591301172069744
0.0,822,0.01750630262362895
0.0,823,0.017421710021359442
0.0,824,0.017337521470192276
0.0,825,0.01725373508355539
0.0,826,0.017170348983338028
0.0,827,0.017087361299855258
0.0,828,0.01700477017181268
0.0,829,0.016922573746271218
0.0,830,0.016840770178612054
0.0,831,0.01675935763250171
0.0,832,0.01667833427985724
0.0,833,0.016597698300811575
0.0,834,0.016517447883678968
0.0,835,0.0164375812249206
0.0,836,0.0163580965291103
0.0,837,0.01627899200890038
0.0,838,0.016200265884987644
0.0,839,0.01612191638607946
0.0,840,0.016043941748860018
0.0,841,0.015966340217956686
0.0,842,0.01588911004590649
0.0,843,0.01581224949312274
0.0,844,0.015735756827861776
0.0,845,0.015659630326189816
0.0,846,0.015583868271949967
0.0,847,0.015508468956729332
0.0,848,0.015433430679826256
0.0,849,0.015358751748217695
0.0,850,0.015284430476526696
0.0,851,0.015210465186990024
0.0,852,0.015136854209425886
0.0,853,0.015063595881201807
0.0,854,0.014990688547202582
0.0,855,0.014918130559798418
0.0,856,0.014845920278813124
0.0,857,0.01477405607149248
0.0,858,0.014702536312472689
0.0,859,0.014631359383748977
0.0,860,0.014560523674644289
0.0,861,0.014490027581778121
0.0,862,0.014419869509035463
0.0,863,0.01435004786753587
0.0,864,0.014280561075602638
0.0,865,0.014211407558732105
0.0,866,0.014142585749563077
0.0,867,0.014074094087846363
0.0,868,0.014005931020414416
0.0,869,0.01393809500115112
0.0,870,0.013870584490961669
0.0,871,0.013803397957742563
0.0,872,0.013736533876351733
0.0,873,0.013669990728578775
0.0,874,0.01360376700311529
0.0,875,0.013537861195525351
0.0,876,0.013472271808216078
0.0,877,0.013406997350408326
0.0,878,0.01334203633810749
0.0,879,0.013277387294074416
0.0,880,0.013213048747796434
0.0,881,0.013149019235458498
0.0,882,0.013085297299914436
0.0,883,0.013021881490658315
0.0,884,0.012958770363795915
0.0,885,0.012895962482016316
0.0,886,0.012833456414563594
0.0,887,0.012771250737208622
0.0,888,0.012709344032220996
0.0,889,0.012647734888341049
0.0,890,0.012586421900751993
0.0,891,0.012525403671052157
0.0,892,0.012464678807227342
0.0,893,0.012404245923623275
0.0,894,0.012344103640918178
0.0,895,0.012284250586095445
0.0,896,0.012224685392416416
0.0,897,0.012165406699393267
0.0,898,0.012106413152762006
0.0,899,0.012047703404455566
0.0,900,0.011989276112577012
0.0,901,0.011931129941372857
0.0,902,0.011873263561206467
0.0,903,0.01181567564853158
0.0,904,0.01175836488586594
0.0,905,0.011701329961765006
0.0,906,0.011644569570795802
0.0,907,0.011588082413510831
0.0,908,0.01153186719642213
0.0,909,0.011475922631975386
0.0,910,0.011420247438524198
0.0,911,0.0113648403403044
0.0,912,0.011309700067408524
0.0,913,0.011254825355760322
0.0,914,0.011200214947089431
0.0,915,0.011145867588906106
0.0,916,0.01109178203447607
0.0,917,0.011037957042795457
0.0,918,0.010984391378565859
0.0,919,0.010931083812169467
0.0,920,0.010878033119644314
0.0,921,0.010825238082659614
0.0,922,0.010772697488491204
0.0,923,0.010720410129997075
0.0,924,0.010668374805593012
0.0,925,0.01061659031922832
0.0,926,0.010565055480361645
0.0,927,0.010513769103936916
0.0,928,0.010462730010359344
0.0,929,0.010411937025471552
0.0,930,0.010361388980529778
0.0,931,0.010311084712180188
0.0,932,0.010261023062435263
0.0,933,0.010211202878650311
0.0,934,0.010161623013500045
0.0,935,0.010112282324955271
0.0,936,0.010063179676259661
0.0,937,0.010014313935906627
0.0,938,0.009965683977616276
0.0,939,0.009917288680312476
0.0,940,0.009869126928099997
0.0,941,0.009821197610241743
0.0,942,0.009773499621136097
0.0,943,0.009726031860294334
0.0,944,0.009678793232318135
0.0,945,0.009631782646877191
0.0,946,0.0095849990186869
0.0,947,0.009538441267486146
0.0,948,0.009492108318015172
0.0,949,0.009445999099993555
0.0,950,0.009400112548098236
0.0,951,0.009354447601941684
0.0,952,0.009309003206050109
0.0,953,0.00926377830984179
0.0,954,0.00921877186760547
0.0,955,0.009173982838478858
0.0,956,0.009129410186427208
0.0,957,0.009085052880221977
0.0,958,0.009040909893419592
0.0,959,0.00899698020434028
0.0,960,0.008953262796047003
0.0,961,0.008909756656324454
0.0,962,0.008866460777658175
0.0,963,0.008823374157213727
0.0,964,0.008780495796815953
0.0,965,0.008737824702928346
0.0,966,0.008695359886632467
0.0,967,0.00865310036360748
0.0,968,0.008611045154109744
0.0,969,0.008569193282952504
0.0,970,0.00852754377948567
0.0,971,0.008486095677575658
0.0,972,0.008444848015585324
0.0,973,0.008403799836353991
0.0,974,0.008362950187177549
0.0,975,0.008322298119788624
0.0,976,0.008281842690336851
0.0,977,0.008241582959369215
0.0,978,0.008201517991810472
0.0,979,0.008161646856943658
0.0,980,0.008121968628390671
0.0,981,0.00808248238409294
0.0,982,0.008043187206292155
0.0,983,0.008004082181511116
0.0,984,0.00796516640053461
0.0,985,0.007926438958390406
0.0,986,0.007887898954330317
0.0,987,0.007849545491811325
0.0,988,0.007811377678476814
0.0,989,0.00777339462613785
0.0,990,0.0077355954507545574
0.0,991,0.007697979272417566
0.0,992,0.0076605452153295376
0.0,993,0.0076232924077867656
0.0,994,0.007586219982160854
0.0,995,0.007549327074880469
0.0,996,0.007512612826413167
0.0,997,0.007476076381247308
0.0,998,0.007439716887874023
0.0,999,0.007403533498769277
0.0,1000,0.007367525370375995
0.0,1001,0.00733169166308627
0.0,1002,0.007296031541223636
0.0,1003,0.007260544173025417
0.0,1004,0.0072252287306251595
0.0,1005,0.007190084390035131
0.0,1006,0.007155110331128881
0.0,1007,0.0071203057376238955
0.0,1008,0.00708566979706431
0.0,1009,0.007051201700803695
0.0,1010,0.007016900643987922
0.0,1011,0.0069827658255380955
0.0,1012,0.0069487964481335495
0.0,1013,0.006914991718194932
0.0,1014,0.006881350845867344
0.0,1015,0.006847873045003558
0.0,1016,0.006814557533147307
0.0,1017,0.006781403531516636
0.0,1018,0.006748410264987336
0.0,1019,0.006715576962076433
0.0,1020,0.006682902854925759
0.0,1021,0.006650387179285582
0.0,1022,0.006618029174498316
0.0,1023,0.006585828083482286
0.0,1024,0.006553783152715573
0.0,1025,0.006521893632219922
0.0,1026,0.006490158775544717
0.0,1027,0.006458577839751024
0.0,1028,0.006427150085395705
0.0,1029,0.006395874776515594
0.0,1030,0.0063647511806117435
0.0,1031,0.0063337785686337356
0.0,1032,0.00630295621496406
0.0,1033,0.006272283397402554
0.0,1034,0.006241759397150922
0.0,1035,0.0062113834987972995
0.0,1036,0.006181154990300903
0.0,1037,0.006151073162976729
0.0,1038,0.006121137311480331
0.0,1039,0.0060913467337926465
0.0,1040,0.006061700731204905
0.0,1041,0.006032198608303588
0.0,1042,0.006002839672955453
0.0,1043,0.005973623236292632
0.0,1044,0.00594454861269778
0.0,1045,0.0059156151197892965
0.0,1046,0.005886822078406604
0.0,1047,0.00585816881259549
0.0,1048,0.005829654649593519
0.0,1049,0.005801278919815491
0.0,1050,0.0057730409568389806
0.0,1051,0.005744940097389922
0.0,1052,0.005716975681328267
0.0,1053,0.005689147051633696
0.0,1054,0.005661453554391392
0.0,1055,0.005633894538777884
0.0,1056,0.005606469357046936
0.0,1057,0.005579177364515511
0.0,1058,0.0055520179195497794
0.0,1059,0.005524990383551208
0.0,1060,0.005498094120942684
0.0,1061,0.005471328499154722
0.0,1062,0.005444692888611714
0.0,1063,0.0054181866627182424
0.0,1064,0.005391809197845459
0.0,1065,0.005365559873317511
0.0,1066,0.005339438071398034
0.0,1067,0.0053134431772767
0.0,1068,0.005287574579055823
0.0,1069,0.005261831667737019
0.0,1070,0.005236213837207932
0.0,1071,0.005210720484229013
0.0,1072,0.005185351008420348
0.0,1073,0.005160104812248555
0.0,1074,0.005134981301013735
0.0,1075,0.005109979882836468
0.0,1076,0.005085099968644882
0.0,1077,0.005060340972161768
0.0,1078,0.005035702309891746
0.0,1079,0.005011183401108504
0.0,1080,0.00498678366784207
0.0,1081,0.004962502534866155
0.0,1082,0.004938339429685548
0.0,1083,0.00491429378252356
0.0,1084,0.004890365026309524
0.0,1085,0.004866552596666356
0.0,1086,0.004842855931898163
0.0,1087,0.0048192744729779035
0.0,1088,0.004795807663535109
0.0,1089,0.004772454949843652
0.0,1090,0.004749215780809571
0.0,1091,0.0047260896079589455
0.0,1092,0.0047030758854258265
0.0,1093,0.004680174069940216
0.0,1094,0.004657383620816106
0.0,1095,0.004634703999939559
0.0,1096,0.004612134671756847
0.0,1097,0.0045896751032626455
0.0,1098,0.0045673247639882696
0.0,1099,0.004545083125989969
0.0,1100,0.00452294966383727
0.0,1101,0.004500923854601373
0.0,1102,0.004479005177843591
0.0,1103,0.004457193115603854
0.0,1104,0.004435487152389245
0.0,1105,0.004413886775162606
0.0,1106,0.0043923914733311736
0.0,1107,0.004371000738735283
0.0,1108,0.004349714065637107
0.0,1109,0.004328530950709454
0.0,1110,0.004307450893024607
0.0,1111,0.004286473394043222
0.0,1112,0.004265597957603261
0.0,1113,0.004244824089908987
0.0,1114,0.004224151299520002
0.0,1115,0.004203579097340328
0.0,1116,0.004183106996607545
0.0,1117,0.004162734512881971
0.0,1118,0.004142461164035891
0.0,1119,0.004122286470242833
0.0,1120,0.0041022099539668915
0.0,1121,0.004082231139952101
0.0,1122,0.004062349555211846
0.0,1123,0.004042564729018335
0.0,1124,0.004022876192892102
0.0,1125,0.004003283480591568
0.0,1126,0.003983786128102642
0.0,1127,0.0039643836736283685
0.0,1128,0.003945075657578626
0.0,1129,0.003925861622559861
0.0,1130,0.0039067411133648765
0.0,1131,0.003887713676962662
0.0,1132,0.003868778862488266
0.0,1133,0.0038499362212327188
0.0,1134,0.0038311853066329967
0.0,1135,0.003812525674262029
0.0,1136,0.003793956881818752
0.0,1137,0.003775478489118207
0.0,1138,0.0037570900580816808
0.0,1139,0.0037387911527268884
0.0,1140,0.003720581339158206
0.0,1141,0.003702460185556938
0.0,1142,0.0036844272621716326
0.0,1143,0.0036664821413084424
0.0,1144,0.0036486243973215212
0.0,1145,0.003630853606603471
0.0,1146,0.003613169347575824
0.0,1147,0.003595571200679572
0.0,1148,0.0035780587483657394
0.0,1149,0.0035606315750859904
0.0,1150,0.0035432892672832856
0.0,1151,0.003526031413382578
0.0,1152,0.003508857603781548
0.0,1153,0.0034917674308413836
0.0,1154,0.003474760488877599
0.0,1155,0.0034578363741508923
0.0,1156,0.0034409946848580524
0.0,1157,0.003424235021122894
0.0,1158,0.0034075569849872454
0.0,1159,0.003390960180401967
0.0,1160,0.0033744442132180147
0.0,1161,0.003358008691177544
0.0,1162,0.0033416532239050494
0.0,1163,0.0033253774228985495
0.0,1164,0.003309180901520805
0.0,1165,0.0032930632749905817
0.0,1166,0.0032770241603739484
0.0,1167,0.003261063176575618
0.0,1168,0.003245179944330322
0.0,1169,0.0032293740861942285
0.0,1170,0.0032136452265363966
0.0,1171,0.00319799299153027
0.0,1172,0.0031824170091452057
0.0,1173,0.0031669169091380453
0.0,1174,0.003151492323044722
0.0,1175,0.003136142884171905
0.0,1176,0.003120868227588681
0.0,1177,0.003105667990118274
0.0,1178,0.0030905418103298037
0.0,1179,0.003075489328530077
0.0,1180,0.0030605101867554226
0.0,1181,0.0030456040287635522
0.0,1182,0.0030307705000254736
0.0,1183,0.0030160092477174243
0.0,1184,0.0030013199207128507
0.0,1185,0.002986702169574423
0.0,1186,0.0029721556465460825
0.0,1187,0.0029576800055451263
0.0,1188,0.0029432749021543318
0.0,1189,0.0029289399936141087
0.0,1190,0.002914674938814693
0.0,1191,0.0029004793982883737
0.0,1192,0.0028863530342017555
0.0,1193,0.0028722955103480546
0.0,1194,0.0028583064921394335
0.0,1195,0.002844385646599364
0.0,1196,0.0028305326423550318
0.0,1197,0.00281674714962977
0.0,1198,0.0028030288402355295
0.0,1199,0.002789377387565384
0.0,1200,0.002775792466586067
0.0,1201,0.0027622737538305435
0.0,1202,0.002748820927390616
0.0,1203,0.002735433666909563
0.0,1204,0.002722111653574812
0.0,1205,0.0027088545701106446
0.0,1206,0.002695662100770935
0.0,1207,0.002682533931331924
0.0,1208,0.0026694697490850195
0.0,1209,0.0026564692428296373
0.0,1210,0.0026435321028660703
0.0,1211,0.002630658020988389
0.0,1212,0.002617846690477378
0.0,1213,0.002605097806093501
0.0,1214,0.002592411064069902
0.0,1215,0.0025797861621054325
0.0,1216,0.002567222799357717
0.0,1217,0.002554720676436245
0.0,1218,0.0025422794953954973
0.0,1219,0.002529898959728102
0.0,1220,0.0025175787743580234
0.0,1221,0.0025053186456337794
0.0,1222,0.002493118281321694
0.0,1223,0.002480977390599176
0.0,1224,0.0024688956840480305
0.0,1225,0.0024568728736478027
0.0,1226,0.002444908672769148
0.0,1227,0.002433002796167236
0.0,1228,0.002421154959975184
0.0,1229,0.002409364881697519
0.0,1230,0.002397632280203669
0.0,1231,0.0023859568757214895
0.0,1232,0.002374338389830812
0.0,1233,0.002362776545457027
0.0,1234,0.002351271066864696
0.0,1235,0.0023398216796511914
0.0,1236,0.002328428110740365
0.0,1237,0.0023170900883762477
0.0,1238,0.0023058073421167776
0.0,1239,0.0022945796028275537
0.0,1240,0.0022834066026756247
0.0,1241,0.002272288075123298
0.0,1242,0.002261223754921984
0.0,1243,0.0022502133781060678
0.0,1244,0.0022392566819868028
0.0,1245,0.0022283534051462414
0.0,1246,0.002217503287431187
0.0,1247,0.002206706069947176
0.0,1248,0.002195961495052489
0.0,1249,0.0021852693063521868
0.0,1250,0.0021746292486921736
0.0,1251,0.0021640410681532923
0.0,1252,0.0021535045120454417
0.0,1253,0.002143019328901723
0.0,1254,0.002132585268472613
0.0,1255,0.0021222020817201637
0.0,1256,0.002111869520812231
0.0,1257,0.0021015873391167263
0.0,1258,0.0020913552911958964
0.0,1259,0.002081173132800631
0.0,1260,0.0020710406208647946
0.0,1261,0.0020609575134995857
0.0,1262,0.0020509235699879206
0.0,1263,0.0020409385507788457
0.0,1264,0.002031002217481972
0.0,1265,0.0020211143328619403
0.0,1266,0.0020112746608329057
0.0,1267,0.0020014829664530536
0.0,1268,0.001991739015919136
0.0,1269,0.0019820425765610396
0.0,1270,0.0019723934168363695
0.0,1271,0.001962791306325067
0.0,1272,0.0019532360157240494
0.0,1273,0.0019437273168418697
0.0,1274,0.0019342649825934105
0.0,1275,0.001924848786994593
0.0,1276,0.0019154785051571175
0.0,1277,0.001906153913283224
0.0,1278,0.00189687478866048
0.0,1279,0.0018876409096565895
0.0,1280,0.0018784520557142295
0.0,1281,0.0018693080073459072
0.0,1282,0.0018602085461288435
0.0,1283,0.001851153454699879
0.0,1284,0.0018421425167504041
0.0,1285,0.0018331755170213123
0.0,1286,0.0018242522412979768
0.0,1287,0.0018153724764052523
0.0,1288,0.0018065360102024971
0.0,1289,0.00179774263157862
0.0,1290,0.0017889921304471512
0.0,1291,0.0017802842977413336
0.0,1292,0.001771618925409239
0.0,1293,0.0017629958064089063
0.0,1294,0.0017544147347035024
0.0,1295,0.001745875505256506
0.0,1296,0.0017373779140269126
0.0,1297,0.0017289217579644631
0.0,1298,0.0017205068350048954
0.0,1299,0.0017121329440652154
0.0,1300,0.0017037998850389924
0.0,1301,0.0016955074587916752
0.0,1302,0.0016872554671559317
0.0,1303,0.0016790437129270079
0.0,1304,0.0016708719998581104
0.0,1305,0.0016627401326558095
0.0,1306,0.0016546479169754647
0.0,1307,0.00164659515941667
0.0,1308,0.001638581667518722
0.0,1309,0.0016306072497561093
0.0,1310,0.0016226717155340205
0.0,1311,0.0016147748751838777
0.0,1312,0.0016069165399588846
0.0,1313,0.0015990965220296029
0.0,1314,0.0015913146344795426
0.0,1315,0.0015835706913007775
0.0,1316,0.0015758645073895789
0.0,1317,0.0015681958985420703
0.0,1318,0.0015605646814499032
0.0,1319,0.0015529706736959522
0.0,1320,0.001545413693750031
0.0,1321,0.0015378935609646266
0.0,1322,0.0015304100955706574
0.0,1323,0.0015229631186732466
0.0,1324,0.0015155524522475188
0.0,1325,0.0015081779191344151
0.0,1326,0.001500839343036527
0.0,1327,0.001493536548513952
0.0,1328,0.0014862693609801665
0.0,1329,0.001479037606697918
0.0,1330,0.00147184111277514
0.0,1331,0.0014646797071608817
0.0,1332,0.001457553218641259
0.0,1333,0.0014504614768354252
0.0,1334,0.0014434043121915588
0.0,1335,0.0014363815559828709
0.0,1336,0.0014293930403036323
0.0,1337,0.0014224385980652187
0.0,1338,0.001415518062992173
0.0,1339,0.0014086312696182893
0.0,1340,0.001401778053282712
0.0,1341,0.0013949582501260548
0.0,1342,0.0013881716970865394
0.0,1343,0.00138141823189615
0.0,1344,0.0013746976930768058
0.0,1345,0.0013680099199365548
0.0,1346,0.0013613547525657813
0.0,1347,0.0013547320318334345
0.0,1348,0.0013481415993832728
0.0,1349,0.0013415832976301282
0.0,1350,0.0013350569697561845
0.0,1351,0.0013285624597072774
0.0,1352,0.001322099612189209
0.0,1353,0.0013156682726640809
0.0,1354,0.001309268287346645
0.0,1355,0.0013028995032006692
0.0,1356,0.0012965617679353248
0.0,1357,0.0012902549300015855
0.0,1358,0.0012839788385886474
0.0,1359,0.0012777333436203644
0.0,1360,0.0012715182957517013
0.0,1361,0.0012653335463652011
0.0,1362,0.0012591789475674736
0.0,1363,0.0012530543521856957
0.0,1364,0.0012469596137641317
0.0,1365,0.001240894586560668
0.0,1366,0.001234859125543366
0.0,1367,0.0012288530863870295
0.0,1368,0.00122287632546979
0.0,1369,0.0012169286998697066
0.0,1370,0.0012110100673613836
0.0,1371,0.0012051202864126022
0.0,1372,0.0011992592161809703
0.0,1373,0.0011934267165105868
0.0,1374,0.0011876226479287217
0.0,1375,0.0011818468716425128
0.0,1376,0.0011760992495356772
0.0,1377,0.001170379644165239
0.0,1378,0.0011646879187582715
0.0,1379,0.0011590239372086572
0.0,1380,0.0011533875640738593
0.0,1381,0.0011477786645717133
0.0,1382,0.0011421971045772296
0.0,1383,0.0011366427506194134
0.0,1384,0.0011311154698780998
0.0,1385,0.0011256151301808027
0.0,1386,0.0011201415999995798
0.0,1387,0.0011146947484479129
0.0,1388,0.0011092744452776003
0.0,1389,0.0011038805608756678
0.0,1390,0.0010985129662612915
0.0,1391,0.0010931715330827364
0.0,1392,0.0010878561336143094
0.0,1393,0.001082566640753327
0.0,1394,0.0010773029280170966
0.0,1395,0.0010720648695399131
0.0,1396,0.00106685234007007
0.0,1397,0.001061665214966883
0.0,1398,0.00105650337019773
0.0,1399,0.0010513666823351033
0.0,1400,0.0010462550285536773
0.0,1401,0.0010411682866273892
0.0,1402,0.0010361063349265337
0.0,1403,0.0010310690524148731
0.0,1404,0.0010260563186467579
0.0,1405,0.001021068013764264
0.0,1406,0.0010161040184943433
0.0,1407,0.0010111642141459863
0.0,1408,0.001006248482607399
0.0,1409,0.0010013567063431946
0.0,1410,0.0009964887683915958
0.0,1411,0.0009916445523616535
0.0,1412,0.0009868239424304758
0.0,1413,0.000982026823340474
0.0,1414,0.0009772530803966162
0.0,1415,0.0009725025994637014
0.0,1416,0.0009677752669636385
0.0,1417,0.0009630709698727451
0.0,1418,0.0009583895957190551
0.0,1419,0.0009537310325796407
0.0,1420,0.0009490951690779474
0.0,1421,0.000944481894381141
0.0,1422,0.0009398910981974672
0.0,1423,0.000935322670773625
0.0,1424,0.0009307765028921511
0.0,1425,0.0009262524858688182
0.0,1426,0.0009217505115500448
0.0,1427,0.0009172704723103177
0.0,1428,0.0009128122610496267
0.0,1429,0.0009083757711909122
0.0,1430,0.0009039608966775243
0.0,1431,0.0008995675319706938
0.0,1432,0.0008951955720470166
0.0,1433,0.0008908449123959485
0.0,1434,0.000886515449017314
0.0,1435,0.0008822070784188246
0.0,1436,0.0008779196976136109
0.0,1437,0.0008736532041177656
0.0,1438,0.0008694074959478996
0.0,1439,0.0008651824716187066
0.0,1440,0.0008609780301405439
0.0,1441,0.0008567940710170208
0.0,1442,0.0008526304942426009
0.0,1443,0.0008484872003002152
0.0,1444,0.0008443640901588862
0.0,1445,0.0008402610652713642
0.0,1446,0.0008361780275717748
0.0,1447,0.0008321148794732764
0.0,1448,0.0008280715238657317
0.0,1449,0.000824047864113387
0.0,1450,0.0008200438040525652
0.0,1451,0.000816059247989369
0.0,1452,0.0008120941006973946
0.0,1453,0.0008081482674154577
0.0,1454,0.0008042216538453287
0.0,1455,0.0008003141661494803
0.0,1456,0.0007964257109488453
0.0,1457,0.0007925561953205847
0.0,1458,0.0007887055267958676
0.0,1459,0.0007848736133576608
0.0,1460,0.0007810603634385299
0.0,1461,0.0007772656859184495
0.0,1462,0.0007734894901226259
0.0,1463,0.0007697316858193289
0.0,1464,0.0007659921832177342
0.0,1465,0.0007622708929657771
0.0,1466,0.0007585677261480147
0.0,1467,0.0007548825942835001
0.0,1468,0.0007512154093236666
0.0,1469,0.0007475660836502213
0.0,1470,0.0007439345300730486
0.0,1471,0.000740320661828126
0.0,1472,0.0007367243925754467
0.0,1473,0.0007331456363969548
0.0,1474,0.0007295843077944897
0.0,1475,0.0007260403216877396
0.0,1476,0.0007225135934122054
0.0,1477,0.0007190040387171753
0.0,1478,0.0007155115737637074
0.0,1479,0.000712036115122624
0.0,1480,0.0007085775797725131
0.0,1481,0.0007051358850977427
0.0,1482,0.0007017109488864811
0.0,1483,0.0006983026893287303
0.0,1484,0.0006949110250143657
0.0,1485,0.0006915358749311877
0.0,1486,0.0006881771584629814
0.0,1487,0.0006848347953875859
0.0,1488,0.0006815087058749728
0.0,1489,0.0006781988104853345
0.0,1490,0.0006749050301671813
0.0,1491,0.0006716272862554478
0.0,1492,0.0006683655004696081
0.0,1493,0.0006651195949118007
0.0,1494,0.0006618894920649622
0.0,1495,0.0006586751147909693
0.0,1496,0.0006554763863287915
0.0,1497,0.0006522932302926509
0.0,1498,0.0006491255706701918
0.0,1499,0.0006459733318206589
0.0,1500,0.0006428364384730849
0.0,1501,0.0006397148157244857
0.0,1502,0.0006366083890380651
0.0,1503,0.0006335170842414281
0.0,1504,0.0006304408275248031
0.0,1505,0.0006273795454392719
0.0,1506,0.0006243331648950091
0.0,1507,0.0006213016131595291
0.0,1508,0.0006182848178559428
0.0,1509,0.0006152827069612213
0.0,1510,0.0006122952088044697
0.0,1511,0.000609322252065207
0.0,1512,0.000606363765771657
0.0,1513,0.000603419679299045
0.0,1514,0.0006004899223679044
0.0,1515,0.0005975744250423907
0.0,1516,0.000594673117728604
0.0,1517,0.0005917859311729191
0.0,1518,0.0005889127964603249
0.0,1519,0.0005860536450127702
0.0,1520,0.0005832084085875185
0.0,1521,0.000580377019275511
0.0,1522,0.0005775594094997366
0.0,1523,0.0005747555120136108
0.0,1524,0.0005719652598993615
0.0,1525,0.0005691885865664236
0.0,1526,0.00056642542574984
0.0,1527,0.0005636757115086724
0.0,1528,0.0005609393782244177
0.0,1529,0.0005582163605994331
0.0,1530,0.0005555065936553692
0.0,1531,0.0005528100127316098
0.0,1532,0.0005501265534837196
0.0,1533,0.0005474561518818999
0.0,1534,0.0005447987442094512
0.0,1535,0.0005421542670612429
0.0,1536,0.0005395226573421923
0.0,1537,0.000536903852265748
0.0,1538,0.0005342977893523836
0.0,1539,0.0005317044064280967
0.0,1540,0.0005291236416229163
0.0,1541,0.0005265554333694167
0.0,1542,0.0005239997204012389
0.0,1543,0.0005214564417516197
0.0,1544,0.0005189255367519268
0.0,1545,0.0005164069450302023
0.0,1546,0.0005139006065097122
0.0,1547,0.0005114064614075035
0.0,1548,0.000508924450232968
0.0,1549,0.0005064545137864138
0.0,1550,0.0005039965931576426
0.0,1551,0.0005015506297245348
0.0,1552,0.0004991165651516408
0.0,1553,0.0004966943413887802
0.0,1554,0.0004942839006696466
0.0,1555,0.0004918851855104197
0.0,1556,0.0004894981387083843
0.0,1557,0.00048712270334055576
0.0,1558,0.00048475882276231245
0.0,1559,0.00048240644060603424
0.0,1560,0.00048006550077974824
0.0,1561,0.00047773594746578087
0.0,1562,0.0004754177251194164
0.0,1563,0.00047311077846756206
0.0,1564,0.0004708150525074199
0.0,1565,0.0004685304925051645
0.0,1566,0.00046625704399462807
0.0,1567,0.0004639946527759906
0.0,1568,0.0004617432649144779
0.0,1569,0.0004595028267390648
0.0,1570,0.00045727328484118505
0.0,1571,0.00045505458607344773
0.0,1572,0.0004528466775483596
0.0,1573,0.0004506495066370538
0.0,1574,0.0004484630209680247
0.0,1575,0.0004462871684258687
0.0,1576,0.0004441218971500318
0.0,1577,0.00044196715553356235
0.0,1578,0.0004398228922218707
0.0,1579,0.00043768905611149447
0.0,1580,0.00043556559634886965
0.0,1581,0.0004334524623291084
0.0,1582,0.0004313496036947817
0.0,1583,0.0004292569703347093
0.0,1584,0.00042717451238275417
0.0,1585,0.0004251021802166239
0.0,1586,0.0004230399244566773
0.0,1587,0.000420987695964737
0.0,1588,0.00041894544584290816
0.0,1589,0.00041691312543240213
0.0,1590,0.00041489068631236686
0.0,1591,0.0004128780802987221
0.0,1592,0.000410875259443001
0.0,1593,0.0004088821760311965
0.0,1594,0.0004068987825826146
0.0,1595,0.00040492503184873187
0.0,1596,0.0004029608768120593
0.0,1597,0.0004010062706850118
0.0,1598,0.00039906116690878246
0.0,1599,0.0003971255191522232
0.0,1600,0.00039519928131073024
0.0,1601,0.0003932824075051353
0.0,1602,0.00039137485208060193
0.0,1603,0.00038947656960552777
0.0,1604,0.00038758751487045145
0.0,1605,0.00038570764288696545
0.0,1606,0.0003838369088866337
0.0,1607,0.0003819752683199151
0.0,1608,0.0003801226768550916
0.0,1609,0.0003782790903772022
0.0,1610,0.0003764444649869815
0.0,1611,0.0003746187569998037
0.0,1612,0.0003728019229446322
0.0,1613,0.0003709939195629733
0.0,1614,0.00036919470380783616
0.0,1615,0.000367404232842697
0.0,1616,0.00036562246404046856
0.0,1617,0.000363849354982475
0.0,1618,0.00036208486345743124
0.0,1619,0.0003603289474604275
0.0,1620,0.0003585815651919188
0.0,1621,0.0003568426750567195
0.0,1622,0.0003551122356630028
0.0,1623,0.00035339020582130464
0.0,1624,0.0003516765445435329
0.0,1625,0.0003499712110419816
0.0,1626,0.0003482741647283493
0.0,1627,0.000346585365212763
0.0,1628,0.00034490477230280595
0.0,1629,0.0003432323460025512
0.0,1630,0.00034156804651159936
0.0,1631,0.0003399118342241207
0.0,1632,0.0003382636697279026
0.0,1633,0.0003366235138034013
0.0,1634,0.0003349913274227985
0.0,1635,0.000333367071749062
0.0,1636,0.0003317507081350119
0.0,1637,0.00033014219812239036
0.0,1638,0.0003285415034409365
0.0,1639,0.00032694858600746594
0.0,1640,0.000325363407924954
0.0,1641,0.00032378593148162457
0.0,1642,0.0003222161191500423
0.0,1643,0.00032065393358621025
0.0,1644,0.0003190993376286709
0.0,1645,0.00031755229429761256
0.0,1646,0.00031601276679397945
0.0,1647,0.00031448071849858643
0.0,1648,0.0003129561129712379
0.0,1649,0.00031143891394985144
0.0,1650,0.0003099290853495848
0.0,1651,0.00030842659126196847
0.0,1652,0.0003069313959540412
0.0,1653,0.0003054434638674906
0.0,1654,0.0003039627596177977
0.0,1655,0.0003024892479933854
0.0,1656,0.0003010228939547717
0.0,1657,0.0002995636626337266
0.0,1658,0.00029811151933243295
0.0,1659,0.0002966664295226522
0.0,1660,0.0002952283588448934
0.0,1661,0.0002937972731075866
0.0,1662,0.00029237313828626044
0.0,1663,0.0002909559205227235
0.0,1664,0.00028954558612424977
0.0,1665,0.0002881421015627683
0.0,1666,0.0002867454334740562
0.0,1667,0.0002853555486569365
0.0,1668,0.0002839724140724791
0.0,1669,0.00028259599684320603
0.0,1670,0.00028122626425230063
0.0,1671,0.00027986318374282053
0.0,1672,0.0002785067229169143
0.0,1673,0.0002771568495350424
0.0,1674,0.0002758135315152012
0.0,1675,0.00027447673693215165
0.0,1676,0.00027314643401665117
0.0,1677,0.0002718225911546893
0.0,1678,0.0002705051768867275
0.0,1679,0.00026919415990694223
0.0,1680,0.000267889509062472
0.0,1681,0.00026659119335266797
0.0,1682,0.00026529918192834824
0.0,1683,0.000264013444091056
0.0,1684,0.00026273394929232093
0.0,1685,0.00026146066713292446
0.0,1686,0.0002601935673621686
0.0,1687,0.00025893261987714876
0.0,1688,0.0002576777947220288
0.0,1689,0.00025642906208732136
0.0,1690,0.0002551863923091706
0.0,1691,0.0002539497558686386
0.0,1692,0.00025271912339099587
0.0,1693,0.0002514944656450143
0.0,1694,0.00025027575354226455
0.0,1695,0.00024906295813641616
0.0,1696,0.00024785605062254193
0.0,1697,0.00024665500233642454
0.0,1698,0.00024545978475386753
0.0,1699,0.00024427036949000954
0.0,1700,0.0002430867282986413
0.0,1701,0.00024190883307152657
0.0,1702,0.00024073665583772627
0.0,1703,0.0002395701687629257
0.0,1704,0.00023840934414876534
0.0,1705,0.00023725415443217484
0.0,1706,0.00023610457218471004
0.0,1707,0.00023496057011189372
0.0,1708,0.00023382212105255902
0.0,1709,0.0002326891979781966
0.0,1710,0.00023156177399230458
0.0,1711,0.00023043982232974193
0.0,1712,0.000229323316356085
0.0,1713,0.00022821222956698694
0.0,1714,0.0002271065355875407
0.0,1715,0.00022600620817164483
0.0,1716,0.00022491122120137238
0.0,1717,0.00022382154868634316
0.0,1718,0.0002227371647630988
0.0,1719,0.00022165804369448107
0.0,1720,0.000220584159869013
0.0,1721,0.0002195154878002834
0.0,1722,0.00021845200212633402
0.0,1723,0.00021739367760904998
0.0,1724,0.00021634048913355306
0.0,1725,0.00021529241170759807
0.0,1726,0.0002142494204609719
0.0,1727,0.0002132114906448961
0.0,1728,0.0002121785976314316
0.0,1729,0.00021115071691288708
0.0,1730,0.00021012782410122967
0.0,1731,0.00020910989492749912
0.0,1732,0.00020809690524122414
0.0,1733,0.00020708883100984223
0.0,1734,0.00020608564831812212
0.0,1735,0.0002050873333675888
0.0,1736,0.00020409386247595193
0.0,1737,0.00020310521207653635
0.0,1738,0.00020212135871771608
0.0,1739,0.00020114227906235056
0.0,1740,0.000200167949887224
0.0,1741,0.00019919834808248724
0.0,1742,0.0001982334506511025
0.0,1743,0.0001972732347082908
0.0,1744,0.00019631767748098212
0.0,1745,0.0001953667563072682
0.0,1746,0.0001944204486358581
0.0,1747,0.0001934787320255363
0.0,1748,0.00019254158414462363
0.0,1749,0.00019160898277044086
0.0,1750,0.0001906809057887745
0.0,1751,0.0001897573311933459
0.0,1752,0.00018883823708528235
0.0,1753,0.00018792360167259122
0.0,1754,0.0001870134032696363
0.0,1755,0.00018610762029661697
0.0,1756,0.0001852062312790499
0.0,1757,0.0001843092148472532
0.0,1758,0.00018341654973583307
0.0,1759,0.00018252821478317315
0.0,1760,0.00018164418893092623
0.0,1761,0.00018076445122350838
0.0,1762,0.00017988898080759593
0.0,1763,0.00017901775693162438
0.0,1764,0.0001781507589452902
0.0,1765,0.0001772879662990549
0.0,1766,0.00017642935854365156
0.0,1767,0.00017557491532959376
0.0,1768,0.00017472461640668694
0.0,1769,0.00017387844162354216
0.0,1770,0.00017303637092709227
0.0,1771,0.00017219838436211034
0.0,1772,0.00017136446207073066
0.0,1773,0.00017053458429197192
0.0,1774,0.00016970873136126273
0.0,1775,0.00016888688370996955
0.0,1776,0.00016806902186492696
0.0,1777,0.00016725512644797017
0.0,1778,0.0001664451781754697
0.0,1779,0.00016563915785786865
0.0,1780,0.00016483704639922198
0.0,1781,0.0001640388247967382
0.0,1782,0.00016324447414032322
0.0,1783,0.00016245397561212636
0.0,1784,0.0001616673104860889
0.0,1785,0.0001608844601274946
0.0,1786,0.00016010540599252225
0.0,1787,0.0001593301296278009
0.0,1788,0.00015855861266996695
0.0,1789,0.00015779083684522337
0.0,1790,0.00015702678396890124
0.0,1791,0.00015626643594502345
0.0,1792,0.00015550977476587037
0.0,1793,0.00015475678251154794
0.0,1794,0.00015400744134955744
0.0,1795,0.00015326173353436785
0.0,1796,0.00015251964140699
0.0,1797,0.00015178114739455292
0.0,1798,0.0001510462340098823
0.0,1799,0.00015031488385108092
0.0,1800,0.00014958707960111115
0.0,1801,0.0001488628040273796
0.0,1802,0.00014814203998132384
0.0,1803,0.00014742477039800082
0.0,1804,0.0001467109782956778
0.0,1805,0.00014600064677542485
0.0,1806,0.00014529375902070973
0.0,1807,0.0001445902982969943
0.0,1808,0.0001438902479513335
0.0,1809,0.0001431935914119756
0.0,1810,0.00014250031218796525
0.0,1811,0.00014181039386874754
0.0,1812,0.0001411238201237748
0.0,1813,0.00014044057470211495
0.0,1814,0.0001397606414320617
0.0,1815,0.00013908400422074705
0.0,1816,0.0001384106470537551
0.0,1817,0.00013774055399473848
0.0,1818,0.0001370737091850359
0.0,1819,0.00013641009684329226
0.0,1820,0.00013574970126508016
0.0,1821,0.0001350925068225235
0.0,1822,0.00013443849796392277
0.0,1823,0.00013378765921338235
0.0,1824,0.00013313997517043957
0.0,1825,0.00013249543050969554
0.0,1826,0.0001318540099804477
0.0,1827,0.00013121569840632456
0.0,1828,0.00013058048068492192
0.0,1829,0.00012994834178744065
0.0,1830,0.00012931926675832688
0.0,1831,0.00012869324071491345
0.0,1832,0.00012807024884706333
0.0,1833,0.00012745027641681466
0.0,1834,0.00012683330875802763
0.0,1835,0.00012621933127603322
0.0,1836,0.0001256083294472833
0.0,1837,0.0001250002888190028
0.0,1838,0.00012439519500884343
0.0,1839,0.00012379303370453908
0.0,1840,0.00012319379066356306
0.0,1841,0.00012259745171278686
0.0,1842,0.00012200400274814057
0.0,1843,0.00012141342973427514
0.0,1844,0.00012082571870422615
0.0,1845,0.00012024085575907934
0.0,1846,0.00011965882706763768
0.0,1847,0.00011907961886609004
0.0,1848,0.00011850321745768174
0.0,1849,0.00011792960921238639
0.0,1850,0.00011735878056657954
0.0,1851,0.00011679071802271388
0.0,1852,0.00011622540814899605
0.0,1853,0.00011566283757906506
0.0,1854,0.00011510299301167211
0.0,1855,0.00011454586121036235
0.0,1856,0.00011399142900315773
0.0,1857,0.00011343968328224187
0.0,1858,0.00011289061100364613
0.0,1859,0.00011234419918693738
0.0,1860,0.00011180043491490728
0.0,1861,0.00011125930533326312
0.0,1862,0.00011072079765032007
0.0,1863,0.00011018489913669506
0.0,1864,0.00010965159712500208
0.0,1865,0.00010912087900954904
0.0,1866,0.00010859273224603602
0.0,1867,0.00010806714435125516
0.0,1868,0.00010754410290279184
0.0,1869,0.00010702359553872747
0.0,1870,0.00010650560995734373
0.0,1871,0.00010599013391682805
0.0,1872,0.00010547715523498088
0.0,1873,0.00010496666178892416
0.0,1874,0.00010445864151481121
0.0,1875,0.00010395308240753826
0.0,1876,0.00010344997252045709
0.0,1877,0.00010294929996508935
0.0,1878,0.00010245105291084217
0.0,1879,0.0001019552195847251
0.0,1880,0.00010146178827106856
0.0,1881,0.00010097074731124361
0.0,1882,0.00010048208510338311
0.0,1883,9.999579010210422e-05
0.0,1884,9.951185081823234e-05
0.0,1885,9.903025581852632e-05
0.0,1886,9.855099372540499e-05
0.0,1887,9.807405321667524e-05
0.0,1888,9.759942302526111e-05
0.0,1889,9.712709193893454e-05
0.0,1890,9.665704880004718e-05
0.0,1891,9.618928250526369e-05
0.0,1892,9.572378200529627e-05
0.0,1893,9.526053630464047e-05
0.0,1894,9.479953446131239e-05
0.0,1895,9.434076558658703e-05
0.0,1896,9.38842188447381e-05
0.0,1897,9.342988345277902e-05
0.0,1898,9.2977748680205e-05
0.0,1899,9.252780384873685e-05
0.0,1900,9.208003833206553e-05
0.0,1901,9.163444155559833e-05
0.0,1902,9.11910029962061e-05
0.0,1903,9.074971218197177e-05
0.0,1904,9.031055869194016e-05
0.0,1905,8.987353215586893e-05
0.0,1906,8.94386222539808e-05
0.0,1907,8.900581871671696e-05
0.0,1908,8.857511132449174e-05
0.0,1909,8.814648990744844e-05
0.0,1910,8.771994434521633e-05
0.0,1911,8.729546456666897e-05
0.0,1912,8.687304054968352e-05
0.0,1913,8.64526623209014e-05
0.0,1914,8.603431995549006e-05
0.0,1915,8.561800357690591e-05
0.0,1916,8.520370335665843e-05
0.0,1917,8.479140951407541e-05
0.0,1918,8.438111231606939e-05
0.0,1919,8.397280207690523e-05
0.0,1920,8.356646915796876e-05
0.0,1921,8.316210396753668e-05
0.0,1922,8.275969696054743e-05
0.0,1923,8.235923863837341e-05
0.0,1924,8.196071954859407e-05
0.0,1925,8.156413028477027e-05
0.0,1926,8.116946148621973e-05
0.0,1927,8.077670383779351e-05
0.0,1928,8.038584806965363e-05
0.0,1929,7.999688495705188e-05
0.0,1930,7.96098053201095e-05
0.0,1931,7.922460002359812e-05
0.0,1932,7.88412599767217e-05
0.0,1933,7.845977613289958e-05
0.0,1934,7.808013948955055e-05
0.0,1935,7.770234108787795e-05
0.0,1936,7.732637201265596e-05
0.0,1937,7.69522233920168e-05
0.0,1938,7.657988639723903e-05
0.0,1939,7.620935224253687e-05
0.0,1940,7.58406121848506e-05
0.0,1941,7.547365752363793e-05
0.0,1942,7.510847960066639e-05
0.0,1943,7.474506979980681e-05
0.0,1944,7.438341954682779e-05
0.0,1945,7.402352030919107e-05
0.0,1946,7.366536359584806e-05
0.0,1947,7.330894095703727e-05
0.0,1948,7.295424398408277e-05
0.0,1949,7.260126430919361e-05
0.0,1950,7.224999360526429e-05
0.0,1951,7.190042358567608e-05
0.0,1952,7.155254600409949e-05
0.0,1953,7.120635265429754e-05
0.0,1954,7.08618353699301e-05
0.0,1955,7.051898602435919e-05
0.0,1956,7.017779653045512e-05
0.0,1957,6.983825884040372e-05
0.0,1958,6.950036494551448e-05
0.0,1959,6.916410687602953e-05
0.0,1960,6.882947670093376e-05
0.0,1961,6.849646652776557e-05
0.0,1962,6.816506850242894e-05
0.0,1963,6.7835274809006e-05
0.0,1964,6.750707766957088e-05
0.0,1965,6.718046934400419e-05
0.0,1966,6.685544212980869e-05
0.0,1967,6.653198836192554e-05
0.0,1968,6.621010041255176e-05
0.0,1969,6.588977069095838e-05
0.0,1970,6.557099164330952e-05
0.0,1971,6.525375575248251e-05
0.0,1972,6.493805553788857e-05
0.0,1973,6.462388355529477e-05
0.0,1974,6.431123239664654e-05
0.0,1975,6.400009468989115e-05
0.0,1976,6.369046309880218e-05
0.0,1977,6.338233032280464e-05
0.0,1978,6.307568909680111e-05
0.0,1979,6.277053219099864e-05
0.0,1980,6.246685241073655e-05
0.0,1981,6.216464259631509e-05
0.0,1982,6.186389562282479e-05
0.0,1983,6.156460439997692e-05
0.0,1984,6.126676187193448e-05
0.0,1985,6.097036101714426e-05
0.0,1986,6.067539484816958e-05
0.0,1987,6.038185641152388e-05
0.0,1988,6.0089738787505185e-05
0.0,1989,5.979903509003127e-05
0.0,1990,5.950973846647578e-05
0.0,1991,5.9221842097505e-05
0.0,1992,5.8935339196915534e-05
0.0,1993,5.865022301147273e-05
0.0,1994,5.8366486820749894e-05
0.0,1995,5.808412393696833e-05
0.0,1996,5.7803127704838114e-05
0.0,1997,5.752349150139971e-05
0.0,1998,5.724520873586629e-05
0.0,1999,5.6968272849466864e-05
0.0,2000,5.66926773152902e-05
0.0,2001,5.641841563812946e-05
0.0,2002,5.6145481354327666e-05
0.0,2003,5.587386803162378e-05
0.0,2004,5.560356926899977e-05
0.0,2005,5.533457869652819e-05
0.0,2006,5.506688997522066e-05
0.0,2007,5.480049679687702e-05
0.0,2008,5.4535392883935216e-05
0.0,2009,5.4271571989322005e-05
0.0,2010,5.400902789630429e-05
0.0,2011,5.374775441834122e-05
0.0,2012,5.348774539893703e-05
0.0,2013,5.322899471149459e-05
0.0,2014,5.297149625916971e-05
0.0,2015,5.2715243974726034e-05
0.0,2016,5.246023182039082e-05
0.0,2017,5.2206453787711266e-05
0.0,2018,5.1953903897411674e-05
0.0,2019,5.1702576199251195e-05
0.0,2020,5.145246477188238e-05
0.0,2021,5.1203563722710314e-05
0.0,2022,5.095586718775254e-05
0.0,2023,5.07093693314996e-05
0.0,2024,5.04640643467763e-05
0.0,2025,5.0219946454603615e-05
0.0,2026,4.997700990406132e-05
0.0,2027,4.973524897215124e-05
0.0,2028,4.949465796366122e-05
0.0,2029,4.9255231211029735e-05
0.0,2030,4.901696307421112e-05
0.0,2031,4.877984794054157e-05
0.0,2032,4.85438802246057e-05
0.0,2033,4.830905436810377e-05
0.0,2034,4.8075364839719616e-05
0.0,2035,4.7842806134989166e-05
0.0,2036,4.761137277616963e-05
0.0,2037,4.7381059312109314e-05
0.0,2038,4.7151860318118106e-05
0.0,2039,4.692377039583855e-05
0.0,2040,4.6696784173117596e-05
0.0,2041,4.64708963038789e-05
0.0,2042,4.624610146799588e-05
0.0,2043,4.602239437116524e-05
0.0,2044,4.579976974478127e-05
0.0,2045,4.557822234581059e-05
0.0,2046,4.535774695666768e-05
0.0,2047,4.513833838509088e-05
0.0,2048,4.491999146401909e-05
0.0,2049,4.4702701051469006e-05
0.0,2050,4.4486462030413e-05
0.0,2051,4.427126930865762e-05
0.0,2052,4.405711781872259e-05
0.0,2053,4.384400251772048e-05
0.0,2054,4.363191838723698e-05
0.0,2055,4.34208604332117e-05
0.0,2056,4.3210823685819564e-05
0.0,2057,4.300180319935282e-05
0.0,2058,4.279379405210363e-05
0.0,2059,4.258679134624716e-05
0.0,2060,4.238079020772532e-05
0.0,2061,4.217578578613106e-05
0.0,2062,4.197177325459319e-05
0.0,2063,4.176874780966181e-05
0.0,2064,4.156670467119428e-05
0.0,2065,4.136563908224174e-05
0.0,2066,4.116554630893621e-05
0.0,2067,4.0966421640378205e-05
0.0,2068,4.0768260388524944e-05
0.0,2069,4.057105788807909e-05
0.0,2070,4.037480949637797e-05
0.0,2071,4.017951059328349e-05
0.0,2072,3.9985156581072406e-05
0.0,2073,3.979174288432725e-05
0.0,2074,3.959926494982778e-05
0.0,2075,3.940771824644291e-05
0.0,2076,3.92170982650232e-05
0.0,2077,3.902740051829389e-05
0.0,2078,3.883862054074841e-05
0.0,2079,3.8650753888542445e-05
0.0,2080,3.8463796139388526e-05
0.0,2081,3.827774289245111e-05
0.0,2082,3.8092589768242144e-05
0.0,2083,3.790833240851726e-05
0.0,2084,3.7724966476172334e-05
0.0,2085,3.754248765514063e-05
0.0,2086,3.7360891650290415e-05
0.0,2087,3.718017418732312e-05
0.0,2088,3.700033101267197e-05
0.0,2089,3.6821357893401044e-05
0.0,2090,3.6643250617104985e-05
0.0,2091,3.6466004991809035e-05
0.0,2092,3.6289616845869655e-05
0.0,2093,3.611408202787563e-05
0.0,2094,3.593939640654959e-05
0.0,2095,3.576555587065009e-05
0.0,2096,3.559255632887412e-05
0.0,2097,3.542039370976013e-05
0.0,2098,3.5249063961591456e-05
0.0,2099,3.507856305230032e-05
0.0,2100,3.490888696937221e-05
0.0,2101,3.4740031719750805e-05
0.0,2102,3.4571993329743267e-05
0.0,2103,3.4404767844926094e-05
0.0,2104,3.4238351330051396e-05
0.0,2105,3.4072739868953594e-05
0.0,2106,3.390792956445661e-05
0.0,2107,3.3743916538281535e-05
0.0,2108,3.3580696930954686e-05
0.0,2109,3.341826690171617e-05
0.0,2110,3.325662262842886e-05
0.0,2111,3.3095760307487806e-05
0.0,2112,3.293567615373015e-05
0.0,2113,3.277636640034539e-05
0.0,2114,3.2617827298786195e-05
0.0,2115,3.2460055118679516e-05
0.0,2116,3.2303046147738265e-05
0.0,2117,3.214679669167335e-05
0.0,2118,3.1991303074106155e-05
0.0,2119,3.183656163648145e-05
0.0,2120,3.168256873798072e-05
0.0,2121,3.152932075543594e-05
0.0,2122,3.137681408324377e-05
0.0,2123,3.122504513328009e-05
0.0,2124,3.107401033481509e-05
0.0,2125,3.092370613442865e-05
0.0,2126,3.077412899592621e-05
0.0,2127,3.062527540025502e-05
0.0,2128,3.0477141845420812e-05
0.0,2129,3.0329724846404843e-05
0.0,2130,3.0183020935081392e-05
0.0,2131,3.0037026660135654e-05
0.0,2132,2.989173858698199e-05
0.0,2133,2.974715329768262e-05
0.0,2134,2.960326739086671e-05
0.0,2135,2.946007748164981e-05
0.0,2136,2.931758020155376e-05
0.0,2137,2.9175772198426917e-05
0.0,2138,2.903465013636481e-05
0.0,2139,2.8894210695631167e-05
0.0,2140,2.8754450572579345e-05
0.0,2141,2.8615366479574114e-05
0.0,2142,2.8476955144913858e-05
0.0,2143,2.833921331275312e-05
0.0,2144,2.8202137743025562e-05
0.0,2145,2.8065725211367263e-05
0.0,2146,2.7929972509040433e-05
0.0,2147,2.779487644285745e-05
0.0,2148,2.7660433835105308e-05
0.0,2149,2.7526641523470438e-05
0.0,2150,2.7393496360963846e-05
0.0,2151,2.7260995215846663e-05
0.0,2152,2.7129134971556054e-05
0.0,2153,2.6997912526631453e-05
0.0,2154,2.6867324794641224e-05
0.0,2155,2.673736870410958e-05
0.0,2156,2.6608041198443986e-05
0.0,2157,2.6479339235862795e-05
0.0,2158,2.6351259789323313e-05
0.0,2159,2.6223799846450187e-05
0.0,2160,2.609695640946416e-05
0.0,2161,2.5970726495111137e-05
0.0,2162,2.5845107134591645e-05
0.0,2163,2.5720095373490594e-05
0.0,2164,2.5595688271707414e-05
0.0,2165,2.547188290338652e-05
0.0,2166,2.5348676356848094e-05
0.0,2167,2.5226065734519257e-05
0.0,2168,2.5104048152865524e-05
0.0,2169,2.4982620742322614e-05
0.0,2170,2.4861780647228604e-05
0.0,2171,2.4741525025756407e-05
0.0,2172,2.4621851049846552e-05
0.0,2173,2.4502755905140348e-05
0.0,2174,2.4384236790913313e-05
0.0,2175,2.4266290920008977e-05
0.0,2176,2.4148915518772965e-05
0.0,2177,2.4032107826987454e-05
0.0,2178,2.391586509780589e-05
0.0,2179,2.380018459768807e-05
0.0,2180,2.368506360633551e-05
0.0,2181,2.3570499416627163e-05
0.0,2182,2.3456489334555396e-05
0.0,2183,2.334303067916235e-05
0.0,2184,2.3230120782476532e-05
0.0,2185,2.3117756989449795e-05
0.0,2186,2.3005936657894557e-05
0.0,2187,2.289465715842137e-05
0.0,2188,2.2783915874376775e-05
0.0,2189,2.267371020178147e-05
0.0,2190,2.256403754926876e-05
0.0,2191,2.2454895338023338e-05
0.0,2192,2.2346281001720332e-05
0.0,2193,2.223819198646467e-05
0.0,2194,2.213062575073074e-05
0.0,2195,2.2023579765302318e-05
0.0,2196,2.1917051513212845e-05
0.0,2197,2.1811038489685928e-05
0.0,2198,2.1705538202076174e-05
0.0,2199,2.1600548169810305e-05
0.0,2200,2.149606592432855e-05
0.0,2201,2.1392089009026327e-05
0.0,2202,2.1288614979196216e-05
0.0,2203,2.1185641401970217e-05
0.0,2204,2.1083165856262258e-05
0.0,2205,2.0981185932711035e-05
0.0,2206,2.087969923362308e-05
0.0,2207,2.0778703372916148e-05
0.0,2208,2.0678195976062843e-05
0.0,2209,2.0578174680034548e-05
0.0,2210,2.0478637133245623e-05
0.0,2211,2.037958099549785e-05
0.0,2212,2.028100393792518e-05
0.0,2213,2.0182903642938733e-05
0.0,2214,2.0085277804172077e-05
0.0,2215,1.998812412642675e-05
0.0,2216,1.9891440325618086e-05
0.0,2217,1.9795224128721258e-05
0.0,2218,1.9699473273717622e-05
0.0,2219,1.9604185509541313e-05
0.0,2220,1.9509358596026085e-05
0.0,2221,1.941499030385243e-05
0.0,2222,1.9321078414494943e-05
0.0,2223,1.9227620720169946e-05
0.0,2224,1.9134615023783366e-05
0.0,2225,1.904205913887888e-05
0.0,2226,1.8949950889586283e-05
0.0,2227,1.885828811057015e-05
0.0,2228,1.8767068646978684e-05
0.0,2229,1.867629035439291e-05
0.0,2230,1.8585951098775996e-05
0.0,2231,1.8496048756422934e-05
0.0,2232,1.8406581213910397e-05
0.0,2233,1.831754636804685e-05
0.0,2234,1.8228942125822918e-05
0.0,2235,1.8140766404362017e-05
0.0,2236,1.805301713087116e-05
0.0,2237,1.7965692242592053e-05
0.0,2238,1.787878968675244e-05
0.0,2239,1.7792307420517633e-05
0.0,2240,1.770624341094233e-05
0.0,2241,1.7620595634922634e-05
0.0,2242,1.753536207914831e-05
0.0,2243,1.74505407400553e-05
0.0,2244,1.7366129623778433e-05
0.0,2245,1.7282126746104394e-05
0.0,2246,1.7198530132424904e-05
0.0,2247,1.7115337817690137e-05
0.0,2248,1.7032547846362363e-05
0.0,2249,1.6950158272369805e-05
0.0,2250,1.686816715906074e-05
0.0,2251,1.6786572579157825e-05
0.0,2252,1.67053726147126e-05
0.0,2253,1.6624565357060272e-05
0.0,2254,1.6544148906774704e-05
0.0,2255,1.646412137362357e-05
0.0,2256,1.6384480876523823e-05
0.0,2257,1.6305225543497284e-05
0.0,2258,1.6226353511626517e-05
0.0,2259,1.614786292701088e-05
0.0,2260,1.6069751944722815e-05
0.0,2261,1.5992018728764316e-05
0.0,2262,1.5914661452023654e-05
0.0,2263,1.5837678296232273e-05
0.0,2264,1.5761067451921914e-05
0.0,2265,1.5684827118381958e-05
0.0,2266,1.5608955503616957e-05
0.0,2267,1.5533450824304366e-05
0.0,2268,1.545831130575251e-05
0.0,2269,1.5383535181858738e-05
0.0,2270,1.5309120695067766e-05
0.0,2271,1.5235066096330258e-05
0.0,2272,1.5161369645061575e-05
0.0,2273,1.508802960910074e-05
0.0,2274,1.5015044264669608e-05
0.0,2275,1.4942411896332218e-05
0.0,2276,1.487013079695436e-05
0.0,2277,1.4798199267663323e-05
0.0,2278,1.4726615617807853e-05
0.0,2279,1.46553781649183e-05
0.0,2280,1.4584485234666947e-05
0.0,2281,1.4513935160828559e-05
0.0,2282,1.4443726285241093e-05
0.0,2283,1.4373856957766626e-05
0.0,2284,1.430432553625245e-05
0.0,2285,1.4235130386492381e-05
0.0,2286,1.4166269882188227e-05
0.0,2287,1.4097742404911468e-05
0.0,2288,1.402954634406511e-05
0.0,2289,1.396168009684573e-05
0.0,2290,1.3894142068205698e-05
0.0,2291,1.3826930670815591e-05
0.0,2292,1.3760044325026792e-05
0.0,2293,1.369348145883425e-05
0.0,2294,1.3627240507839452e-05
0.0,2295,1.3561319915213554e-05
0.0,2296,1.349571813166069e-05
0.0,2297,1.3430433615381476e-05
0.0,2298,1.3365464832036675e-05
0.0,2299,1.3300810254711048e-05
0.0,2300,1.3236468363877377e-05
0.0,2301,1.317243764736066e-05
0.0,2302,1.3108716600302491e-05
0.0,2303,1.3045303725125596e-05
0.0,2304,1.298219753149856e-05
0.0,2305,1.2919396536300718e-05
0.0,2306,1.28568992635872e-05
0.0,2307,1.2794704244554181e-05
0.0,2308,1.2732810017504263e-05
0.0,2309,1.2671215127812057e-05
0.0,2310,1.2609918127889902e-05
0.0,2311,1.2548917577153782e-05
0.0,2312,1.2488212041989383e-05
0.0,2313,1.2427800095718321e-05
0.0,2314,1.2367680318564554e-05
0.0,2315,1.2307851297620919e-05
0.0,2316,1.2248311626815876e-05
0.0,2317,1.2189059906880375e-05
0.0,2318,1.2130094745314903e-05
0.0,2319,1.2071414756356694e-05
0.0,2320,1.201301856094709e-05
0.0,2321,1.1954904786699064e-05
0.0,2322,1.1897072067864893e-05
0.0,2323,1.1839519045304004e-05
0.0,2324,1.1782244366450965e-05
0.0,2325,1.1725246685283632e-05
0.0,2326,1.1668524662291454e-05
0.0,2327,1.1612076964443926e-05
0.0,2328,1.1555902265159206e-05
0.0,2329,1.1499999244272876e-05
0.0,2330,1.1444366588006852e-05
0.0,2331,1.1389002988938465e-05
0.0,2332,1.1333907145969651e-05
0.0,2333,1.1279077764296347e-05
0.0,2334,1.1224513555377982e-05
0.0,2335,1.1170213236907149e-05
0.0,2336,1.1116175532779416e-05
0.0,2337,1.106239917306328e-05
0.0,2338,1.100888289397027e-05
0.0,2339,1.0955625437825194e-05
0.0,2340,1.0902625553036532e-05
0.0,2341,1.0849881994066975e-05
0.0,2342,1.0797393521404096e-05
0.0,2343,1.0745158901531173e-05
0.0,2344,1.0693176906898167e-05
0.0,2345,1.0641446315892803e-05
0.0,2346,1.0589965912811831e-05
0.0,2347,1.0538734487832401e-05
0.0,2348,1.0487750836983592e-05
0.0,2349,1.0437013762118071e-05
0.0,2350,1.0386522070883891e-05
0.0,2351,1.0336274576696428e-05
0.0,2352,1.0286270098710448e-05
0.0,2353,1.0236507461792322e-05
0.0,2354,1.018698549649237e-05
0.0,2355,1.0137703039017325e-05
0.0,2356,1.0088658931202956e-05
0.0,2357,1.0039852020486807e-05
0.0,2358,9.991281159881069e-06
0.0,2359,9.942945207945597e-06
0.0,2360,9.894843028761036e-06
0.0,2361,9.8469734919021e-06
0.0,2362,9.799335472410968e-06
0.0,2363,9.751927850770805e-06
0.0,2364,9.704749512879428e-06
0.0,2365,9.657799350023084e-06
0.0,2366,9.611076258850363e-06
0.0,2367,9.564579141346232e-06
0.0,2368,9.51830690480621e-06
0.0,2369,9.472258461810644e-06
0.0,2370,9.42643273019913e-06
0.0,2371,9.380828633045052e-06
0.0,2372,9.33544509863024e-06
0.0,2373,9.290281060419752e-06
0.0,2374,9.245335457036795e-06
0.0,2375,9.20060723223774e-06
0.0,2376,9.156095334887278e-06
0.0,2377,9.111798718933684e-06
0.0,2378,9.06771634338422e-06
0.0,2379,9.023847172280632e-06
0.0,2380,8.980190174674792e-06
0.0,2381,8.936744324604432e-06
0.0,2382,8.893508601069017e-06
0.0,2383,8.850481988005722e-06
0.0,2384,8.80766347426554e-06
0.0,2385,8.765052053589485e-06
0.0,2386,8.722646724584923e-06
0.0,2387,8.680446490702026e-06
0.0,2388,8.638450360210322e-06
0.0,2389,8.596657346175375e-06
0.0,2390,8.555066466435558e-06
0.0,2391,8.513676743578968e-06
0.0,2392,8.472487204920423e-06
0.0,2393,8.43149688247859e-06
0.0,2394,8.390704812953224e-06
0.0,2395,8.350110037702494e-06
0.0,2396,8.309711602720454e-06
0.0,2397,8.269508558614596e-06
0.0,2398,8.229499960583528e-06
0.0,2399,8.189684868394746e-06
0.0,2400,8.150062346362526e-06
0.0,2401,8.110631463325919e-06
0.0,2402,8.071391292626851e-06
0.0,2403,8.032340912088337e-06
0.0,2404,7.993479403992782e-06
0.0,2405,7.954805855060411e-06
0.0,2406,7.916319356427787e-06
0.0,2407,7.87801900362644e-06
0.0,2408,7.839903896561595e-06
0.0,2409,7.801973139491012e-06
0.0,2410,7.76422584100392e-06
0.0,2411,7.726661114000054e-06
0.0,2412,7.689278075668795e-06
0.0,2413,7.652075847468421e-06
0.0,2414,7.615053555105435e-06
0.0,2415,7.578210328514019e-06
0.0,2416,7.541545301835574e-06
0.0,2417,7.505057613398356e-06
0.0,2418,7.468746405697222e-06
0.0,2419,7.432610825373469e-06
0.0,2420,7.396650023194762e-06
0.0,2421,7.360863154035179e-06
0.0,2422,7.325249376855332e-06
0.0,2423,7.289807854682597e-06
0.0,2424,7.254537754591437e-06
0.0,2425,7.21943824768382e-06
0.0,2426,7.184508509069731e-06
0.0,2427,7.149747717847777e-06
0.0,2428,7.115155057085893e-06
0.0,2429,7.080729713802133e-06
0.0,2430,7.046470878945558e-06
0.0,2431,7.012377747377221e-06
0.0,2432,6.9784495178512324e-06
0.0,2433,6.9446853929959305e-06
0.0,2434,6.911084579295136e-06
0.0,2435,6.877646287069495e-06
0.0,2436,6.84436973045792e-06
0.0,2437,6.811254127399118e-06
0.0,2438,6.778298699613202e-06
0.0,2439,6.7455026725834e-06
0.0,2440,6.71286527553785e-06
0.0,2441,6.680385741431477e-06
0.0,2442,6.648063306927973e-06
0.0,2443,6.615897212381848e-06
0.0,2444,6.5838867018205705e-06
0.0,2445,6.552031022926812e-06
0.0,2446,6.52032942702075e-06
0.0,2447,6.488781169042482e-06
0.0,2448,6.457385507534506e-06
0.0,2449,6.426141704624298e-06
0.0,2450,6.395049026006969e-06
0.0,2451,6.3641067409280034e-06
0.0,2452,6.333314122166091e-06
0.0,2453,6.302670446016026e-06
0.0,2454,6.272174992271709e-06
0.0,2455,6.241827044209211e-06
0.0,2456,6.211625888569934e-06
0.0,2457,6.181570815543849e-06
0.0,2458,6.151661118752814e-06
0.0,2459,6.121896095233968e-06
0.0,2460,6.09227504542322e-06
0.0,2461,6.062797273138802e-06
0.0,2462,6.0334620855649095e-06
0.0,2463,6.0042687932354235e-06
0.0,2464,5.975216710017704e-06
0.0,2465,5.946305153096469e-06
0.0,2466,5.9175334429577466e-06
0.0,2467,5.888900903372908e-06
0.0,2468,5.8604068613827785e-06
0.0,2469,5.8320506472818196e-06
0.0,2470,5.8038315946023966e-06
0.0,2471,5.775749040099113e-06
0.0,2472,5.747802323733229e-06
0.0,2473,5.719990788657152e-06
0.0,2474,5.692313781198998e-06
0.0,2475,5.6647706508472375e-06
0.0,2476,5.637360750235406e-06
0.0,2477,5.6100834351268966e-06
0.0,2478,5.582938064399818e-06
0.0,2479,5.5559240000319326e-06
0.0,2480,5.529040607085668e-06
0.0,2481,5.502287253693191e-06
0.0,2482,5.475663311041569e-06
0.0,2483,5.449168153357992e-06
0.0,2484,5.422801157895069e-06
0.0,2485,5.396561704916195e-06
0.0,2486,5.370449177680998e-06
0.0,2487,5.344462962430835e-06
0.0,2488,5.3186024483743875e-06
0.0,2489,5.292867027673298e-06
0.0,2490,5.267256095427895e-06
0.0,2491,5.241769049662983e-06
0.0,2492,5.216405291313695e-06
0.0,2493,5.191164224211422e-06
0.0,2494,5.166045255069804e-06
0.0,2495,5.141047793470792e-06
0.0,2496,5.116171251850781e-06
0.0,2497,5.0914150454867995e-06
0.0,2498,5.066778592482776e-06
0.0,2499,5.042261313755872e-06
0.0,2500,5.017862633022871e-06
0.0,2501,4.993581976786646e-06
0.0,2502,4.9694187743226805e-06
0.0,2503,4.945372457665669e-06
0.0,2504,4.921442461596169e-06
0.0,2505,4.897628223627319e-06
0.0,2506,4.873929183991637e-06
0.0,2507,4.850344785627858e-06
0.0,2508,4.826874474167856e-06
0.0,2509,4.8035176979236166e-06
0.0,2510,4.78027390787428e-06
0.0,2511,4.757142557653243e-06
0.0,2512,4.734123103535322e-06
0.0,2513,4.711215004423987e-06
0.0,2514,4.688417721838645e-06
0.0,2515,4.665730719901993e-06
0.0,2516,4.643153465327429e-06
0.0,2517,4.6206854274065295e-06
0.0,2518,4.598326077996576e-06
0.0,2519,4.576074891508154e-06
0.0,2520,4.55393134489281e-06
0.0,2521,4.531894917630755e-06
0.0,2522,4.5099650917186496e-06
0.0,2523,4.488141351657428e-06
0.0,2524,4.466423184440196e-06
0.0,2525,4.444810079540174e-06
0.0,2526,4.423301528898713e-06
0.0,2527,4.401897026913353e-06
0.0,2528,4.380596070425956e-06
0.0,2529,4.35939815871088e-06
0.0,2530,4.338302793463219e-06
0.0,2531,4.317309478787107e-06
0.0,2532,4.296417721184057e-06
0.0,2533,4.275627029541381e-06
0.0,2534,4.25493691512065e-06
0.0,2535,4.234346891546215e-06
0.0,2536,4.213856474793783e-06
0.0,2537,4.193465183179051e-06
0.0,2538,4.173172537346388e-06
0.0,2539,4.152978060257583e-06
0.0,2540,4.1328812771806344e-06
0.0,2541,4.112881715678602e-06
0.0,2542,4.092978905598513e-06
0.0,2543,4.073172379060318e-06
0.0,2544,4.053461670445904e-06
0.0,2545,4.033846316388151e-06
0.0,2546,4.014325855760063e-06
0.0,2547,3.994899829663926e-06
0.0,2548,3.9755677814205345e-06
0.0,2549,3.956329256558466e-06
0.0,2550,3.937183802803408e-06
0.0,2551,3.918130970067534e-06
0.0,2552,3.899170310438935e-06
0.0,2553,3.8803013781710994e-06
0.0,2554,3.861523729672441e-06
0.0,2555,3.842836923495888e-06
0.0,2556,3.82424052032851e-06
0.0,2557,3.805734082981201e-06
0.0,2558,3.787317176378415e-06
0.0,2559,3.768989367547945e-06
0.0,2560,3.750750225610757e-06
0.0,2561,3.732599321770869e-06
0.0,2562,3.7145362293052836e-06
0.0,2563,3.696560523553962e-06
0.0,2564,3.6786717819098557e-06
0.0,2565,3.660869583808979e-06
0.0,2566,3.6431535107205326e-06
0.0,2567,3.625523146137077e-06
0.0,2568,3.6079780755647476e-06
0.0,2569,3.5905178865135214e-06
0.0,2570,3.573142168487534e-06
0.0,2571,3.555850512975434e-06
0.0,2572,3.538642513440793e-06
0.0,2573,3.521517765312556e-06
0.0,2574,3.5044758659755436e-06
0.0,2575,3.487516414760996e-06
0.0,2576,3.470639012937161e-06
0.0,2577,3.453843263699935e-06
0.0,2578,3.4371287721635403e-06
0.0,2579,3.420495145351255e-06
0.0,2580,3.4039419921861833e-06
0.0,2581,3.387468923482072e-06
0.0,2582,3.371075551934169e-06
0.0,2583,3.3547614921101335e-06
0.0,2584,3.3385263604409766e-06
0.0,2585,3.322369775212063e-06
0.0,2586,3.3062913565541404e-06
0.0,2587,3.290290726434423e-06
0.0,2588,3.2743675086477102e-06
0.0,2589,3.2585213288075566e-06
0.0,2590,3.242751814337478e-06
0.0,2591,3.227058594462202e-06
0.0,2592,3.2114413001989636e-06
0.0,2593,3.1958995643488356e-06
0.0,2594,3.180433021488111e-06
0.0,2595,3.1650413079597207e-06
0.0,2596,3.149724061864691e-06
0.0,2597,3.134480923053648e-06
0.0,2598,3.1193115331183595e-06
0.0,2599,3.1042155353833205e-06
0.0,2600,3.0891925748973733e-06
0.0,2601,3.0742422984253775e-06
0.0,2602,3.0593643544399124e-06
0.0,2603,3.044558393113022e-06
0.0,2604,3.029824066308002e-06
0.0,2605,3.0151610275712226e-06
0.0,2606,3.000568932123997e-06
0.0,2607,2.98604743685448e-06
0.0,2608,2.971596200309614e-06
0.0,2609,2.9572148826871125e-06
0.0,2610,2.9429031458274763e-06
0.0,2611,2.9286606532060576e-06
0.0,2612,2.9144870699251546e-06
0.0,2613,2.9003820627061487e-06
0.0,2614,2.886345299881679e-06
0.0,2615,2.8723764513878518e-06
0.0,2616,2.8584751887564936e-06
0.0,2617,2.8446411851074347e-06
0.0,2618,2.8308741151408363e-06
0.0,2619,2.817173655129549e-06
0.0,2620,2.803539482911515e-06
0.0,2621,2.7899712778821974e-06
0.0,2622,2.7764687209870577e-06
0.0,2623,2.763031494714062e-06
0.0,2624,2.749659283086222e-06
0.0,2625,2.736351771654181e-06
0.0,2626,2.723108647488825e-06
0.0,2627,2.7099295991739378e-06
0.0,2628,2.696814316798887e-06
0.0,2629,2.6837624919513476e-06
0.0,2630,2.670773817710059e-06
0.0,2631,2.657847988637619e-06
0.0,2632,2.644984700773312e-06
0.0,2633,2.6321836516259684e-06
0.0,2634,2.6194445401668664e-06
0.0,2635,2.6067670668226595e-06
0.0,2636,2.594150933468344e-06
0.0,2637,2.5815958434202578e-06
0.0,2638,2.5691015014291144e-06
0.0,2639,2.55666761367307e-06
0.0,2640,2.544293887750822e-06
0.0,2641,2.531980032674747e-06
0.0,2642,2.5197257588640636e-06
0.0,2643,2.507530778138036e-06
0.0,2644,2.495394803709205e-06
0.0,2645,2.4833175501766554e-06
0.0,2646,2.4712987335193116e-06
0.0,2647,2.4593380710892722e-06
0.0,2648,2.4474352816051695e-06
0.0,2649,2.435590085145567e-06
0.0,2650,2.423802203142384e-06
0.0,2651,2.4120713583743575e-06
0.0,2652,2.4003972749605294e-06
0.0,2653,2.3887796783537706e-06
0.0,2654,2.3772182953343335e-06
0.0,2655,2.3657128540034355e-06
0.0,2656,2.354263083776875e-06
0.0,2657,2.342868715378679e-06
0.0,2658,2.331529480834778e-06
0.0,2659,2.3202451134667138e-06
0.0,2660,2.3090153478853783e-06
0.0,2661,2.297839919984781e-06
0.0,2662,2.286718566935849e-06
0.0,2663,2.2756510271802516e-06
0.0,2664,2.2646370404242623e-06
0.0,2665,2.2536763476326447e-06
0.0,2666,2.2427686910225704e-06
0.0,2667,2.231913814057565e-06
0.0,2668,2.221111461441485e-06
0.0,2669,2.210361379112523e-06
0.0,2670,2.1996633142372412e-06
0.0,2671,2.189017015204635e-06
0.0,2672,2.1784222316202234e-06
0.0,2673,2.1678787143001712e-06
0.0,2674,2.1573862152654364e-06
0.0,2675,2.1469444877359465e-06
0.0,2676,2.1365532861248054e-06
0.0,2677,2.1262123660325255e-06
0.0,2678,2.1159214842412866e-06
0.0,2679,2.1056803987092303e-06
0.0,2680,2.0954888685647693e-06
0.0,2681,2.0853466541009365e-06
0.0,2682,2.0752535167697533e-06
0.0,2683,2.065209219176628e-06
0.0,2684,2.055213525074784e-06
0.0,2685,2.045266199359709e-06
0.0,2686,2.0353670080636352e-06
0.0,2687,2.0255157183500444e-06
0.0,2688,2.0157120985082025e-06
0.0,2689,2.005955917947717e-06
0.0,2690,1.996246947193121e-06
0.0,2691,1.9865849578784872e-06
0.0,2692,1.9769697227420626e-06
0.0,2693,1.9674010156209323e-06
0.0,2694,1.957878611445711e-06
0.0,2695,1.948402286235254e-06
0.0,2696,1.9389718170913997e-06
0.0,2697,1.9295869821937356e-06
0.0,2698,1.9202475607943877e-06
0.0,2699,1.9109533332128386e-06
0.0,2700,1.9017040808307664e-06
0.0,2701,1.8924995860869122e-06
0.0,2702,1.8833396324719716e-06
0.0,2703,1.8742240045235096e-06
0.0,2704,1.8651524878209e-06
0.0,2705,1.8561248689802919e-06
0.0,2706,1.8471409356495974e-06
0.0,2707,1.8382004765035053e-06
0.0,2708,1.8293032812385185e-06
0.0,2709,1.8204491405680147e-06
0.0,2710,1.8116378462173326e-06
0.0,2711,1.8028691909188797e-06
0.0,2712,1.7941429684072663e-06
0.0,2713,1.7854589734144594e-06
0.0,2714,1.776817001664965e-06
0.0,2715,1.7682168498710286e-06
0.0,2716,1.7596583157278623e-06
0.0,2717,1.7511411979088933e-06
0.0,2718,1.7426652960610372e-06
0.0,2719,1.73423041079999e-06
0.0,2720,1.7258363437055495e-06
0.0,2721,1.717482897316953e-06
0.0,2722,1.70916987512824e-06
0.0,2723,1.7008970815836385e-06
0.0,2724,1.6926643220729724e-06
0.0,2725,1.6844714029270906e-06
0.0,2726,1.6763181314133182e-06
0.0,2727,1.6682043157309317e-06
0.0,2728,1.6601297650066537e-06
0.0,2729,1.6520942892901702e-06
0.0,2730,1.6440976995496698e-06
0.0,2731,1.6361398076674045e-06
0.0,2732,1.6282204264352713e-06
0.0,2733,1.6203393695504161e-06
0.0,2734,1.6124964516108583e-06
0.0,2735,1.6046914881111355e-06
0.0,2736,1.5969242954379718e-06
0.0,2737,1.5891946908659647e-06
0.0,2738,1.5815024925532944e-06
0.0,2739,1.5738475195374521e-06
0.0,2740,1.566229591730991e-06
0.0,2741,1.5586485299172956e-06
0.0,2742,1.5511041557463745e-06
0.0,2743,1.5435962917306698e-06
0.0,2744,1.5361247612408897e-06
0.0,2745,1.5286893885018597e-06
0.0,2746,1.5212899985883951e-06
0.0,2747,1.5139264174211914e-06
0.0,2748,1.5065984717627364e-06
0.0,2749,1.4993059892132429e-06
0.0,2750,1.492048798206597e-06
0.0,2751,1.48482672800633e-06
0.0,2752,1.4776396087016092e-06
0.0,2753,1.4704872712032458e-06
0.0,2754,1.4633695472397243e-06
0.0,2755,1.4562862693532498e-06
0.0,2756,1.4492372708958154e-06
0.0,2757,1.4422223860252884e-06
0.0,2758,1.4352414497015145e-06
0.0,2759,1.4282942976824414e-06
0.0,2760,1.421380766520262e-06
0.0,2761,1.4145006935575745e-06
0.0,2762,1.407653916923563e-06
0.0,2763,1.4008402755301942e-06
0.0,2764,1.3940596090684359e-06
0.0,2765,1.3873117580044888e-06
0.0,2766,1.380596563576042e-06
0.0,2767,1.373913867788543e-06
0.0,2768,1.3672635134114864e-06
0.0,2769,1.3606453439747217e-06
0.0,2770,1.354059203764777e-06
0.0,2771,1.3475049378212023e-06
0.0,2772,1.34098239193293e-06
0.0,2773,1.3344914126346518e-06
0.0,2774,1.3280318472032147e-06
0.0,2775,1.321603543654034e-06
0.0,2776,1.3152063507375223e-06
0.0,2777,1.3088401179355377e-06
0.0,2778,1.3025046954578478e-06
0.0,2779,1.2961999342386123e-06
0.0,2780,1.2899256859328802e-06
0.0,2781,1.2836818029131057e-06
0.0,2782,1.277468138265681e-06
0.0,2783,1.2712845457874854e-06
0.0,2784,1.2651308799824503e-06
0.0,2785,1.2590069960581421e-06
0.0,2786,1.2529127499223614e-06
0.0,2787,1.2468479981797575e-06
0.0,2788,1.2408125981284602e-06
0.0,2789,1.2348064077567285e-06
0.0,2790,1.228829285739614e-06
0.0,2791,1.2228810914356416e-06
0.0,2792,1.2169616848835048e-06
0.0,2793,1.2110709267987797e-06
0.0,2794,1.2052086785706514e-06
0.0,2795,1.1993748022586588e-06
0.0,2796,1.1935691605894545e-06
0.0,2797,1.1877916169535795e-06
0.0,2798,1.1820420354022547e-06
0.0,2799,1.1763202806441863e-06
0.0,2800,1.1706262180423892e-06
0.0,2801,1.1649597136110232e-06
0.0,2802,1.1593206340122457e-06
0.0,2803,1.153708846553079e-06
0.0,2804,1.1481242191822941e-06
0.0,2805,1.142566620487308e-06
0.0,2806,1.1370359196910955e-06
0.0,2807,1.13153198664912e-06
0.0,2808,1.1260546918462731e-06
0.0,2809,1.120603906393833e-06
0.0,2810,1.1151795020264375e-06
0.0,2811,1.1097813510990698e-06
0.0,2812,1.1044093265840598e-06
0.0,2813,1.0990633020681009e-06
0.0,2814,1.0937431517492785e-06
0.0,2815,1.0884487504341163e-06
0.0,2816,1.0831799735346342e-06
0.0,2817,1.0779366970654216e-06
0.0,2818,1.0727187976407243e-06
0.0,2819,1.0675261524715468e-06
0.0,2820,1.0623586393627662e-06
0.0,2821,1.057216136710262e-06
0.0,2822,1.0520985234980597e-06
0.0,2823,1.0470056792954869e-06
0.0,2824,1.0419374842543443e-06
0.0,2825,1.0368938191060903e-06
0.0,2826,1.0318745651590382e-06
0.0,2827,1.0268796042955687e-06
0.0,2828,1.021908818969353e-06
0.0,2829,1.0169620922025936e-06
0.0,2830,1.0120393075832739e-06
0.0,2831,1.0071403492624241e-06
0.0,2832,1.0022651019513993e-06
0.0,2833,9.974134509191706e-07
0.0,2834,9.925852819896298e-07
0.0,2835,9.877804815389064e-07
0.0,2836,9.829989364926986e-07
0.0,2837,9.782405343236162e-07
0.0,2838,9.735051630485363e-07
0.0,2839,9.687927112259736e-07
0.0,2840,9.641030679534601e-07
0.0,2841,9.594361228649414e-07
0.0,2842,9.547917661281819e-07
0.0,2843,9.501698884421846e-07
0.0,2844,9.455703810346241e-07
0.0,2845,9.409931356592893e-07
0.0,2846,9.364380445935407e-07
0.0,2847,9.319050006357797e-07
0.0,2848,9.273938971029289e-07
0.0,2849,9.22904627827926e-07
0.0,2850,9.184370871572294e-07
0.0,2851,9.139911699483347e-07
0.0,2852,9.095667715673052e-07
0.0,2853,9.051637878863128e-07
0.0,2854,9.007821152811916e-07
0.0,2855,8.964216506290023e-07
0.0,2856,8.920822913056103e-07
0.0,2857,8.877639351832728e-07
0.0,2858,8.834664806282402e-07
0.0,2859,8.791898264983676e-07
0.0,2860,8.749338721407378e-07
0.0,2861,8.706985173892966e-07
0.0,2862,8.664836625624988e-07
0.0,2863,8.622892084609661e-07
0.0,2864,8.581150563651559e-07
0.0,2865,8.539611080330413e-07
0.0,2866,8.498272656978033e-07
0.0,2867,8.457134320655325e-07
0.0,2868,8.416195103129435e-07
0.0,2869,8.37545404085099e-07
0.0,2870,8.334910174931459e-07
0.0,2871,8.294562551120625e-07
0.0,2872,8.254410219784151e-07
0.0,2873,8.21445223588127e-07
0.0,2874,8.17468765894257e-07
0.0,2875,8.135115553047906e-07
0.0,2876,8.095734986804395e-07
0.0,2877,8.056545033324531e-07
0.0,2878,8.017544770204405e-07
0.0,2879,7.978733279502025e-07
0.0,2880,7.940109647715748e-07
0.0,2881,7.901672965762807e-07
0.0,2882,7.863422328957953e-07
0.0,2883,7.82535683699219e-07
0.0,2884,7.787475593911619e-07
0.0,2885,7.749777708096379e-07
0.0,2886,7.712262292239697e-07
0.0,2887,7.674928463327032e-07
0.0,2888,7.637775342615326e-07
0.0,2889,7.600802055612347e-07
0.0,2890,7.564007732056147e-07
0.0,2891,7.527391505894595e-07
0.0,2892,7.490952515265035e-07
0.0,2893,7.454689902474025e-07
0.0,2894,7.418602813977181e-07
0.0,2895,7.382690400359117e-07
0.0,2896,7.346951816313478e-07
0.0,2897,7.311386220623082e-07
0.0,2898,7.275992776140135e-07
0.0,2899,7.240770649766572e-07
0.0,2900,7.205719012434462e-07
0.0,2901,7.170837039086535e-07
0.0,2902,7.13612390865678e-07
0.0,2903,7.101578804051155e-07
0.0,2904,7.067200912128377e-07
0.0,2905,7.032989423680813e-07
0.0,2906,6.998943533415463e-07
0.0,2907,6.965062439935024e-07
0.0,2908,6.931345345719065e-07
0.0,2909,6.897791457105273e-07
0.0,2910,6.864399984270806e-07
0.0,2911,6.831170141213724e-07
0.0,2912,6.798101145734512e-07
0.0,2913,6.765192219417701e-07
0.0,2914,6.73244258761357e-07
0.0,2915,6.699851479419936e-07
0.0,2916,6.667418127664032e-07
0.0,2917,6.635141768884479e-07
0.0,2918,6.603021643313341e-07
0.0,2919,6.57105699485826e-07
0.0,2920,6.539247071084692e-07
0.0,2921,6.507591123198214e-07
0.0,2922,6.476088406026927e-07
0.0,2923,6.444738178003935e-07
0.0,2924,6.413539701149923e-07
0.0,2925,6.3824922410558e-07
0.0,2926,6.351595066865441e-07
0.0,2927,6.320847451258507e-07
0.0,2928,6.290248670433344e-07
0.0,2929,6.25979800408998e-07
0.0,2930,6.229494735413177e-07
0.0,2931,6.199338151055594e-07
0.0,2932,6.169327541121011e-07
0.0,2933,6.139462199147646e-07
0.0,2934,6.109741422091544e-07
0.0,2935,6.080164510310053e-07
0.0,2936,6.050730767545378e-07
0.0,2937,6.021439500908207e-07
0.0,2938,5.992290020861432e-07
0.0,2939,5.963281641203933e-07
0.0,2940,5.934413679054448e-07
0.0,2941,5.905685454835522e-07
0.0,2942,5.877096292257528e-07
0.0,2943,5.84864551830277e-07
0.0,2944,5.820332463209662e-07
0.0,2945,5.792156460456982e-07
0.0,2946,5.764116846748203e-07
0.0,2947,5.736212961995896e-07
0.0,2948,5.708444149306223e-07
0.0,2949,5.680809754963477e-07
0.0,2950,5.65330912841473e-07
0.0,2951,5.625941622254529e-07
0.0,2952,5.598706592209676e-07
0.0,2953,5.57160339712409e-07
0.0,2954,5.544631398943719e-07
0.0,2955,5.517789962701552e-07
0.0,2956,5.491078456502689e-07
0.0,2957,5.464496251509476e-07
0.0,2958,5.438042721926731e-07
0.0,2959,5.411717244987027e-07
0.0,2960,5.385519200936048e-07
0.0,2961,5.359447973018024e-07
0.0,2962,5.333502947461224e-07
0.0,2963,5.307683513463531e-07
0.0,2964,5.281989063178076e-07
0.0,2965,5.256418991698956e-07
0.0,2966,5.230972697046997e-07
0.0,2967,5.205649580155616e-07
0.0,2968,5.180449044856724e-07
0.0,2969,5.155370497866718e-07
0.0,2970,5.130413348772523e-07
0.0,2971,5.10557701001772e-07
0.0,2972,5.080860896888722e-07
0.0,2973,5.056264427501031e-07
0.0,2974,5.031787022785557e-07
0.0,2975,5.007428106474999e-07
0.0,2976,4.983187105090299e-07
0.0,2977,4.959063447927154e-07
0.0,2978,4.935056567042602e-07
0.0,2979,4.911165897241664e-07
0.0,2980,4.887390876064054e-07
0.0,2981,4.863730943770957e-07
0.0,2982,4.840185543331867e-07
0.0,2983,4.816754120411485e-07
0.0,2984,4.793436123356689e-07
0.0,2985,4.770231003183562e-07
0.0,2986,4.7471382135644786e-07
0.0,2987,4.7241572108152664e-07
0.0,2988,4.701287453882415e-07
0.0,2989,4.6785284043303556e-07
0.0,2990,4.6558795263288005e-07
0.0,2991,4.633340286640144e-07
0.0,2992,4.610910154606919e-07
0.0,2993,4.588588602139326e-07
0.0,2994,4.566375103702808e-07
0.0,2995,4.544269136305695e-07
0.0,2996,4.52227017948691e-07
0.0,2997,4.500377715303721e-07
0.0,2998,4.4785912283195696e-07
0.0,2999,4.4569102055919464e-07
0.0,3000,4.4353341366603296e-07
0.0,3001,4.4138625135341795e-07
0.0,3002,4.3924948306809954e-07
0.0,3003,4.3712305850144235e-07
0.0,3004,4.350069275882432e-07
0.0,3005,4.3290104050555313e-07
0.0,3006,4.308053476715061e-07
0.0,3007,4.2871979974415275e-07
0.0,3008,4.266443476203004e-07
0.0,3009,4.245789424343579e-07
0.0,3010,4.2252353555718676e-07
0.0,3011,4.204780785949572e-07
0.0,3012,4.1844252338801036e-07
0.0,3013,4.164168220097257e-07
0.0,3014,4.1440092676539345e-07
0.0,3015,4.1239479019109366e-07
0.0,3016,4.103983650525792e-07
0.0,3017,4.084116043441654e-07
0.0,3018,4.0643446128762455e-07
0.0,3019,4.044668893310854e-07
0.0,3020,4.025088421479387e-07
0.0,3021,4.005602736357475e-07
0.0,3022,3.9862113791516293e-07
0.0,3023,3.9669138932884513e-07
0.0,3024,3.9477098244038963e-07
0.0,3025,3.928598720332584e-07
0.0,3026,3.909580131097166e-07
0.0,3027,3.8906536088977426e-07
0.0,3028,3.871818708101333e-07
0.0,3029,3.853074985231388e-07
0.0,3030,3.834421998957367e-07
0.0,3031,3.815859310084352e-07
0.0,3032,3.7973864815427223e-07
0.0,3033,3.779003078377871e-07
0.0,3034,3.7607086677399787e-07
0.0,3035,3.7425028188738297e-07
0.0,3036,3.7243851031086804e-07
0.0,3037,3.7063550938481787e-07
0.0,3038,3.6884123665603294e-07
0.0,3039,3.6705564987675083e-07
0.0,3040,3.6527870700365274e-07
0.0,3041,3.635103661968741e-07
0.0,3042,3.6175058581902106e-07
0.0,3043,3.599993244341907e-07
0.0,3044,3.582565408069966e-07
0.0,3045,3.565221939015988e-07
0.0,3046,3.5479624288073877e-07
0.0,3047,3.530786471047785e-07
0.0,3048,3.51369366130745e-07
0.0,3049,3.4966835971137883e-07
0.0,3050,3.479755877941872e-07
0.0,3051,3.462910105205021e-07
0.0,3052,3.4461458822454264e-07
0.0,3053,3.429462814324821e-07
0.0,3054,3.412860508615193e-07
0.0,3055,3.3963385741895456e-07
0.0,3056,3.379896622012703e-07
0.0,3057,3.3635342649321564e-07
0.0,3058,3.347251117668959e-07
0.0,3059,3.331046796808663e-07
0.0,3060,3.3149209207922996e-07
0.0,3061,3.2988731099074043e-07
0.0,3062,3.282902986279084e-07
0.0,3063,3.267010173861128e-07
0.0,3064,3.2511942984271624e-07
0.0,3065,3.235454987561847e-07
0.0,3066,3.219791870652114e-07
0.0,3067,3.204204578878451e-07
0.0,3068,3.1886927452062225e-07
0.0,3069,3.173256004377038e-07
0.0,3070,3.157893992900158e-07
0.0,3071,3.1426063490439437e-07
0.0,3072,3.1273927128273466e-07
0.0,3073,3.112252726011442e-07
0.0,3074,3.097186032091e-07
0.0,3075,3.082192276286097e-07
0.0,3076,3.0672711055337726e-07
0.0,3077,3.0524221684797235e-07
0.0,3078,3.037645115470034e-07
0.0,3079,3.022939598542955e-07
0.0,3080,3.008305271420715e-07
0.0,3081,2.993741789501375e-07
0.0,3082,2.979248809850719e-07
0.0,3083,2.964825991194192e-07
0.0,3084,2.9504729939088636e-07
0.0,3085,2.936189480015444e-07
0.0,3086,2.9219751131703284e-07
0.0,3087,2.9078295586576867e-07
0.0,3088,2.8937524833815883e-07
0.0,3089,2.879743555858165e-07
0.0,3090,2.8658024462078124e-07
0.0,3091,2.851928826147428e-07
0.0,3092,2.8381223689826903e-07
0.0,3093,2.8243827496003685e-07
0.0,3094,2.810709644460679e-07
0.0,3095,2.7971027315896674e-07
0.0,3096,2.7835616905716375e-07
0.0,3097,2.7700862025416117e-07
0.0,3098,2.756675950177827e-07
0.0,3099,2.7433306176942724e-07
0.0,3100,2.7300498908332566e-07
0.0,3101,2.7168334568580136e-07
0.0,3102,2.703681004545349e-07
0.0,3103,2.690592224178311e-07
0.0,3104,2.677566807538909e-07
0.0,3105,2.664604447900858e-07
0.0,3106,2.6517048400223637e-07
0.0,3107,2.6388676801389403e-07
0.0,3108,2.6260926659562624e-07
0.0,3109,2.613379496643053e-07
0.0,3110,2.6007278728240054e-07
0.0,3111,2.588137496572739e-07
0.0,3112,2.5756080714047904e-07
0.0,3113,2.5631393022706323e-07
0.0,3114,2.550730895548741e-07
0.0,3115,2.5383825590386756e-07
0.0,3116,2.526094001954214e-07
0.0,3117,2.513864934916501e-07
0.0,3118,2.501695069947247e-07
0.0,3119,2.489584120461947e-07
0.0,3120,2.47753180126314e-07
0.0,3121,2.4655378285336955e-07
0.0,3122,2.453601919830138e-07
0.0,3123,2.441723794076e-07
0.0,3124,2.429903171555206e-07
0.0,3125,2.418139773905495e-07
0.0,3126,2.406433324111867e-07
0.0,3127,2.3947835465000655e-07
0.0,3128,2.3831901667300903e-07
0.0,3129,2.3716529117897432e-07
0.0,3130,2.360171509988202e-07
0.0,3131,2.348745690949629e-07
0.0,3132,2.3373751856068078e-07
0.0,3133,2.3260597261948114e-07
0.0,3134,2.3147990462447017e-07
0.0,3135,2.3035928805772595e-07
0.0,3136,2.292440965296744e-07
0.0,3137,2.2813430377846816e-07
0.0,3138,2.2702988366936886e-07
0.0,3139,2.2593081019413186e-07
0.0,3140,2.248370574703944e-07
0.0,3141,2.2374859974106637e-07
0.0,3142,2.2266541137372438e-07
0.0,3143,2.215874668600083e-07
0.0,3144,2.2051474081502132e-07
0.0,3145,2.1944720797673225e-07
0.0,3146,2.183848432053812e-07
0.0,3147,2.1732762148288798e-07
0.0,3148,2.162755179122633e-07
0.0,3149,2.1522850771702283e-07
0.0,3150,2.1418656624060423e-07
0.0,3151,2.131496689457869e-07
0.0,3152,2.121177914141143e-07
0.0,3153,2.110909093453197e-07
0.0,3154,2.1006899855675393e-07
0.0,3155,2.0905203498281646e-07
0.0,3156,2.0803999467438908e-07
0.0,3157,2.0703285379827222e-07
0.0,3158,2.0603058863662392e-07
0.0,3159,2.0503317558640197e-07
0.0,3160,2.0404059115880814e-07
0.0,3161,2.0305281197873547e-07
0.0,3162,2.020698147842183e-07
0.0,3163,2.0109157642588463e-07
0.0,3164,2.0011807386641133e-07
0.0,3165,1.9914928417998206e-07
0.0,3166,1.9818518455174766e-07
0.0,3167,1.9722575227728912e-07
0.0,3168,1.962709647620834e-07
0.0,3169,1.953207995209716e-07
0.0,3170,1.9437523417762966e-07
0.0,3171,1.934342464640419e-07
0.0,3172,1.924978142199768e-07
0.0,3173,1.9156591539246554e-07
0.0,3174,1.9063852803528287e-07
0.0,3175,1.8971563030843073e-07
0.0,3176,1.887972004776241e-07
0.0,3177,1.8788321691377952e-07
0.0,3178,1.8697365809250605e-07
0.0,3179,1.8606850259359862e-07
0.0,3180,1.8516772910053395e-07
0.0,3181,1.8427131639996872e-07
0.0,3182,1.8337924338124045e-07
0.0,3183,1.8249148903587056e-07
0.0,3184,1.8160803245706973e-07
0.0,3185,1.8072885283924617e-07
0.0,3186,1.7985392947751567e-07
0.0,3187,1.7898324176721432e-07
0.0,3188,1.7811676920341357e-07
0.0,3189,1.7725449138043766e-07
0.0,3190,1.7639638799138323e-07
0.0,3191,1.7554243882764137e-07
0.0,3192,1.7469262377842203e-07
0.0,3193,1.738469228302806e-07
0.0,3194,1.7300531606664695e-07
0.0,3195,1.7216778366735647e-07
0.0,3196,1.7133430590818368e-07
0.0,3197,1.7050486316037797e-07
0.0,3198,1.696794358902015e-07
0.0,3199,1.688580046584695e-07
0.0,3200,1.6804055012009262e-07
0.0,3201,1.6722705302362176e-07
0.0,3202,1.664174942107947e-07
0.0,3203,1.656118546160853e-07
0.0,3204,1.648101152662547e-07
0.0,3205,1.6401225727990472e-07
0.0,3206,1.6321826186703332e-07
0.0,3207,1.6242811032859251e-07
0.0,3208,1.6164178405604806e-07
0.0,3209,1.6085926453094148e-07
0.0,3210,1.6008053332445419e-07
0.0,3211,1.5930557209697365e-07
0.0,3212,1.5853436259766165e-07
0.0,3213,1.577668866640249e-07
0.0,3214,1.5700312622148723e-07
0.0,3215,1.5624306328296427e-07
0.0,3216,1.5548667994843996e-07
0.0,3217,1.5473395840454544e-07
0.0,3218,1.5398488092413936e-07
0.0,3219,1.532394298658909e-07
0.0,3220,1.5249758767386432e-07
0.0,3221,1.517593368771058e-07
0.0,3222,1.5102466008923212e-07
0.0,3223,1.5029354000802138e-07
0.0,3224,1.4956595941500574e-07
0.0,3225,1.488419011750661e-07
0.0,3226,1.481213482360287e-07
0.0,3227,1.4740428362826375e-07
0.0,3228,1.4669069046428593e-07
0.0,3229,1.4598055193835684e-07
0.0,3230,1.4527385132608942e-07
0.0,3231,1.4457057198405422e-07
0.0,3232,1.4387069734938766e-07
0.0,3233,1.4317421093940203e-07
0.0,3234,1.4248109635119754e-07
0.0,3235,1.4179133726127624e-07
0.0,3236,1.4110491742515753e-07
0.0,3237,1.4042182067699608e-07
0.0,3238,1.3974203092920095e-07
0.0,3239,1.3906553217205704e-07
0.0,3240,1.3839230847334823e-07
0.0,3241,1.3772234397798214e-07
0.0,3242,1.3705562290761704e-07
0.0,3243,1.3639212956029042e-07
0.0,3244,1.3573184831004915e-07
0.0,3245,1.3507476360658184e-07
0.0,3246,1.344208599748526e-07
0.0,3247,1.3377012201473682e-07
0.0,3248,1.3312253440065863e-07
0.0,3249,1.3247808188122995e-07
0.0,3250,1.3183674927889172e-07
0.0,3251,1.311985214895563e-07
0.0,3252,1.3056338348225206e-07
0.0,3253,1.2993132029876948e-07
0.0,3254,1.2930231705330904e-07
0.0,3255,1.286763589321306e-07
0.0,3256,1.2805343119320484e-07
0.0,3257,1.2743351916586618e-07
0.0,3258,1.2681660825046727e-07
0.0,3259,1.2620268391803537e-07
0.0,3260,1.2559173170993022e-07
0.0,3261,1.2498373723750378e-07
0.0,3262,1.2437868618176136e-07
0.0,3263,1.2377656429302453e-07
0.0,3264,1.2317735739059568e-07
0.0,3265,1.2258105136242407e-07
0.0,3266,1.219876321647737e-07
0.0,3267,1.2139708582189261e-07
0.0,3268,1.2080939842568392e-07
0.0,3269,1.2022455613537824e-07
0.0,3270,1.196425451772079e-07
0.0,3271,1.1906335184408272e-07
0.0,3272,1.184869624952672e-07
0.0,3273,1.1791336355605938e-07
0.0,3274,1.1734254151747131e-07
0.0,3275,1.1677448293591094e-07
0.0,3276,1.1620917443286555e-07
0.0,3277,1.1564660269458695e-07
0.0,3278,1.1508675447177781e-07
0.0,3279,1.1452961657927983e-07
0.0,3280,1.1397517589576331e-07
0.0,3281,1.1342341936341816e-07
0.0,3282,1.1287433398764653e-07
0.0,3283,1.1232790683675681e-07
0.0,3284,1.1178412504165917e-07
0.0,3285,1.1124297579556258e-07
0.0,3286,1.1070444635367329e-07
0.0,3287,1.1016852403289468e-07
0.0,3288,1.0963519621152878e-07
0.0,3289,1.0910445032897894e-07
0.0,3290,1.0857627388545426e-07
0.0,3291,1.0805065444167505e-07
0.0,3292,1.0752757961858022e-07
0.0,3293,1.0700703709703565e-07
0.0,3294,1.0648901461754409e-07
0.0,3295,1.0597349997995668e-07
0.0,3296,1.0546048104318557e-07
0.0,3297,1.0494994572491807e-07
0.0,3298,1.0444188200133218e-07
0.0,3299,1.0393627790681354e-07
0.0,3300,1.0343312153367357e-07
0.0,3301,1.0293240103186921e-07
0.0,3302,1.0243410460872385e-07
0.0,3303,1.0193822052864967e-07
0.0,3304,1.0144473711287134e-07
0.0,3305,1.0095364273915101e-07
0.0,3306,1.0046492584151463e-07
0.0,3307,9.99785749099797e-08
0.0,3308,9.949457849028417e-08
0.0,3309,9.901292518361679e-08
0.0,3310,9.85336036463487e-08
0.0,3311,9.805660258976632e-08
0.0,3312,9.758191077980554e-08
0.0,3313,9.710951703678723e-08
0.0,3314,9.663941023515398e-08
0.0,3315,9.617157930320811e-08
0.0,3316,9.570601322285104e-08
0.0,3317,9.524270102932374e-08
0.0,3318,9.47816318109487e-08
0.0,3319,9.432279470887284e-08
0.0,3320,9.386617891681193e-08
0.0,3321,9.34117736807961e-08
0.0,3322,9.295956829891659e-08
0.0,3323,9.250955212107382e-08
0.0,3324,9.206171454872655e-08
0.0,3325,9.161604503464235e-08
0.0,3326,9.117253308264922e-08
0.0,3327,9.073116824738849e-08
0.0,3328,9.029194013406879e-08
0.0,3329,8.985483839822134e-08
0.0,3330,8.941985274545633e-08
0.0,3331,8.898697293122054e-08
0.0,3332,8.855618876055607e-08
0.0,3333,8.81274900878603e-08
0.0,3334,8.770086681664706e-08
0.0,3335,8.727630889930871e-08
0.0,3336,8.685380633687971e-08
0.0,3337,8.64333491788011e-08
0.0,3338,8.601492752268616e-08
0.0,3339,8.559853151408728e-08
0.0,3340,8.518415134626391e-08
0.0,3341,8.477177725995158e-08
0.0,3342,8.436139954313215e-08
0.0,3343,8.395300853080507e-08
0.0,3344,8.354659460475984e-08
0.0,3345,8.314214819334944e-08
0.0,3346,8.273965977126502e-08
0.0,3347,8.233911985931155e-08
0.0,3348,8.19405190241846e-08
0.0,3349,8.154384787824822e-08
0.0,3350,8.114909707931388e-08
0.0,3351,8.075625733042045e-08
0.0,3352,8.036531937961532e-08
0.0,3353,7.997627401973649e-08
0.0,3354,7.958911208819577e-08
0.0,3355,7.920382446676297e-08
0.0,3356,7.88204020813513e-08
0.0,3357,7.843883590180353e-08
0.0,3358,7.80591169416795e-08
0.0,3359,7.768123625804434e-08
0.0,3360,7.730518495125803e-08
0.0,3361,7.69309541647657e-08
0.0,3362,7.655853508488914e-08
0.0,3363,7.618791894061922e-08
0.0,3364,7.581909700340937e-08
0.0,3365,7.545206058696997e-08
0.0,3366,7.508680104706389e-08
0.0,3367,7.472330978130282e-08
0.0,3368,7.436157822894478e-08
0.0,3369,7.40015978706925e-08
0.0,3370,7.364336022849272e-08
0.0,3371,7.328685686533667e-08
0.0,3372,7.293207938506129e-08
0.0,3373,7.257901943215152e-08
0.0,3374,7.222766869154355e-08
0.0,3375,7.187801888842901e-08
0.0,3376,7.15300617880601e-08
0.0,3377,7.118378919555563e-08
0.0,3378,7.083919295570809e-08
0.0,3379,7.049626495279156e-08
0.0,3380,7.015499711037059e-08
0.0,3381,6.981538139111002e-08
0.0,3382,6.94774097965857e-08
0.0,3383,6.91410743670961e-08
0.0,3384,6.88063671814749e-08
0.0,3385,6.847328035690444e-08
0.0,3386,6.814180604873004e-08
0.0,3387,6.781193645027533e-08
0.0,3388,6.748366379265832e-08
0.0,3389,6.715698034460853e-08
0.0,3390,6.683187841228482e-08
0.0,3391,6.650835033909433e-08
0.0,3392,6.6186388505512e-08
0.0,3393,6.586598532890129e-08
0.0,3394,6.554713326333549e-08
0.0,3395,6.522982479942009e-08
0.0,3396,6.491405246411589e-08
0.0,3397,6.459980882056297e-08
0.0,3398,6.428708646790569e-08
0.0,3399,6.397587804111822e-08
0.0,3400,6.36661762108312e-08
0.0,3401,6.335797368315911e-08
0.0,3402,6.305126319952847e-08
0.0,3403,6.274603753650695e-08
0.0,3404,6.244228950563317e-08
0.0,3405,6.214001195324749e-08
0.0,3406,6.18391977603235e-08
0.0,3407,6.153983984230034e-08
0.0,3408,6.124193114891591e-08
0.0,3409,6.094546466404075e-08
0.0,3410,6.065043340551292e-08
0.0,3411,6.035683042497346e-08
0.0,3412,6.006464880770275e-08
0.0,3413,5.977388167245778e-08
0.0,3414,5.948452217130995e-08
0.0,3415,5.919656348948388e-08
0.0,3416,5.8909998845196866e-08
0.0,3417,5.8624821489499205e-08
0.0,3418,5.834102470611522e-08
0.0,3419,5.805860181128511e-08
0.0,3420,5.7777546153607516e-08
0.0,3421,5.7497851113882864e-08
0.0,3422,5.72195101049575e-08
0.0,3423,5.694251657156857e-08
0.0,3424,5.6666863990189575e-08
0.0,3425,5.639254586887679e-08
0.0,3426,5.611955574711635e-08
0.0,3427,5.584788719567208e-08
0.0,3428,5.557753381643412e-08
0.0,3429,5.530848924226818e-08
0.0,3430,5.504074713686564e-08
0.0,3431,5.4774301194594297e-08
0.0,3432,5.450914514034985e-08
0.0,3433,5.424527272940813e-08
0.0,3434,5.398267774727801e-08
0.0,3435,5.372135400955505e-08
0.0,3436,5.346129536177586e-08
0.0,3437,5.320249567927311e-08
0.0,3438,5.294494886703134e-08
0.0,3439,5.268864885954336e-08
0.0,3440,5.243358962066744e-08
0.0,3441,5.21797651434851e-08
0.0,3442,5.192716945015969e-08
0.0,3443,5.167579659179557e-08
0.0,3444,5.1425640648297985e-08
0.0,3445,5.117669572823368e-08
0.0,3446,5.0928955968692105e-08
0.0,3447,5.068241553514738e-08
0.0,3448,5.043706862132081e-08
0.0,3449,5.01929094490442e-08
0.0,3450,4.994993226812374e-08
0.0,3451,4.970813135620457e-08
0.0,3452,4.9467501018636015e-08
0.0,3453,4.922803558833749e-08
0.0,3454,4.898972942566496e-08
0.0,3455,4.875257691827818e-08
0.0,3456,4.8516572481008504e-08
0.0,3457,4.828171055572729e-08
0.0,3458,4.804798561121505e-08
0.0,3459,4.781539214303116e-08
0.0,3460,4.758392467338421e-08
0.0,3461,4.735357775100299e-08
0.0,3462,4.7124345951008114e-08
0.0,3463,4.689622387478422e-08
0.0,3464,4.666920614985288e-08
0.0,3465,4.6443287429745974e-08
0.0,3466,4.621846239387987e-08
0.0,3467,4.5994725747430016e-08
0.0,3468,4.577207222120632e-08
0.0,3469,4.555049657152897e-08
0.0,3470,4.532999358010499e-08
0.0,3471,4.5110558053905307e-08
0.0,3472,4.489218482504245e-08
0.0,3473,4.467486875064883e-08
0.0,3474,4.445860471275561e-08
0.0,3475,4.424338761817217e-08
0.0,3476,4.402921239836616e-08
0.0,3477,4.381607400934406e-08
0.0,3478,4.36039674315325e-08
0.0,3479,4.339288766965989e-08
0.0,3480,4.31828297526389e-08
0.0,3481,4.2973788733449274e-08
0.0,3482,4.276575968902139e-08
0.0,3483,4.2558737720120277e-08
0.0,3484,4.235271795123019e-08
0.0,3485,4.214769553043983e-08
0.0,3486,4.1943665629328067e-08
0.0,3487,4.1740623442850165e-08
0.0,3488,4.1538564189224665e-08
0.0,3489,4.133748310982073e-08
0.0,3490,4.113737546904607e-08
0.0,3491,4.0938236554235424e-08
0.0,3492,4.0740061675539516e-08
0.0,3493,4.054284616581465e-08
0.0,3494,4.034658538051276e-08
0.0,3495,4.0151274697572e-08
0.0,3496,3.9956909517307895e-08
0.0,3497,3.976348526230504e-08
0.0,3498,3.957099737730922e-08
0.0,3499,3.937944132912017e-08
0.0,3500,3.918881260648476e-08
0.0,3501,3.899910671999083e-08
0.0,3502,3.8810319201961315e-08
0.0,3503,3.862244560634915e-08
0.0,3504,3.843548150863245e-08
0.0,3505,3.824942250571037e-08
0.0,3506,3.806426421579935e-08
0.0,3507,3.788000227832993e-08
0.0,3508,3.769663235384406e-08
0.0,3509,3.751415012389285e-08
0.0,3510,3.733255129093489e-08
0.0,3511,3.715183157823504e-08
0.0,3512,3.697198672976363e-08
0.0,3513,3.679301251009631e-08
0.0,3514,3.661490470431423e-08
0.0,3515,3.6437659117904775e-08
0.0,3516,3.626127157666277e-08
0.0,3517,3.60857379265922e-08
0.0,3518,3.5911054033808295e-08
0.0,3519,3.5737215784440247e-08
0.0,3520,3.556421908453424e-08
0.0,3521,3.539205985995708e-08
0.0,3522,3.522073405630019e-08
0.0,3523,3.505023763878417e-08
0.0,3524,3.48805665921637e-08
0.0,3525,3.471171692063299e-08
0.0,3526,3.454368464773172e-08
0.0,3527,3.4376465816251276e-08
0.0,3528,3.4210056488141644e-08
0.0,3529,3.4044452744418574e-08
0.0,3530,3.387965068507135e-08
0.0,3531,3.371564642897087e-08
0.0,3532,3.355243611377825e-08
0.0,3533,3.3390015895853866e-08
0.0,3534,3.322838195016681e-08
0.0,3535,3.30675304702048e-08
0.0,3536,3.2907457667884514e-08
0.0,3537,3.2748159773462396e-08
0.0,3538,3.258963303544581e-08
0.0,3539,3.2431873720504745e-08
0.0,3540,3.227487811338384e-08
0.0,3541,3.211864251681487e-08
0.0,3542,3.196316325142969e-08
0.0,3543,3.180843665567356e-08
0.0,3544,3.1654459085718905e-08
0.0,3545,3.1501226915379465e-08
0.0,3546,3.134873653602493e-08
0.0,3547,3.119698435649589e-08
0.0,3548,3.1045966803019317e-08
0.0,3549,3.0895680319124326e-08
0.0,3550,3.074612136555842e-08
0.0,3551,3.059728642020417e-08
0.0,3552,3.044917197799621e-08
0.0,3553,3.030177455083867e-08
0.0,3554,3.01550906675231e-08
0.0,3555,3.000911687364659e-08
0.0,3556,2.9863849731530506e-08
0.0,3557,2.9719285820139474e-08
0.0,3558,2.95754217350008e-08
0.0,3559,2.9432254088124305e-08
0.0,3560,2.92897795079225e-08
0.0,3561,2.9147994639131187e-08
0.0,3562,2.900689614273043e-08
0.0,3563,2.886648069586589e-08
0.0,3564,2.872674499177059e-08
0.0,3565,2.8587685739687003e-08
0.0,3566,2.8449299664789545e-08
0.0,3567,2.831158350810746e-08
0.0,3568,2.8174534026448024e-08
0.0,3569,2.8038147992320194e-08
0.0,3570,2.7902422193858547e-08
0.0,3571,2.776735343474768e-08
0.0,3572,2.7632938534146868e-08
0.0,3573,2.749917432661518e-08
0.0,3574,2.736605766203691e-08
0.0,3575,2.7233585405547382e-08
0.0,3576,2.7101754437459097e-08
0.0,3577,2.697056165318828e-08
0.0,3578,2.684000396318173e-08
0.0,3579,2.6710078292844056e-08
0.0,3580,2.658078158246526e-08
0.0,3581,2.6452110787148687e-08
0.0,3582,2.632406287673926e-08
0.0,3583,2.619663483575215e-08
0.0,3584,2.606982366330174e-08
0.0,3585,2.594362637303093e-08
0.0,3586,2.58180399930408e-08
0.0,3587,2.5693061565820626e-08
0.0,3588,2.5568688148178195e-08
0.0,3589,2.54449168111705e-08
0.0,3590,2.5321744640034742e-08
0.0,3591,2.5199168734119677e-08
0.0,3592,2.5077186206817308e-08
0.0,3593,2.495579418549486e-08
0.0,3594,2.4834989811427163e-08
0.0,3595,2.4714770239729276e-08
0.0,3596,2.459513263928951e-08
0.0,3597,2.4476074192702723e-08
0.0,3598,2.4357592096203972e-08
0.0,3599,2.4239683559602467e-08
0.0,3600,2.4122345806215852e-08
0.0,3601,2.400557607280481e-08
0.0,3602,2.3889371609507954e-08
0.0,3603,2.377372967977709e-08
0.0,3604,2.3658647560312745e-08
0.0,3605,2.354412254100001e-08
0.0,3606,2.343015192484473e-08
0.0,3607,2.3316733027909958e-08
0.0,3608,2.320386317925275e-08
0.0,3609,2.309153972086125e-08
0.0,3610,2.2979760007592083e-08
0.0,3611,2.286852140710806e-08
0.0,3612,2.2757821299816153e-08
0.0,3613,2.264765707880582e-08
0.0,3614,2.2538026149787584e-08
0.0,3615,2.2428925931031935e-08
0.0,3616,2.2320353853308512e-08
0.0,3617,2.221230735982561e-08
0.0,3618,2.2104783906169924e-08
0.0,3619,2.1997780960246642e-08
0.0,3620,2.189129600221979e-08
0.0,3621,2.1785326524452904e-08
0.0,3622,2.167987003144993e-08
0.0,3623,2.1574924039796475e-08
0.0,3624,2.147048607810129e-08
0.0,3625,2.1366553686938077e-08
0.0,3626,2.1263124418787558e-08
0.0,3627,2.1160195837979808e-08
0.0,3628,2.1057765520636904e-08
0.0,3629,2.0955831054615836e-08
0.0,3630,2.0854390039451672e-08
0.0,3631,2.075344008630103e-08
0.0,3632,2.0652978817885805e-08
0.0,3633,2.0553003868437198e-08
0.0,3634,2.0453512883639953e-08
0.0,3635,2.035450352057694e-08
0.0,3636,2.0255973447673947e-08
0.0,3637,2.015792034464477e-08
0.0,3638,2.0060341902436567e-08
0.0,3639,1.9963235823175457e-08
0.0,3640,1.986659982011242e-08
0.0,3641,1.9770431617569395e-08
0.0,3642,1.9674728950885726e-08
0.0,3643,1.9579489566364785e-08
0.0,3644,1.94847112212209e-08
0.0,3645,1.9390391683526547e-08
0.0,3646,1.9296528732159738e-08
0.0,3647,1.9203120156751744e-08
0.0,3648,1.9110163757635018e-08
0.0,3649,1.901765734579138e-08
0.0,3650,1.8925598742800452e-08
0.0,3651,1.8833985780788377e-08
0.0,3652,1.8742816302376722e-08
0.0,3653,1.865208816063168e-08
0.0,3654,1.8561799219013507e-08
0.0,3655,1.847194735132618e-08
0.0,3656,1.8382530441667336e-08
0.0,3657,1.8293546384378422e-08
0.0,3658,1.8204993083995107e-08
0.0,3659,1.811686845519792e-08
0.0,3660,1.802917042276313e-08
0.0,3661,1.794189692151388e-08
0.0,3662,1.785504589627153e-08
0.0,3663,1.7768615301807247e-08
0.0,3664,1.7682603102793857e-08
0.0,3665,1.759700727375787e-08
0.0,3666,1.751182579903181e-08
0.0,3667,1.7427056672706707e-08
0.0,3668,1.734269789858486e-08
0.0,3669,1.7258747490132827e-08
0.0,3670,1.7175203470434636e-08
0.0,3671,1.7092063872145193e-08
0.0,3672,1.700932673744399e-08
0.0,3673,1.6926990117988957e-08
0.0,3674,1.6845052074870565e-08
0.0,3675,1.6763510678566194e-08
0.0,3676,1.6682364008894657e-08
0.0,3677,1.6601610154970978e-08
0.0,3678,1.652124721516138e-08
0.0,3679,1.6441273297038512e-08
0.0,3680,1.6361686517336857e-08
0.0,3681,1.6282485001908387e-08
0.0,3682,1.62036668856784e-08
0.0,3683,1.6125230312601606e-08
0.0,3684,1.6047173435618424e-08
0.0,3685,1.596949441661145e-08
0.0,3686,1.5892191426362172e-08
0.0,3687,1.5815262644507893e-08
0.0,3688,1.5738706259498845e-08
0.0,3689,1.5662520468555533e-08
0.0,3690,1.5586703477626252e-08
0.0,3691,1.551125350134485e-08
0.0,3692,1.5436168762988668e-08
0.0,3693,1.5361447494436694e-08
0.0,3694,1.5287087936127924e-08
0.0,3695,1.5213088337019895e-08
0.0,3696,1.5139446954547472e-08
0.0,3697,1.5066162054581783e-08
0.0,3698,1.4993231911389384e-08
0.0,3699,1.49206548075916e-08
0.0,3700,1.4848429034124101e-08
0.0,3701,1.4776552890196618e-08
0.0,3702,1.4705024683252893e-08
0.0,3703,1.4633842728930824e-08
0.0,3704,1.4563005351022781e-08
0.0,3705,1.449251088143613e-08
0.0,3706,1.442235766015394e-08
0.0,3707,1.4352544035195893e-08
0.0,3708,1.4283068362579356e-08
0.0,3709,1.4213929006280684e-08
0.0,3710,1.4145124338196665e-08
0.0,3711,1.407665273810618e-08
0.0,3712,1.4008512593632051e-08
0.0,3713,1.3940702300203048e-08
0.0,3714,1.3873220261016101e-08
0.0,3715,1.3806064886998702e-08
0.0,3716,1.3739234596771453e-08
0.0,3717,1.3672727816610846e-08
0.0,3718,1.360654298041218e-08
0.0,3719,1.354067852965267e-08
0.0,3720,1.3475132913354759e-08
0.0,3721,1.3409904588049566e-08
0.0,3722,1.3344992017740548e-08
0.0,3723,1.3280393673867303e-08
0.0,3724,1.3216108035269594e-08
0.0,3725,1.3152133588151497e-08
0.0,3726,1.308846882604576e-08
0.0,3727,1.3025112249778317e-08
0.0,3728,1.2962062367432972e-08
0.0,3729,1.2899317694316266e-08
0.0,3730,1.2836876752922512e-08
0.0,3731,1.2774738072898983e-08
0.0,3732,1.2712900191011287e-08
0.0,3733,1.265136165110891e-08
0.0,3734,1.2590121004090902e-08
0.0,3735,1.2529176807871763e-08
0.0,3736,1.2468527627347469e-08
0.0,3737,1.2408172034361673e-08
0.0,3738,1.2348108607672063e-08
0.0,3739,1.2288335932916898e-08
0.0,3740,1.222885260258168e-08
0.0,3741,1.216965721596602e-08
0.0,3742,1.2110748379150632e-08
0.0,3743,1.2052124704964514e-08
0.0,3744,1.1993784812952263e-08
0.0,3745,1.1935727329341578e-08
0.0,3746,1.1877950887010885e-08
0.0,3747,1.1820454125457152e-08
0.0,3748,1.1763235690763838e-08
0.0,3749,1.1706294235569001e-08
0.0,3750,1.1649628419033577e-08
0.0,3751,1.1593236906809785e-08
0.0,3752,1.1537118371009703e-08
0.0,3753,1.1481271490173997e-08
0.0,3754,1.1425694949240793e-08
0.0,3755,1.1370387439514705e-08
0.0,3756,1.131534765863601e-08
0.0,3757,1.1260574310549975e-08
0.0,3758,1.1206066105476329e-08
0.0,3759,1.1151821759878887e-08
0.0,3760,1.1097839996435323e-08
0.0,3761,1.1044119544007074e-08
0.0,3762,1.0990659137609415e-08
0.0,3763,1.0937457518381655e-08
0.0,3764,1.088451343355749e-08
0.0,3765,1.0831825636435497e-08
0.0,3766,1.0779392886349779e-08
0.0,3767,1.0727213948640726e-08
0.0,3768,1.0675287594625952e-08
0.0,3769,1.0623612601571347e-08
0.0,3770,1.0572187752662286e-08
0.0,3771,1.0521011836974956e-08
0.0,3772,1.0470083649447852e-08
0.0,3773,1.0419401990853389e-08
0.0,3774,1.0368965667769644e-08
0.0,3775,1.0318773492552273e-08
0.0,3776,1.0268824283306515e-08
0.0,3777,1.0219116863859369e-08
0.0,3778,1.0169650063731884e-08
0.0,3779,1.0120422718111604e-08
0.0,3780,1.0071433667825115e-08
0.0,3781,1.002268175931076e-08
0.0,3782,9.974165844591464e-09
0.0,3783,9.92588478124769e-09
0.0,3784,9.877837432390544e-09
0.0,3785,9.830022666634985e-09
0.0,3786,9.782439358073193e-09
0.0,3787,9.735086386248043e-09
0.0,3788,9.687962636126708e-09
0.0,3789,9.641066998074411e-09
0.0,3790,9.594398367828285e-09
0.0,3791,9.547955646471365e-09
0.0,3792,9.5017377404067e-09
0.0,3793,9.455743561331609e-09
0.0,3794,9.409972026212036e-09
0.0,3795,9.36442205725705e-09
0.0,3796,9.319092581893462e-09
0.0,3797,9.273982532740552e-09
0.0,3798,9.22909084758494e-09
0.0,3799,9.184416469355567e-09
0.0,3800,9.1399583460988e-09
0.0,3801,9.095715430953649e-09
0.0,3802,9.051686682127117e-09
0.0,3803,9.007871062869661e-09
0.0,3804,8.964267541450779e-09
0.0,3805,8.920875091134704e-09
0.0,3806,8.877692690156226e-09
0.0,3807,8.834719321696622e-09
0.0,3808,8.791953973859722e-09
0.0,3809,8.749395639648055e-09
0.0,3810,8.707043316939152e-09
0.0,3811,8.66489600846193e-09
0.0,3812,8.622952721773216e-09
0.0,3813,8.581212469234361e-09
0.0,3814,8.539674267987987e-09
0.0,3815,8.49833713993484e-09
0.0,3816,8.457200111710743e-09
0.0,3817,8.416262214663687e-09
0.0,3818,8.375522484831003e-09
0.0,3819,8.33497996291667e-09
0.0,3820,8.294633694268707e-09
0.0,3821,8.254482728856713e-09
0.0,3822,8.214526121249463e-09
0.0,3823,8.174762930592667e-09
0.0,3824,8.135192220586795e-09
0.0,3825,8.09581305946503e-09
0.0,3826,8.056624519971325e-09
0.0,3827,8.017625679338564e-09
0.0,3828,7.978815619266825e-09
0.0,3829,7.94019342590176e-09
0.0,3830,7.901758189813062e-09
0.0,3831,7.863509005973057e-09
0.0,3832,7.825444973735381e-09
0.0,3833,7.787565196813773e-09
0.0,3834,7.749868783260962e-09
0.0,3835,7.712354845447664e-09
0.0,3836,7.675022500041676e-09
0.0,3837,7.637870867987067e-09
0.0,3838,7.600899074483482e-09
0.0,3839,7.564106248965534e-09
0.0,3840,7.527491525082306e-09
0.0,3841,7.49105404067694e-09
0.0,3842,7.454792937766337e-09
0.0,3843,7.418707362520948e-09
0.0,3844,7.382796465244667e-09
0.0,3845,7.347059400354816e-09
0.0,3846,7.311495326362235e-09
0.0,3847,7.2761034058514574e-09
0.0,3848,7.2408828054609934e-09
0.0,3849,7.2058326958637005e-09
0.0,3850,7.17095225174725e-09
0.0,3851,7.136240651794696e-09
0.0,3852,7.101697078665122e-09
0.0,3853,7.067320718974402e-09
0.0,3854,7.033110763276036e-09
0.0,3855,6.999066406042093e-09
0.0,3856,6.965186845644233e-09
0.0,3857,6.931471284334834e-09
0.0,3858,6.8979189282282e-09
0.0,3859,6.864528987281865e-09
0.0,3860,6.831300675277984e-09
0.0,3861,6.798233209804824e-09
0.0,3862,6.765325812238328e-09
0.0,3863,6.732577707723785e-09
0.0,3864,6.699988125157575e-09
0.0,3865,6.667556297169013e-09
0.0,3866,6.635281460102274e-09
0.0,3867,6.60316285399841e-09
0.0,3868,6.571199722577451e-09
0.0,3869,6.539391313220594e-09
0.0,3870,6.507736876952477e-09
0.0,3871,6.476235668423539e-09
0.0,3872,6.444886945892473e-09
0.0,3873,6.413689971208746e-09
0.0,3874,6.3826440097952245e-09
0.0,3875,6.35174833063087e-09
0.0,3876,6.321002206233523e-09
0.0,3877,6.2904049126427695e-09
0.0,3878,6.259955729402893e-09
0.0,3879,6.229653939545908e-09
0.0,3880,6.199498829574668e-09
0.0,3881,6.1694896894460715e-09
0.0,3882,6.1396258125543325e-09
0.0,3883,6.1099064957143414e-09
0.0,3884,6.080331039145108e-09
0.0,3885,6.0508987464532736e-09
0.0,3886,6.0216089246167175e-09
0.0,3887,5.992460883968232e-09
0.0,3888,5.9634539381792815e-09
0.0,3889,5.934587404243836e-09
0.0,3890,5.905860602462294e-09
0.0,3891,5.877272856425461e-09
0.0,3892,5.848823492998635e-09
0.0,3893,5.8205118423057425e-09
0.0,3894,5.792337237713568e-09
0.0,3895,5.764299015816053e-09
0.0,3896,5.73639651641867e-09
0.0,3897,5.708629082522879e-09
0.0,3898,5.680996060310651e-09
0.0,3899,5.653496799129071e-09
0.0,3900,5.626130651475017e-09
0.0,3901,5.5988969729799075e-09
0.0,3902,5.571795122394529e-09
0.0,3903,5.544824461573932e-09
0.0,3904,5.517984355462403e-09
0.0,3905,5.491274172078511e-09
0.0,3906,5.46469328250022e-09
0.0,3907,5.438241060850081e-09
0.0,3908,5.41191688428049e-09
0.0,3909,5.385720132959022e-09
0.0,3910,5.3596501900538304e-09
0.0,3911,5.333706441719122e-09
0.0,3912,5.3078882770807015e-09
0.0,3913,5.282195088221586e-09
0.0,3914,5.256626270167685e-09
0.0,3915,5.231181220873556e-09
0.0,3916,5.205859341208222e-09
0.0,3917,5.18066003494107e-09
0.0,3918,5.155582708727798e-09
0.0,3919,5.130626772096454e-09
0.0,3920,5.105791637433521e-09
0.0,3921,5.081076719970081e-09
0.0,3922,5.056481437768047e-09
0.0,3923,5.032005211706452e-09
0.0,3924,5.007647465467817e-09
0.0,3925,4.983407625524575e-09
0.0,3926,4.959285121125563e-09
0.0,3927,4.9352793842825854e-09
0.0,3928,4.911389849757033e-09
0.0,3929,4.887615955046576e-09
0.0,3930,4.8639571403719115e-09
0.0,3931,4.840412848663587e-09
0.0,3932,4.8169825255488765e-09
0.0,3933,4.7936656193387266e-09
0.0,3934,4.7704615810147654e-09
0.0,3935,4.747369864216372e-09
0.0,3936,4.724389925227808e-09
0.0,3937,4.701521222965414e-09
0.0,3938,4.678763218964874e-09
0.0,3939,4.6561153773685204e-09
0.0,3940,4.6335771649127284e-09
0.0,3941,4.61114805091535e-09
0.0,3942,4.588827507263216e-09
0.0,3943,4.566615008399705e-09
0.0,3944,4.544510031312362e-09
0.0,3945,4.52251205552058e-09
0.0,3946,4.500620563063351e-09
0.0,3947,4.478835038487056e-09
0.0,3948,4.457154968833336e-09
0.0,3949,4.4355798436270085e-09
0.0,3950,4.4141091548640444e-09
0.0,3951,4.392742396999608e-09
0.0,3952,4.3714790669361496e-09
0.0,3953,4.350318664011557e-09
0.0,3954,4.329260689987366e-09
0.0,3955,4.308304649037025e-09
0.0,3956,4.287450047734227e-09
0.0,3957,4.266696395041275e-09
0.0,3958,4.2460432022975315e-09
0.0,3959,4.225489983207904e-09
0.0,3960,4.2050362538313925e-09
0.0,3961,4.184681532569699e-09
0.0,3962,4.164425340155878e-09
0.0,3963,4.144267199643056e-09
0.0,3964,4.124206636393197e-09
0.0,3965,4.104243178065926e-09
0.0,3966,4.084376354607404e-09
0.0,3967,4.06460569823926e-09
0.0,3968,4.044930743447575e-09
0.0,3969,4.02535102697192e-09
0.0,3970,4.0058660877944454e-09
0.0,3971,3.9864754671290215e-09
0.0,3972,3.9671787084104415e-09
0.0,3973,3.947975357283663e-09
0.0,3974,3.9288649615931124e-09
0.0,3975,3.909847071372033e-09
0.0,3976,3.890921238831895e-09
0.0,3977,3.872087018351841e-09
0.0,3978,3.853343966468201e-09
0.0,3979,3.834691641864045e-09
0.0,3980,3.8161296053587895e-09
0.0,3981,3.797657419897856e-09
0.0,3982,3.7792746505423825e-09
0.0,3983,3.760980864458972e-09
0.0,3984,3.742775630909511e-09
0.0,3985,3.724658521241015e-09
0.0,3986,3.7066291088755427e-09
0.0,3987,3.6886869693001473e-09
0.0,3988,3.670831680056877e-09
0.0,3989,3.65306282073283e-09
0.0,3990,3.6353799729502525e-09
0.0,3991,3.617782720356688e-09
0.0,3992,3.6002706486151704e-09
0.0,3993,3.5828433453944675e-09
0.0,3994,3.5655004003593718e-09
0.0,3995,3.548241405161037e-09
0.0,3996,3.5310659534273602e-09
0.0,3997,3.513973640753417e-09
0.0,3998,3.496964064691932e-09
0.0,3999,3.4800368247438058e-09
0.0,4000,3.4631915223486826e-09
1.0,0,1.0
1.0,1,0.8660023607871337
1.0,2,0.8288232445798749
1.0,3,0.8210703543529999
1.0,4,0.8164092452170505
1.0,5,0.812895668660689
1.0,6,0.808976407387131
1.0,7,0.8050579278550587
1.0,8,0.8010082025212151
1.0,9,0.7969804316968824
1.0,10,0.792950305295082
1.0,11,0.7889608023391347
1.0,12,0.7850042756237476
1.0,13,0.7810921709038203
1.0,14,0.7772215649879969
1.0,15,0.7733952579396729
1.0,16,0.7696119074350091
1.0,17,0.765871922780552
1.0,18,0.7621745012991071
1.0,19,0.7585193851318814
1.0,20,0.7549059599020623
1.0,21,0.7513337853038466
1.0,22,0.747802318314828
1.0,23,0.7443110751448088
1.0,24,0.7408595455248936
1.0,25,0.7374472425306429
1.0,26,0.7340736758170228
1.0,27,0.7307383670104913
1.0,28,0.72744084125623
1.0,29,0.7241806319547726
1.0,30,0.7209572780332257
1.0,31,0.7177703253640304
1.0,32,0.7146193258358838
1.0,33,0.7115038377351378
1.0,34,0.7084234253864907
1.0,35,0.7053776592099645
1.0,36,0.7023661155440735
1.0,37,0.6993883766023395
1.0,38,0.6964440303564577
1.0,39,0.6935326704629586
1.0,40,0.6906538961674603
1.0,41,0.6878073122237796
1.0,42,0.6849925288068279
1.0,43,0.6822091614311975
1.0,44,0.67945683086867
1.0,45,0.6767351630684556
1.0,46,0.6740437890779687
1.0,47,0.6713823449653534
1.0,48,0.6687504717430386
1.0,49,0.6661478152926971
1.0,50,0.663574026291365
1.0,51,0.6610287601388273
1.0,52,0.6585116768861775
1.0,53,0.6560224411655738
1.0,54,0.6535607221211458
1.0,55,0.6511261933410499
1.0,56,0.648718532790643
1.0,57,0.6463374227467628
1.0,58,0.6439825497330923
1.0,59,0.641653604456592
1.0,60,0.6393502817449817
1.0,61,0.637072280485253
1.0,62,0.6348193035631979
1.0,63,0.632591057803933
1.0,64,0.630387253913404
1.0,65,0.6282076064208554
1.0,66,0.626051833622245
1.0,67,0.6239196575245921
1.0,68,0.6218108037912387
1.0,69,0.6197250016880111
1.0,70,0.6176619840302665
1.0,71,0.6156214871308068
1.0,72,0.6136032507486476
1.0,73,0.6116070180386266
1.0,74,0.609632535501836
1.0,75,0.6076795529368664
1.0,76,0.6057478233918464
1.0,77,0.6038371031172659
1.0,78,0.601947151519568
1.0,79,0.600077731115497
1.0,80,0.5982286074871886
1.0,81,0.5963995492379913
1.0,82,0.5945903279490031
1.0,83,0.5928007181363135
1.0,84,0.591030497208939
1.0,85,0.5892794454274359
1.0,86,0.587547345863185
1.0,87,0.5858339843583295
1.0,88,0.5841391494863603
1.0,89,0.5824626325133339
1.0,90,0.5808042273597135
1.0,91,0.5791637305628217
1.0,92,0.5775409412398936
1.0,93,0.5759356610517217
1.0,94,0.574347694166879
1.0,95,0.5727768472265139
1.0,96,0.5712229293097031
1.0,97,0.5696857518993557
1.0,98,0.5681651288486574
1.0,99,0.5666608763480453
1.0,100,0.5651728128927036
1.0,101,0.563700759250573
1.0,102,0.5622445384308618
1.0,103,0.5608039756530524
1.0,104,0.5593788983163936
1.0,105,0.5579691359698691
1.0,106,0.5565745202826353
1.0,107,0.5551948850149208
1.0,108,0.553830065989376
1.0,109,0.5524799010628689
1.0,110,0.551144230098718
1.0,111,0.5498228949393521
1.0,112,0.548515739379394
1.0,113,0.5472226091391569
1.0,114,0.5459433518385484
1.0,115,0.5446778169713737
1.0,116,0.5434258558800322
1.0,117,0.5421873217305999
1.0,118,0.5409620694882906
1.0,119,0.5397499558932904
1.0,120,0.5385508394369576
1.0,121,0.5373645803383833
1.0,122,0.5361910405213046
1.0,123,0.5350300835913658
1.0,124,0.5338815748137211
1.0,125,0.532745381090972
1.0,126,0.5316213709414356
1.0,127,0.5305094144777358
1.0,128,0.529409383385714
1.0,129,0.5283211509036518
1.0,130,0.5272445918018022
1.0,131,0.5261795823622225
1.0,132,0.5251260003589053
1.0,133,0.5240837250382001
1.0,134,0.5230526370995241
1.0,135,0.5220326186763532
1.0,136,0.5210235533174923
1.0,137,0.5200253259686173
1.0,138,0.5190378229540856
1.0,139,0.5180609319590108
1.0,140,0.5170945420115957
1.0,141,0.5161385434657207
1.0,142,0.5151928279837835
1.0,143,0.5142572885197841
1.0,144,0.513331819302653
1.0,145,0.5124163158198173
1.0,146,0.5115106748010012
1.0,147,0.5106147942022576
1.0,148,0.5097285731902256
1.0,149,0.5088519121266117
1.0,150,0.5079847125528895
1.0,151,0.5071268771752159
1.0,152,0.5062783098495592
1.0,153,0.5054389155670365
1.0,154,0.5046086004394545
1.0,155,0.5037872716850558
1.0,156,0.50297483761446
1.0,157,0.5021712076168042
1.0,158,0.5013762921460728
1.0,159,0.5005900027076186
1.0,160,0.4998122518448696
1.0,161,0.49904295312621894
1.0,162,0.4982820211320958
1.0,163,0.4975293714422138
1.0,164,0.4967849206229938
1.0,165,0.4960485862151591
1.0,166,0.49532028672150014
1.0,167,0.49459994159480536
1.0,168,0.493887471225957
1.0,169,0.4931827969321875
1.0,170,0.4924858409454956
1.0,171,0.491796526401219
1.0,172,0.49111477732676084
1.0,173,0.4904405186304683
1.0,174,0.4897736760906605
1.0,175,0.48911417634480403
1.0,176,0.4884619468788325
1.0,177,0.48781691601661004
1.0,178,0.4871790129095346
1.0,179,0.48654816752628
1.0,180,0.48592431064267416
1.0,181,0.4853073738317122
1.0,182,0.4846972894537011
1.0,183,0.48409399064653574
1.0,184,0.4834974113161022
1.0,185,0.4829074861268087
1.0,186,0.4823241504922406
1.0,187,0.481747340565938
1.0,188,0.4811769932322952
1.0,189,0.4806130460975785
1.0,190,0.48005543748106216
1.0,191,0.4795041064062799
1.0,192,0.4789589925923904
1.0,193,0.4784200364456556
1.0,194,0.47788717905102956
1.0,195,0.47736036216385647
1.0,196,0.4768395282016771
1.0,197,0.4763246202361402
1.0,198,0.47581558198501933
1.0,199,0.47531235780433306
1.0,200,0.47481489268056587
1.0,201,0.4743231322229902
1.0,202,0.4738370226560869
1.0,203,0.47335651081206315
1.0,204,0.47288154412346656
1.0,205,0.4724120706158935
1.0,206,0.47194803890079223
1.0,207,0.4714893981683559
1.0,208,0.47103609818050834
1.0,209,0.4705880892639785
1.0,210,0.4701453223034634
1.0,211,0.4697077487348778
1.0,212,0.4692753205386907
1.0,213,0.4688479902333454
1.0,214,0.46842571086876406
1.0,215,0.4680084360199341
1.0,216,0.46759611978057625
1.0,217,0.46718871675689255
1.0,218,0.46678618206139355
1.0,219,0.46638847130680355
1.0,220,0.465995540600043
1.0,221,0.46560734653628616
1.0,222,0.4652238461930948
1.0,223,0.4648449971246245
1.0,224,0.4644707573559052
1.0,225,0.4641010853771925
1.0,226,0.4637359401383908
1.0,227,0.463375281043546
1.0,228,0.46301906794540765
1.0,229,0.46266726114005896
1.0,230,0.46231982136161426
1.0,231,0.46197670977698296
1.0,232,0.46163788798069877
1.0,233,0.461303317989814
1.0,234,0.46097296223885703
1.0,235,0.4606467835748535
1.0,236,0.460324745252409
1.0,237,0.46000681092885354
1.0,238,0.45969294465944616
1.0,239,0.4593831108926398
1.0,240,0.4590772744654043
1.0,241,0.4587754005986089
1.0,242,0.45847745489246067
1.0,243,0.45818340332200064
1.0,244,0.45789321223265594
1.0,245,0.457606848335846
1.0,246,0.45732427870464504
1.0,247,0.4570454707694968
1.0,248,0.4567703923139834
1.0,249,0.45649901147064625
1.0,250,0.4562312967168584
1.0,251,0.455967216870749
1.0,252,0.4557067410871768
1.0,253,0.45544983885375484
1.0,254,0.4551964799869234
1.0,255,0.4549466346280717
1.0,256,0.45470027323970774
1.0,257,0.4544573666016748
1.0,258,0.4542178858074159
1.0,259,0.45398180226028295
1.0,260,0.45374908766989197
1.0,261,0.45351971404852387
1.0,262,0.45329365370756847
1.0,263,0.45307087925401324
1.0,264,0.4528513635869747
1.0,265,0.452635079894273
1.0,266,0.452422001649048
1.0,267,0.45221210260641814
1.0,268,0.4520053568001787
1.0,269,0.4518017385395425
1.0,270,0.45160122240591893
1.0,271,0.45140378324973435
1.0,272,0.4512093961872896
1.0,273,0.4510180365976578
1.0,274,0.4508296801196191
1.0,275,0.4506443026486335
1.0,276,0.4504618803338509
1.0,277,0.45028238957515754
1.0,278,0.45010580702025865
1.0,279,0.44993210956179724
1.0,280,0.4497612743345077
1.0,281,0.4495932787124044
1.0,282,0.44942810030600505
1.0,283,0.44926571695958756
1.0,284,0.44910610674848067
1.0,285,0.44894924797638797
1.0,286,0.4487951191727442
1.0,287,0.44864369909010393
1.0,288,0.44849496670156286
1.0,289,0.4483489011982094
1.0,290,0.44820548198660853
1.0,291,0.4480646886863158
1.0,292,0.4479265011274216
1.0,293,0.44779089934812577
1.0,294,0.4476578635923415
1.0,295,0.44752737430732875
1.0,296,0.44739941214135615
1.0,297,0.4472739579413916
1.0,298,0.44715099275082126
1.0,299,0.4470304978071958
1.0,300,0.4469124545400045
1.0,301,0.4467968445684764
1.0,302,0.4466836496994079
1.0,303,0.4465728519250173
1.0,304,0.44646443342082515
1.0,305,0.4463583765435601
1.0,306,0.44625466382909107
1.0,307,0.4461532779903834
1.0,308,0.44605420191548095
1.0,309,0.4459574186655117
1.0,310,0.4458629114727185
1.0,311,0.44577066373851293
1.0,312,0.4456806590315535
1.0,313,0.4455928810858464
1.0,314,0.44550731379886976
1.0,315,0.4454239412297209
1.0,316,0.44534274759728526
1.0,317,0.44526371727842823
1.0,318,0.44518683480620846
1.0,319,0.44511208486811304
1.0,320,0.44503945230431385
1.0,321,0.4449689221059452
1.0,322,0.44490047941340205
1.0,323,0.44483410951465924
1.0,324,0.4447697978436104
1.0,325,0.4447075299784276
1.0,326,0.4446472916399403
1.0,327,0.4445890686900341
1.0,328,0.4445328471300689
1.0,329,0.4444786130993159
1.0,330,0.4444263528734136
1.0,331,0.44437605286284254
1.0,332,0.4443276996114181
1.0,333,0.44428127979480175
1.0,334,0.44423678021902996
1.0,335,0.44419418781906134
1.0,336,0.4441534896573404
1.0,337,0.44411467292237955
1.0,338,0.44407772492735725
1.0,339,0.44404263310873393
1.0,340,0.44400938502488346
1.0,341,0.44397796835474235
1.0,342,0.44394837089647377
1.0,343,0.4439205805661487
1.0,344,0.4438945853964424
1.0,345,0.44387037353534664
1.0,346,0.44384793324489713
1.0,347,0.44382725289991654
1.0,348,0.4438083209867726
1.0,349,0.44379112610215027
1.0,350,0.44377565695183996
1.0,351,0.44376190234953883
1.0,352,0.4437498512156675
1.0,353,0.4437394925762003
1.0,354,0.44373081556150956
1.0,355,0.44372380940522393
1.0,356,0.4437184634431
1.0,357,0.4437147671119079
1.0,358,0.4437127099483293
1.0,359,0.44371228158786946
1.0,360,0.4437134717637817
1.0,361,0.4437162703060047
1.0,362,0.4437206671401128
1.0,363,0.4437266522862782
1.0,364,0.4437342158582461
1.0,365,0.4437433480623213
1.0,366,0.4437540391963678
1.0,367,0.44376627964881926
1.0,368,0.44378005989770186
1.0,369,0.44379537050966844
1.0,370,0.4438122021390441
1.0,371,0.4438305455268834
1.0,372,0.44385039150003797
1.0,373,0.4438717309702363
1.0,374,0.4438945549331732
1.0,375,0.44391885446761087
1.0,376,0.44394462073449
1.0,377,0.44397184497605174
1.0,378,0.4440005185149703
1.0,379,0.4440306327534945
1.0,380,0.44406217917260116
1.0,381,0.44409514933115696
1.0,382,0.44412953486509127
1.0,383,0.4441653274865779
1.0,384,0.44420251898322677
1.0,385,0.4442411012172854
1.0,386,0.4442810661248491
1.0,387,0.44432240571508086
1.0,388,0.44436511206944046
1.0,389,0.4444091773409221
1.0,390,0.44445459375330165
1.0,391,0.444501353600392
1.0,392,0.44454944924530776
1.0,393,0.4445988731197379
1.0,394,0.4446496177232275
1.0,395,0.4447016756224674
1.0,396,0.44475503945059236
1.0,397,0.4448097019064875
1.0,398,0.4448656557541023
1.0,399,0.44492289382177336
1.0,400,0.4449814090015543
1.0,401,0.445041194248554
1.0,402,0.44510224258028186
1.0,403,0.4451645470760016
1.0,404,0.4452281008760917
1.0,405,0.44529289718141357
1.0,406,0.44535892925268694
1.0,407,0.44542619040987297
1.0,408,0.44549467403156345
1.0,409,0.4455643735543782
1.0,410,0.44563528247236867
1.0,411,0.44570739433642864
1.0,412,0.4457807027537117
1.0,413,0.4458552013870555
1.0,414,0.4459308839544126
1.0,415,0.4460077442282878
1.0,416,0.4460857760351819
1.0,417,0.4461649732550419
1.0,418,0.4462453298207177
1.0,419,0.4463268397174245
1.0,420,0.4464094969822121
1.0,421,0.4464932957034395
1.0,422,0.44657823002025604
1.0,423,0.44666429412208836
1.0,424,0.44675148224813277
1.0,425,0.44683978868685453
1.0,426,0.4469292077754912
1.0,427,0.447019733899563
1.0,428,0.4471113614923885
1.0,429,0.44720408503460496
1.0,430,0.44729789905369527
1.0,431,0.4473927981235195
1.0,432,0.44748877686385197
1.0,433,0.44758582993992374
1.0,434,0.4476839520619698
1.0,435,0.44778313798478225
1.0,436,0.4478833825072672
1.0,437,0.4479846804720082
1.0,438,0.4480870267648333
1.0,439,0.44819041631438766
1.0,440,0.44829484409171116
1.0,441,0.44840030510981993
1.0,442,0.44850679442329344
1.0,443,0.4486143071278657
1.0,444,0.44872283836002114
1.0,445,0.44883238329659547
1.0,446,0.4489429371543801
1.0,447,0.44905449518973195
1.0,448,0.44916705269818696
1.0,449,0.4492806050140782
1.0,450,0.4493951475101581
1.0,451,0.44951067559722513
1.0,452,0.44962718472375446
1.0,453,0.44974467037553245
1.0,454,0.4498631280752959
1.0,455,0.4499825533823744
1.0,456,0.45010294189233785
1.0,457,0.45022428923664637
1.0,458,0.4503465910823057
1.0,459,0.4504698431315247
1.0,460,0.4505940411213784
1.0,461,0.45071918082347334
1.0,462,0.4508452580436174
1.0,463,0.4509722686214929
1.0,464,0.45110020843033377
1.0,465,0.45122907337660517
1.0,466,0.4513588593996883
1.0,467,0.4514895624715672
1.0,468,0.45162117859651946
1.0,469,0.4517537038108108
1.0,470,0.45188713418239224
1.0,471,0.4520214658106011
1.0,472,0.45215669482586496
1.0,473,0.452292817389409
1.0,474,0.4524298296929665
1.0,475,0.45256772795849265
1.0,476,0.45270650843788096
1.0,477,0.45284616741268324
1.0,478,0.4529867011938329
1.0,479,0.4531281061213699
1.0,480,0.4532703785641705
1.0,481,0.45341351491967863
1.0,482,0.45355751161364044
1.0,483,0.45370236509984213
1.0,484,0.4538480718598501
1.0,485,0.4539946284027541
1.0,486,0.4541420312649134
1.0,487,0.4542902770097051
1.0,488,0.45443936222727566
1.0,489,0.4545892835342948
1.0,490,0.45474003757371256
1.0,491,0.4548916210145177
1.0,492,0.4550440305515005
1.0,493,0.45519726290501655
1.0,494,0.45535131482075347
1.0,495,0.4555061830695007
1.0,496,0.45566186444692114
1.0,497,0.45581835577332536
1.0,498,0.45597565389344824
1.0,499,0.45613375567622805
1.0,500,0.45629265801458746
1.0,501,0.4564523578252177
1.0,502,0.45661285204836427
1.0,503,0.4567741376476148
1.0,504,0.45693621160969017
1.0,505,0.4570990709442364
1.0,506,0.45726271268362007
1.0,507,0.45742713388272493
1.0,508,0.45759233161875124
1.0,509,0.45775830299101666
1.0,510,0.45792504512076
1.0,511,0.45809255515094605
1.0,512,0.45826083024607334
1.0,513,0.45842986759198345
1.0,514,0.4585996643956723
1.0,515,0.4587702178851035
1.0,516,0.45894152530902366
1.0,517,0.4591135839367796
1.0,518,0.4592863910581375
1.0,519,0.4594599439831037
1.0,520,0.4596342400417477
1.0,521,0.4598092765840266
1.0,522,0.4599850509796118
1.0,523,0.46016156061771735
1.0,524,0.46033880290692925
1.0,525,0.4605167752750382
1.0,526,0.4606954751688725
1.0,527,0.4608749000541333
1.0,528,0.4610550474152316
1.0,529,0.46123591475512693
1.0,530,0.4614174995951673
1.0,531,0.4615997994749311
1.0,532,0.46178281195207094
1.0,533,0.46196653460215814
1.0,534,0.4621509650185296
1.0,535,0.4623361008121363
1.0,536,0.4625219396113923
1.0,537,0.4627084790620269
1.0,538,0.46289571682693664
1.0,539,0.46308365058604
1.0,540,0.46327227803613286
1.0,541,0.46346159689074573
1.0,542,0.4636516048800026
1.0,543,0.4638422997504808
1.0,544,0.4640336792650723
1.0,545,0.4642257412028466
1.0,546,0.46441848335891533
1.0,547,0.4646119035442974
1.0,548,0.46480599958578583
1.0,549,0.46500076932581647
1.0,550,0.46519621062233724
1.0,551,0.46539232134867886
1.0,552,0.4655890993934274
1.0,553,0.4657865426602974
1.0,554,0.46598464906800646
1.0,555,0.4661834165501515
1.0,556,0.46638284305508554
1.0,557,0.46658292654579625
1.0,558,0.4667836649997856
1.0,559,0.46698505640895027
1.0,560,0.46718709877946407
1.0,561,0.4673897901316604
1.0,562,0.467593128499917
1.0,563,0.4677971119325411
1.0,564,0.4680017384916559
1.0,565,0.4682070062530882
1.0,566,0.4684129133062571
1.0,567,0.46861945775406405
1.0,568,0.468826637712783
1.0,569,0.4690344513119531
1.0,570,0.46924289669427127
1.0,571,0.4694519720154862
1.0,572,0.46966167544429366
1.0,573,0.46987200516223226
1.0,574,0.4700829593635808
1.0,575,0.47029453625525586
1.0,576,0.4705067340567113
1.0,577,0.4707195509998383
1.0,578,0.4709329853288661
1.0,579,0.47114703530026375
1.0,580,0.47136169918264353
1.0,581,0.4715769752566642
1.0,582,0.47179286181493607
1.0,583,0.4720093571619267
1.0,584,0.47222645961386706
1.0,585,0.47244416749865925
1.0,586,0.4726624791557846
1.0,587,0.47288139293621323
1.0,588,0.4731009072023136
1.0,589,0.4733210203277638
1.0,590,0.473541730697463
1.0,591,0.47376303670744446
1.0,592,0.4739849367647882
1.0,593,0.47420742928753606
1.0,594,0.47443051270460596
1.0,595,0.4746541854557084
1.0,596,0.4748784459912627
1.0,597,0.4751032927723144
1.0,598,0.4753287242704534
1.0,599,0.47555473896773337
1.0,600,0.47578133535659084
1.0,601,0.4760085119397659
1.0,602,0.47623626723022333
1.0,603,0.4764645997510749
1.0,604,0.4766935080355014
1.0,605,0.4769229906266765
1.0,606,0.4771530460776905
1.0,607,0.47738367295147544
1.0,608,0.47761486982073026
1.0,609,0.47784663526784726
1.0,610,0.4780789678848387
1.0,611,0.4783118662732645
1.0,612,0.4785453290441603
1.0,613,0.4787793548179664
1.0,614,0.4790139422244573
1.0,615,0.47924908990267173
1.0,616,0.4794847965008434
1.0,617,0.47972106067633274
1.0,618,0.4799578810955586
1.0,619,0.48019525643393096
1.0,620,0.48043318537578444
1.0,621,0.480671666614312
1.0,622,0.4809106988514995
1.0,623,0.4811502807980606
1.0,624,0.4813904111733727
1.0,625,0.4816310887054132
1.0,626,0.4818723121306959
1.0,627,0.4821140801942089
1.0,628,0.48235639164935235
1.0,629,0.4825992452578768
1.0,630,0.48284263978982267
1.0,631,0.48308657402345956
1.0,632,0.4833310467452263
1.0,633,0.48357605674967213
1.0,634,0.48382160283939746
1.0,635,0.48406768382499576
1.0,636,0.4843142985249959
1.0,637,0.48456144576580495
1.0,638,0.4848091243816512
1.0,639,0.4850573332145283
1.0,640,0.48530607111413937
1.0,641,0.4855553369378418
1.0,642,0.4858051295505925
1.0,643,0.4860554478248937
1.0,644,0.48630629064073916
1.0,645,0.486557656885561
1.0,646,0.4868095454541766
1.0,647,0.4870619552487366
1.0,648,0.4873148851786724
1.0,649,0.48756833416064543
1.0,650,0.48782230111849584
1.0,651,0.4880767849831918
1.0,652,0.4883317846927796
1.0,653,0.48858729919233373
1.0,654,0.48884332743390807
1.0,655,0.48909986837648656
1.0,656,0.48935692098593503
1.0,657,0.4896144842349536
1.0,658,0.4898725571030283
1.0,659,0.4901311385763847
1.0,660,0.49039022764794066
1.0,661,0.49064982331726037
1.0,662,0.4909099245905079
1.0,663,0.49117053048040255
1.0,664,0.49143164000617245
1.0,665,0.4916932521935109
1.0,666,0.4919553660745315
1.0,667,0.492217980687724
1.0,668,0.49248109507791105
1.0,669,0.4927447082962045
1.0,670,0.4930088193999632
1.0,671,0.4932734274527496
1.0,672,0.49353853152428834
1.0,673,0.4938041306904238
1.0,674,0.4940702240330792
1.0,675,0.49433681064021523
1.0,676,0.49460388960578927
1.0,677,0.49487146002971505
1.0,678,0.49513952101782266
1.0,679,0.4954080716818185
1.0,680,0.49567711113924634
1.0,681,0.4959466385134478
1.0,682,0.4962166529335239
1.0,683,0.49648715353429657
1.0,684,0.4967581394562704
1.0,685,0.49702960984559513
1.0,686,0.49730156385402785
1.0,687,0.49757400063889623
1.0,688,0.4978469193630615
1.0,689,0.4981203191948816
1.0,690,0.4983941993081754
1.0,691,0.49866855888218675
1.0,692,0.4989433971015482
1.0,693,0.49921871315624655
1.0,694,0.4994945062415873
1.0,695,0.4997707755581597
1.0,696,0.5000475203118028
1.0,697,0.5003247397135706
1.0,698,0.5006024329796989
1.0,699,0.500880599331571
1.0,700,0.5011592379956847
1.0,701,0.5014383482036192
1.0,702,0.5017179291920016
1.0,703,0.5019979802024755
1.0,704,0.502278500481668
1.0,705,0.5025594892811576
1.0,706,0.5028409458574425
1.0,707,0.5031228694719098
1.0,708,0.5034052593908027
1.0,709,0.5036881148851915
1.0,710,0.5039714352309407
1.0,711,0.5042552197086805
1.0,712,0.5045394676037749
1.0,713,0.5048241782062927
1.0,714,0.5051093508109774
1.0,715,0.5053949847172177
1.0,716,0.5056810792290177
1.0,717,0.505967633654969
1.0,718,0.5062546473082206
1.0,719,0.506542119506451
1.0,720,0.5068300495718395
1.0,721,0.5071184368310387
1.0,722,0.5074072806151455
1.0,723,0.507696580259674
1.0,724,0.5079863351045284
1.0,725,0.5082765444939747
1.0,726,0.5085672077766149
1.0,727,0.5088583243053587
1.0,728,0.5091498934373982
1.0,729,0.509441914534181
1.0,730,0.5097343869613832
1.0,731,0.5100273100888849
1.0,732,0.5103206832907431
1.0,733,0.5106145059451667
1.0,734,0.5109087774344911
1.0,735,0.5112034971451527
1.0,736,0.511498664467664
1.0,737,0.5117942787965889
1.0,738,0.5120903395305182
1.0,739,0.5123868460720448
1.0,740,0.5126837978277395
1.0,741,0.5129811942081273
1.0,742,0.5132790346276633
1.0,743,0.5135773185047089
1.0,744,0.5138760452615084
1.0,745,0.5141752143241658
1.0,746,0.5144748251226215
1.0,747,0.5147748770906295
1.0,748,0.5150753696657342
1.0,749,0.5153763022892485
1.0,750,0.5156776744062306
1.0,751,0.5159794854654622
1.0,752,0.5162817349194263
1.0,753,0.5165844222242854
1.0,754,0.5168875468398588
1.0,755,0.517191108229603
1.0,756,0.517495105860588
1.0,757,0.5177995392034777
1.0,758,0.5181044077325077
1.0,759,0.5184097109254651
1.0,760,0.5187154482636673
1.0,761,0.5190216192319418
1.0,762,0.5193282233186046
1.0,763,0.5196352600154415
1.0,764,0.5199427288176867
1.0,765,0.520250629224003
1.0,766,0.5205589607364626
1.0,767,0.5208677228605262
1.0,768,0.5211769151050246
1.0,769,0.5214865369821385
1.0,770,0.5217965880073798
1.0,771,0.5221070676995716
1.0,772,0.5224179755808301
1.0,773,0.5227293111765454
1.0,774,0.5230410740153625
1.0,775,0.523353263629163
1.0,776,0.5236658795530468
1.0,777,0.5239789213253133
1.0,778,0.524292388487444
1.0,779,0.5246062805840835
1.0,780,0.5249205971630226
1.0,781,0.5252353377751795
1.0,782,0.5255505019745832
1.0,783,0.5258660893183549
1.0,784,0.5261820993666915
1.0,785,0.5264985316828481
1.0,786,0.5268153858331207
1.0,787,0.5271326613868291
1.0,788,0.5274503579163006
1.0,789,0.527768474996852
1.0,790,0.528087012206775
1.0,791,0.5284059691273174
1.0,792,0.5287253453426682
1.0,793,0.5290451404399412
1.0,794,0.5293653540091579
1.0,795,0.5296859856432327
1.0,796,0.5300070349379556
1.0,797,0.5303285014919782
1.0,798,0.5306503849067958
1.0,799,0.5309726847867338
1.0,800,0.5312954007389308
1.0,801,0.5316185323733243
1.0,802,0.5319420793026346
1.0,803,0.5322660411423502
1.0,804,0.5325904175107122
1.0,805,0.5329152080287003
1.0,806,0.533240412320017
1.0,807,0.5335660300110733
1.0,808,0.5338920607309743
1.0,809,0.5342185041115043
1.0,810,0.5345453597871125
1.0,811,0.5348726273948989
1.0,812,0.5352003065745999
1.0,813,0.5355283969685741
1.0,814,0.5358568982217887
1.0,815,0.536185809981805
1.0,816,0.536515131898765
1.0,817,0.5368448636253779
1.0,818,0.5371750048169055
1.0,819,0.5375055551311502
1.0,820,0.5378365142284403
1.0,821,0.5381678817716169
1.0,822,0.5384996574260213
1.0,823,0.5388318408594813
1.0,824,0.539164431742298
1.0,825,0.5394974297472335
1.0,826,0.5398308345494973
1.0,827,0.540164645826734
1.0,828,0.5404988632590102
1.0,829,0.5408334865288026
1.0,830,0.5411685153209846
1.0,831,0.5415039493228146
1.0,832,0.5418397882239231
1.0,833,0.5421760317163006
1.0,834,0.5425126794942858
1.0,835,0.5428497312545529
1.0,836,0.5431871866961001
1.0,837,0.5435250455202373
1.0,838,0.5438633074305743
1.0,839,0.5442019721330096
1.0,840,0.5445410393357177
1.0,841,0.5448805087491383
1.0,842,0.5452203800859645
1.0,843,0.5455606530611313
1.0,844,0.5459013273918044
1.0,845,0.5462424027973687
1.0,846,0.5465838789994173
1.0,847,0.54692575572174
1.0,848,0.5472680326903125
1.0,849,0.5476107096332858
1.0,850,0.5479537862809744
1.0,851,0.5482972623658459
1.0,852,0.5486411376225104
1.0,853,0.5489854117877101
1.0,854,0.5493300846003073
1.0,855,0.5496751558012754
1.0,856,0.5500206251336874
1.0,857,0.5503664923427065
1.0,858,0.5507127571755742
1.0,859,0.5510594193816017
1.0,860,0.5514064787121588
1.0,861,0.5517539349206635
1.0,862,0.5521017877625727
1.0,863,0.5524500369953719
1.0,864,0.5527986823785646
1.0,865,0.5531477236736636
1.0,866,0.5534971606441805
1.0,867,0.553846993055616
1.0,868,0.5541972206754503
1.0,869,0.5545478432731331
1.0,870,0.554898860620075
1.0,871,0.5552502724896373
1.0,872,0.5556020786571225
1.0,873,0.5559542788997652
1.0,874,0.5563068729967229
1.0,875,0.5566598607290663
1.0,876,0.5570132418797706
1.0,877,0.5573670162337065
1.0,878,0.5577211835776303
1.0,879,0.558075743700176
1.0,880,0.5584306963918452
1.0,881,0.5587860414449993
1.0,882,0.55914177865385
1.0,883,0.5594979078144505
1.0,884,0.5598544287246876
1.0,885,0.5602113411842718
1.0,886,0.5605686449947299
1.0,887,0.5609263399593953
1.0,888,0.5612844258834008
1.0,889,0.561642902573669
1.0,890,0.5620017698389046
1.0,891,0.5623610274895857
1.0,892,0.562720675337956
1.0,893,0.563080713198016
1.0,894,0.5634411408855153
1.0,895,0.5638019582179442
1.0,896,0.564163165014526
1.0,897,0.5645247610962082
1.0,898,0.5648867462856557
1.0,899,0.5652491204072417
1.0,900,0.5656118832870409
1.0,901,0.5659750347528208
1.0,902,0.5663385746340346
1.0,903,0.5667025027618132
1.0,904,0.5670668189689573
1.0,905,0.5674315230899304
1.0,906,0.5677966149608509
1.0,907,0.5681620944194841
1.0,908,0.5685279613052358
1.0,909,0.568894215459144
1.0,910,0.5692608567238717
1.0,911,0.5696278849437001
1.0,912,0.5699952999645206
1.0,913,0.5703631016338276
1.0,914,0.5707312898007123
1.0,915,0.571099864315854
1.0,916,0.5714688250315146
1.0,917,0.5718381718015303
1.0,918,0.5722079044813052
1.0,919,0.5725780229278042
1.0,920,0.5729485269995459
1.0,921,0.5733194165565961
1.0,922,0.5736906914605607
1.0,923,0.574062351574579
1.0,924,0.5744343967633168
1.0,925,0.5748068268929596
1.0,926,0.5751796418312065
1.0,927,0.5755528414472629
1.0,928,0.5759264256118345
1.0,929,0.5763003941971199
1.0,930,0.5766747470768052
1.0,931,0.5770494841260566
1.0,932,0.5774246052215145
1.0,933,0.5778001102412871
1.0,934,0.5781759990649433
1.0,935,0.5785522715735079
1.0,936,0.5789289276494536
1.0,937,0.579305967176696
1.0,938,0.579683390040587
1.0,939,0.5800611961279085
1.0,940,0.5804393853268665
1.0,941,0.5808179575270848
1.0,942,0.5811969126195992
1.0,943,0.5815762504968516
1.0,944,0.5819559710526833
1.0,945,0.5823360741823298
1.0,946,0.582716559782415
1.0,947,0.5830974277509445
1.0,948,0.5834786779873007
1.0,949,0.5838603103922361
1.0,950,0.5842423248678686
1.0,951,0.5846247213176747
1.0,952,0.5850074996464848
1.0,953,0.5853906597604766
1.0,954,0.5857742015671701
1.0,955,0.5861581249754219
1.0,956,0.5865424298954197
1.0,957,0.5869271162386765
1.0,958,0.5873121839180253
1.0,959,0.587697632847614
1.0,960,0.5880834629428989
1.0,961,0.5884696741206408
1.0,962,0.5888562662988981
1.0,963,0.5892432393970229
1.0,964,0.5896305933356549
1.0,965,0.590018328036716
1.0,966,0.5904064434234056
1.0,967,0.5907949394201952
1.0,968,0.591183815952823
1.0,969,0.591573072948289
1.0,970,0.5919627103348499
1.0,971,0.592352728042014
1.0,972,0.5927431260005361
1.0,973,0.5931339041424125
1.0,974,0.5935250624008759
1.0,975,0.5939166007103907
1.0,976,0.5943085190066477
1.0,977,0.5947008172265597
1.0,978,0.5950934953082562
1.0,979,0.5954865531910787
1.0,980,0.5958799908155761
1.0,981,0.5962738081234993
1.0,982,0.5966680050577972
1.0,983,0.5970625815626114
1.0,984,0.5974575375832719
1.0,985,0.5978528730662921
1.0,986,0.5982485879593642
1.0,987,0.5986446822113548
1.0,988,0.5990411557723003
1.0,989,0.599438008593402
1.0,990,0.5998352406270218
1.0,991,0.6002328518266776
1.0,992,0.600630842147039
1.0,993,0.6010292115439223
1.0,994,0.6014279599742872
1.0,995,0.6018270873962309
1.0,996,0.6022265937689848
1.0,997,0.6026264790529098
1.0,998,0.6030267432094918
1.0,999,0.6034273862013377
1.0,1000,0.603828407992171
1.0,1001,0.6042298085468272
1.0,1002,0.6046315878312502
1.0,1003,0.6050337458124875
1.0,1004,0.6054362824586865
1.0,1005,0.6058391977390899
1.0,1006,0.6062424916240319
1.0,1007,0.6066461640849338
1.0,1008,0.6070502150943
1.0,1009,0.6074546446257143
1.0,1010,0.6078594526538351
1.0,1011,0.6082646391543921
1.0,1012,0.6086702041041818
1.0,1013,0.609076147481064
1.0,1014,0.6094824692639571
1.0,1015,0.6098891694328351
1.0,1016,0.610296247968723
1.0,1017,0.6107037048536932
1.0,1018,0.6111115400708614
1.0,1019,0.611519753604383
1.0,1020,0.6119283454394495
1.0,1021,0.6123373155622838
1.0,1022,0.6127466639601374
1.0,1023,0.6131563906212864
1.0,1024,0.6135664955350271
1.0,1025,0.613976978691673
1.0,1026,0.6143878400825513
1.0,1027,0.6147990796999984
1.0,1028,0.6152106975373566
1.0,1029,0.6156226935889707
1.0,1030,0.6160350678501842
1.0,1031,0.6164478203173359
1.0,1032,0.6168609509877558
1.0,1033,0.6172744598597621
1.0,1034,0.6176883469326575
1.0,1035,0.6181026122067254
1.0,1036,0.6185172556832269
1.0,1037,0.6189322773643969
1.0,1038,0.6193476772534411
1.0,1039,0.6197634553545317
1.0,1040,0.6201796116728053
1.0,1041,0.6205961462143583
1.0,1042,0.621013058986244
1.0,1043,0.6214303499964693
1.0,1044,0.621848019253991
1.0,1045,0.6222660667687135
1.0,1046,0.6226844925514841
1.0,1047,0.6231032966140903
1.0,1048,0.6235224789692568
1.0,1049,0.6239420396306423
1.0,1050,0.6243619786128355
1.0,1051,0.6247822959313525
1.0,1052,0.6252029916026338
1.0,1053,0.6256240656440406
1.0,1054,0.6260455180738516
1.0,1055,0.6264673489112603
1.0,1056,0.6268895581763718
1.0,1057,0.6273121458901995
1.0,1058,0.6277351120746617
1.0,1059,0.6281584567525794
1.0,1060,0.6285821799476721
1.0,1061,0.629006281684556
1.0,1062,0.6294307619887399
1.0,1063,0.6298556208866228
1.0,1064,0.6302808584054909
1.0,1065,0.6307064745735138
1.0,1066,0.6311324694197431
1.0,1067,0.6315588429741078
1.0,1068,0.6319855952674126
1.0,1069,0.632412726331334
1.0,1070,0.6328402361984184
1.0,1071,0.6332681249020784
1.0,1072,0.6336963924765905
1.0,1073,0.6341250389570914
1.0,1074,0.6345540643795766
1.0,1075,0.6349834687808961
1.0,1076,0.6354132521987523
1.0,1077,0.6358434146716976
1.0,1078,0.6362739562391303
1.0,1079,0.6367048769412936
1.0,1080,0.6371361768192714
1.0,1081,0.6375678559149862
1.0,1082,0.6379999142711964
1.0,1083,0.6384323519314934
1.0,1084,0.638865168940299
1.0,1085,0.6392983653428627
1.0,1086,0.6397319411852592
1.0,1087,0.6401658965143856
1.0,1088,0.6406002313779585
1.0,1089,0.6410349458245123
1.0,1090,0.641470039903395
1.0,1091,0.6419055136647677
1.0,1092,0.6423413671595998
1.0,1093,0.6427776004396685
1.0,1094,0.6432142135575546
1.0,1095,0.643651206566641
1.0,1096,0.6440885795211098
1.0,1097,0.6445263324759397
1.0,1098,0.6449644654869038
1.0,1099,0.6454029786105666
1.0,1100,0.6458418719042823
1.0,1101,0.6462811454261916
1.0,1102,0.6467207992352199
1.0,1103,0.647160833391074
1.0,1104,0.6476012479542408
1.0,1105,0.6480420429859841
1.0,1106,0.6484832185483425
1.0,1107,0.6489247747041266
1.0,1108,0.6493667115169175
1.0,1109,0.6498090290510636
1.0,1110,0.6502517273716787
1.0,1111,0.6506948065446394
1.0,1112,0.6511382666365833
1.0,1113,0.651582107714906
1.0,1114,0.6520263298477591
1.0,1115,0.6524709331040484
1.0,1116,0.6529159175534306
1.0,1117,0.653361283266312
1.0,1118,0.653807030313846
1.0,1119,0.6542531587679304
1.0,1120,0.6546996687012059
1.0,1121,0.6551465601870529
1.0,1122,0.6555938332995908
1.0,1123,0.6560414881136739
1.0,1124,0.6564895247048913
1.0,1125,0.656937943149563
1.0,1126,0.6573867435247387
1.0,1127,0.6578359259081951
1.0,1128,0.6582854903784345
1.0,1129,0.6587354370146822
1.0,1130,0.6591857658968837
1.0,1131,0.6596364771057044
1.0,1132,0.6600875707225256
1.0,1133,0.6605390468294438
1.0,1134,0.6609909055092675
1.0,1135,0.6614431468455166
1.0,1136,0.6618957709224188
1.0,1137,0.6623487778249084
1.0,1138,0.6628021676386243
1.0,1139,0.6632559404499079
1.0,1140,0.6637100963458005
1.0,1141,0.6641646354140424
1.0,1142,0.6646195577430701
1.0,1143,0.6650748634220144
1.0,1144,0.6655305525406991
1.0,1145,0.6659866251896384
1.0,1146,0.6664430814600344
1.0,1147,0.666899921443777
1.0,1148,0.66735714523344
1.0,1149,0.6678147529222804
1.0,1150,0.6682727446042364
1.0,1151,0.6687311203739245
1.0,1152,0.669189880326639
1.0,1153,0.6696490245583494
1.0,1154,0.6701085531656984
1.0,1155,0.6705684662460004
1.0,1156,0.6710287638972398
1.0,1157,0.6714894462180683
1.0,1158,0.6719505133078041
1.0,1159,0.6724119652664295
1.0,1160,0.6728738021945893
1.0,1161,0.6733360241935888
1.0,1162,0.6737986313653924
1.0,1163,0.6742616238126214
1.0,1164,0.6747250016385524
1.0,1165,0.6751887649471154
1.0,1166,0.6756529138428926
1.0,1167,0.6761174484311159
1.0,1168,0.6765823688176654
1.0,1169,0.6770476751090679
1.0,1170,0.6775133674124953
1.0,1171,0.6779794458357623
1.0,1172,0.6784459104873253
1.0,1173,0.6789127614762802
1.0,1174,0.679379998912361
1.0,1175,0.6798476229059384
1.0,1176,0.6803156335680175
1.0,1177,0.6807840310102365
1.0,1178,0.6812528153448651
1.0,1179,0.6817219866848028
1.0,1180,0.6821915451435772
1.0,1181,0.6826614908353421
1.0,1182,0.6831318238748769
1.0,1183,0.6836025443775837
1.0,1184,0.6840736524594864
1.0,1185,0.684545148237229
1.0,1186,0.6850170318280742
1.0,1187,0.6854893033499013
1.0,1188,0.6859619629212053
1.0,1189,0.6864350106610947
1.0,1190,0.6869084466892906
1.0,1191,0.6873822711261244
1.0,1192,0.6878564840925367
1.0,1193,0.6883310857100763
1.0,1194,0.6888060761008971
1.0,1195,0.6892814553877585
1.0,1196,0.6897572236940226
1.0,1197,0.6902333811436531
1.0,1198,0.690709927861214
1.0,1199,0.6911868639718675
1.0,1200,0.6916641896013732
1.0,1201,0.6921419048760863
1.0,1202,0.6926200099229564
1.0,1203,0.6930985048695254
1.0,1204,0.6935773898439268
1.0,1205,0.6940566649748842
1.0,1206,0.6945363303917088
1.0,1207,0.6950163862242995
1.0,1208,0.6954968326031408
1.0,1209,0.6959776696593009
1.0,1210,0.696458897524431
1.0,1211,0.6969405163307637
1.0,1212,0.6974225262111113
1.0,1213,0.6979049272988652
1.0,1214,0.6983877197279934
1.0,1215,0.69887090363304
1.0,1216,0.6993544791491236
1.0,1217,0.6998384464119358
1.0,1218,0.7003228055577403
1.0,1219,0.7008075567233706
1.0,1220,0.7012927000462297
1.0,1221,0.7017782356642882
1.0,1222,0.7022641637160832
1.0,1223,0.7027504843407169
1.0,1224,0.7032371976778551
1.0,1225,0.7037243038677262
1.0,1226,0.70421180305112
1.0,1227,0.7046996953693859
1.0,1228,0.7051879809644319
1.0,1229,0.7056766599787238
1.0,1230,0.7061657325552826
1.0,1231,0.7066551988376848
1.0,1232,0.7071450589700603
1.0,1233,0.7076353130970912
1.0,1234,0.7081259613640103
1.0,1235,0.7086170039166009
1.0,1236,0.7091084409011941
1.0,1237,0.7096002724646687
1.0,1238,0.71009249875445
1.0,1239,0.7105851199185073
1.0,1240,0.7110781361053541
1.0,1241,0.7115715474640463
1.0,1242,0.7120653541441809
1.0,1243,0.7125595562958954
1.0,1244,0.7130541540698656
1.0,1245,0.7135491476173055
1.0,1246,0.7140445370899652
1.0,1247,0.7145403226401305
1.0,1248,0.7150365044206209
1.0,1249,0.7155330825847899
1.0,1250,0.7160300572865217
1.0,1251,0.7165274286802319
1.0,1252,0.7170251969208657
1.0,1253,0.7175233621638966
1.0,1254,0.7180219245653253
1.0,1255,0.7185208842816789
1.0,1256,0.7190202414700093
1.0,1257,0.7195199962878931
1.0,1258,0.7200201488934286
1.0,1259,0.7205206994452367
1.0,1260,0.7210216481024587
1.0,1261,0.7215229950247556
1.0,1262,0.7220247403723065
1.0,1263,0.7225268843058082
1.0,1264,0.7230294269864738
1.0,1265,0.7235323685760315
1.0,1266,0.724035709236724
1.0,1267,0.7245394491313064
1.0,1268,0.725043588423047
1.0,1269,0.7255481272757236
1.0,1270,0.7260530658536254
1.0,1271,0.7265584043215498
1.0,1272,0.7270641428448021
1.0,1273,0.7275702815891947
1.0,1274,0.7280768207210456
1.0,1275,0.7285837604071779
1.0,1276,0.7290911008149179
1.0,1277,0.7295988421120957
1.0,1278,0.730106984467042
1.0,1279,0.7306155280485894
1.0,1280,0.7311244730260694
1.0,1281,0.7316338195693127
1.0,1282,0.7321435678486479
1.0,1283,0.7326537180349001
1.0,1284,0.7331642702993908
1.0,1285,0.7336752248139358
1.0,1286,0.7341865817508452
1.0,1287,0.7346983412829218
1.0,1288,0.7352105035834605
1.0,1289,0.7357230688262474
1.0,1290,0.7362360371855585
1.0,1291,0.736749408836159
1.0,1292,0.7372631839533024
1.0,1293,0.7377773627127294
1.0,1294,0.7382919452906672
1.0,1295,0.7388069318638281
1.0,1296,0.7393223226094093
1.0,1297,0.7398381177050916
1.0,1298,0.740354317329038
1.0,1299,0.7408709216598937
1.0,1300,0.7413879308767847
1.0,1301,0.7419053451593168
1.0,1302,0.7424231646875753
1.0,1303,0.7429413896421233
1.0,1304,0.7434600202040013
1.0,1305,0.7439790565547261
1.0,1306,0.7444984988762906
1.0,1307,0.7450183473511618
1.0,1308,0.7455386021622807
1.0,1309,0.7460592634930614
1.0,1310,0.7465803315273898
1.0,1311,0.7471018064496233
1.0,1312,0.7476236884445897
1.0,1313,0.7481459776975861
1.0,1314,0.7486686743943785
1.0,1315,0.7491917787212005
1.0,1316,0.7497152908647531
1.0,1317,0.7502392110122033
1.0,1318,0.7507635393511835
1.0,1319,0.7512882760697905
1.0,1320,0.7518134213565852
1.0,1321,0.752338975400591
1.0,1322,0.7528649383912935
1.0,1323,0.7533913105186401
1.0,1324,0.7539180919730377
1.0,1325,0.754445282945354
1.0,1326,0.7549728836269146
1.0,1327,0.7555008942095042
1.0,1328,0.756029314885364
1.0,1329,0.7565581458471922
1.0,1330,0.7570873872881427
1.0,1331,0.7576170394018245
1.0,1332,0.7581471023823001
1.0,1333,0.7586775764240867
1.0,1334,0.7592084617221531
1.0,1335,0.7597397584719204
1.0,1336,0.7602714668692613
1.0,1337,0.7608035871104983
1.0,1338,0.7613361193924039
1.0,1339,0.7618690639121992
1.0,1340,0.7624024208675543
1.0,1341,0.7629361904565857
1.0,1342,0.7634703728778572
1.0,1343,0.7640049683303786
1.0,1344,0.764539977013605
1.0,1345,0.7650753991274355
1.0,1346,0.7656112348722137
1.0,1347,0.7661474844487258
1.0,1348,0.7666841480582012
1.0,1349,0.7672212259023097
1.0,1350,0.767758718183163
1.0,1351,0.768296625103313
1.0,1352,0.7688349468657507
1.0,1353,0.7693736836739067
1.0,1354,0.7699128357316489
1.0,1355,0.7704524032432836
1.0,1356,0.7709923864135532
1.0,1357,0.7715327854476366
1.0,1358,0.7720736005511482
1.0,1359,0.7726148319301368
1.0,1360,0.7731564797910859
1.0,1361,0.7736985443409119
1.0,1362,0.7742410257869641
1.0,1363,0.7747839243370241
1.0,1364,0.7753272401993051
1.0,1365,0.7758709735824504
1.0,1366,0.7764151246955343
1.0,1367,0.77695969374806
1.0,1368,0.7775046809499597
1.0,1369,0.778050086511594
1.0,1370,0.778595910643751
1.0,1371,0.7791421535576455
1.0,1372,0.7796888154649191
1.0,1373,0.7802358965776384
1.0,1374,0.7807833971082957
1.0,1375,0.7813313172698074
1.0,1376,0.7818796572755137
1.0,1377,0.7824284173391781
1.0,1378,0.7829775976749868
1.0,1379,0.7835271984975475
1.0,1380,0.7840772200218896
1.0,1381,0.7846276624634635
1.0,1382,0.7851785260381394
1.0,1383,0.785729810962207
1.0,1384,0.7862815174523751
1.0,1385,0.7868336457257709
1.0,1386,0.7873861959999393
1.0,1387,0.7879391684928426
1.0,1388,0.7884925634228592
1.0,1389,0.7890463810087842
1.0,1390,0.7896006214698276
1.0,1391,0.7901552850256145
1.0,1392,0.7907103718961845
1.0,1393,0.7912658823019906
1.0,1394,0.791821816463899
1.0,1395,0.7923781746031887
1.0,1396,0.7929349569415505
1.0,1397,0.7934921637010869
1.0,1398,0.7940497951043114
1.0,1399,0.7946078513741475
1.0,1400,0.7951663327339288
1.0,1401,0.7957252394073983
1.0,1402,0.7962845716187072
1.0,1403,0.7968443295924158
1.0,1404,0.7974045135534912
1.0,1405,0.797965123727308
1.0,1406,0.7985261603396473
1.0,1407,0.7990876236166966
1.0,1408,0.7996495137850483
1.0,1409,0.8002118310717005
1.0,1410,0.8007745757040549
1.0,1411,0.8013377479099183
1.0,1412,0.8019013479174999
1.0,1413,0.8024653759554126
1.0,1414,0.8030298322526714
1.0,1415,0.8035947170386931
1.0,1416,0.8041600305432961
1.0,1417,0.8047257729966997
1.0,1418,0.8052919446295236
1.0,1419,0.8058585456727873
1.0,1420,0.8064255763579099
1.0,1421,0.806993036916709
1.0,1422,0.8075609275814013
1.0,1423,0.8081292485846009
1.0,1424,0.8086980001593195
1.0,1425,0.8092671825389658
1.0,1426,0.809836795957345
1.0,1427,0.8104068406486583
1.0,1428,0.8109773168475026
1.0,1429,0.8115482247888696
1.0,1430,0.8121195647081454
1.0,1431,0.8126913368411108
1.0,1432,0.8132635414239401
1.0,1433,0.8138361786932005
1.0,1434,0.8144092488858521
1.0,1435,0.8149827522392471
1.0,1436,0.81555668899113
1.0,1437,0.8161310593796363
1.0,1438,0.8167058636432923
1.0,1439,0.8172811020210151
1.0,1440,0.8178567747521116
1.0,1441,0.8184328820762783
1.0,1442,0.8190094242336009
1.0,1443,0.8195864014645537
1.0,1444,0.8201638140099995
1.0,1445,0.8207416621111886
1.0,1446,0.8213199460097587
1.0,1447,0.8218986659477346
1.0,1448,0.8224778221675277
1.0,1449,0.8230574149119353
1.0,1450,0.8236374444241404
1.0,1451,0.8242179109477117
1.0,1452,0.8247988147266019
1.0,1453,0.8253801560051488
1.0,1454,0.8259619350280739
1.0,1455,0.8265441520404826
1.0,1456,0.827126807287863
1.0,1457,0.8277099010160864
1.0,1458,0.8282934334714064
1.0,1459,0.828877404900458
1.0,1460,0.8294618155502589
1.0,1461,0.8300466656682066
1.0,1462,0.8306319555020807
1.0,1463,0.8312176853000401
1.0,1464,0.8318038553106243
1.0,1465,0.8323904657827521
1.0,1466,0.8329775169657216
1.0,1467,0.8335650091092098
1.0,1468,0.8341529424632721
1.0,1469,0.8347413172783414
1.0,1470,0.8353301338052295
1.0,1471,0.8359193922951241
1.0,1472,0.8365090929995906
1.0,1473,0.8370992361705708
1.0,1474,0.8376898220603829
1.0,1475,0.8382808509217201
1.0,1476,0.838872323007652
1.0,1477,0.8394642385716227
1.0,1478,0.8400565978674508
1.0,1479,0.84064940114933
1.0,1480,0.8412426486718272
1.0,1481,0.8418363406898833
1.0,1482,0.8424304774588125
1.0,1483,0.8430250592343017
1.0,1484,0.8436200862724105
1.0,1485,0.8442155588295706
1.0,1486,0.8448114771625854
1.0,1487,0.8454078415286304
1.0,1488,0.8460046521852514
1.0,1489,0.8466019093903661
1.0,1490,0.8471996134022616
1.0,1491,0.8477977644795957
1.0,1492,0.848396362881396
1.0,1493,0.8489954088670595
1.0,1494,0.8495949026963522
1.0,1495,0.8501948446294091
1.0,1496,0.8507952349267339
1.0,1497,0.8513960738491978
1.0,1498,0.8519973616580403
1.0,1499,0.8525990986148684
1.0,1500,0.853201284981656
1.0,1501,0.8538039210207443
1.0,1502,0.8544070069948407
1.0,1503,0.8550105431670186
1.0,1504,0.8556145298007182
1.0,1505,0.8562189671597443
1.0,1506,0.8568238555082676
1.0,1507,0.8574291951108234
1.0,1508,0.858034986232312
1.0,1509,0.8586412291379981
1.0,1510,0.8592479240935101
1.0,1511,0.8598550713648404
1.0,1512,0.860462671218345
1.0,1513,0.8610707239207426
1.0,1514,0.8616792297391155
1.0,1515,0.8622881889409076
1.0,1516,0.8628976017939263
1.0,1517,0.8635074685663398
1.0,1518,0.8641177895266785
1.0,1519,0.8647285649438345
1.0,1520,0.8653397950870608
1.0,1521,0.865951480225971
1.0,1522,0.8665636206305396
1.0,1523,0.8671762165711011
1.0,1524,0.8677892683183502
1.0,1525,0.8684027761433415
1.0,1526,0.8690167403174884
1.0,1527,0.8696311611125642
1.0,1528,0.8702460388007006
1.0,1529,0.8708613736543883
1.0,1530,0.871477165946476
1.0,1531,0.8720934159501708
1.0,1532,0.8727101239390372
1.0,1533,0.873327290186998
1.0,1534,0.8739449149683326
1.0,1535,0.8745629985576777
1.0,1536,0.8751815412300268
1.0,1537,0.87580054326073
1.0,1538,0.8764200049254933
1.0,1539,0.8770399265003792
1.0,1540,0.8776603082618054
1.0,1541,0.8782811504865458
1.0,1542,0.8789024534517289
1.0,1543,0.8795242174348388
1.0,1544,0.8801464427137137
1.0,1545,0.8807691295665467
1.0,1546,0.8813922782718854
1.0,1547,0.8820158891086309
1.0,1548,0.8826399623560385
1.0,1549,0.8832644982937168
1.0,1550,0.8838894972016278
1.0,1551,0.8845149593600866
1.0,1552,0.8851408850497612
1.0,1553,0.8857672745516719
1.0,1554,0.886394128147192
1.0,1555,0.887021446118046
1.0,1556,0.8876492287463112
1.0,1557,0.8882774763144163
1.0,1558,0.8889061891051415
1.0,1559,0.8895353674016178
1.0,1560,0.8901650114873279
1.0,1561,0.8907951216461047
1.0,1562,0.8914256981621322
1.0,1563,0.8920567413199446
1.0,1564,0.8926882514044259
1.0,1565,0.8933202287008103
1.0,1566,0.8939526734946818
1.0,1567,0.8945855860719739
1.0,1568,0.8952189667189691
1.0,1569,0.8958528157222991
1.0,1570,0.896487133368945
1.0,1571,0.8971219199462356
1.0,1572,0.8977571757418488
1.0,1573,0.8983929010438108
1.0,1574,0.8990290961404958
1.0,1575,0.8996657613206253
1.0,1576,0.9003028968732691
1.0,1577,0.9009405030878442
1.0,1578,0.9015785802541151
1.0,1579,0.902217128662193
1.0,1580,0.9028561486025362
1.0,1581,0.9034956403659498
1.0,1582,0.9041356042435846
1.0,1583,0.9047760405269389
1.0,1584,0.9054169495078562
1.0,1585,0.9060583314785263
1.0,1586,0.9067001867314848
1.0,1587,0.9073425155596125
1.0,1588,0.9079853182561357
1.0,1589,0.9086285951146262
1.0,1590,0.9092723464290003
1.0,1591,0.9099165724935196
1.0,1592,0.9105612736027903
1.0,1593,0.9112064500517622
1.0,1594,0.9118521021357305
1.0,1595,0.9124982301503343
1.0,1596,0.913144834391556
1.0,1597,0.9137919151557226
1.0,1598,0.9144394727395041
1.0,1599,0.9150875074399142
1.0,1600,0.9157360195543098
1.0,1601,0.916385009380391
1.0,1602,0.9170344772162007
1.0,1603,0.9176844233601248
1.0,1604,0.9183348481108915
1.0,1605,0.9189857517675716
1.0,1606,0.919637134629578
1.0,1607,0.9202889969966661
1.0,1608,0.9209413391689332
1.0,1609,0.9215941614468179
1.0,1610,0.9222474641311014
1.0,1611,0.9229012475229055
1.0,1612,0.9235555119236938
1.0,1613,0.9242102576352709
1.0,1614,0.9248654849597827
1.0,1615,0.9255211941997158
1.0,1616,0.9261773856578978
1.0,1617,0.9268340596374964
1.0,1618,0.9274912164420205
1.0,1619,0.9281488563753186
1.0,1620,0.92880697974158
1.0,1621,0.9294655868453333
1.0,1622,0.9301246779914479
1.0,1623,0.9307842534851322
1.0,1624,0.9314443136319347
1.0,1625,0.9321048587377427
1.0,1626,0.932765889108784
1.0,1627,0.9334274050516242
1.0,1628,0.9340894068731693
1.0,1629,0.9347518948806635
1.0,1630,0.9354148693816898
1.0,1631,0.9360783306841701
1.0,1632,0.9367422790963649
1.0,1633,0.9374067149268728
1.0,1634,0.938071638484631
1.0,1635,0.9387370500789148
1.0,1636,0.9394029500193377
1.0,1637,0.9400693386158506
1.0,1638,0.9407362161787429
1.0,1639,0.9414035830186412
1.0,1640,0.9420714394465098
1.0,1641,0.9427397857736504
1.0,1642,0.9434086223117023
1.0,1643,0.9440779493726414
1.0,1644,0.9447477672687815
1.0,1645,0.9454180763127727
1.0,1646,0.9460888768176023
1.0,1647,0.9467601690965943
1.0,1648,0.9474319534634091
1.0,1649,0.9481042302320443
1.0,1650,0.9487769997168328
1.0,1651,0.9494502622324453
1.0,1652,0.9501240180938874
1.0,1653,0.9507982676165012
1.0,1654,0.9514730111159652
1.0,1655,0.9521482489082934
1.0,1656,0.9528239813098357
1.0,1657,0.9535002086372777
1.0,1658,0.9541769312076405
1.0,1659,0.9548541493382808
1.0,1660,0.9555318633468907
1.0,1661,0.9562100735514976
1.0,1662,0.956888780270464
1.0,1663,0.9575679838224874
1.0,1664,0.9582476845266008
1.0,1665,0.9589278827021716
1.0,1666,0.959608578668902
1.0,1667,0.9602897727468298
1.0,1668,0.9609714652563262
1.0,1669,0.9616536565180978
1.0,1670,0.9623363468531853
1.0,1671,0.9630195365829639
1.0,1672,0.9637032260291432
1.0,1673,0.9643874155137668
1.0,1674,0.9650721053592127
1.0,1675,0.9657572958881928
1.0,1676,0.9664429874237527
1.0,1677,0.9671291802892722
1.0,1678,0.9678158748084649
1.0,1679,0.9685030713053779
1.0,1680,0.9691907701043923
1.0,1681,0.9698789715302224
1.0,1682,0.9705676759079163
1.0,1683,0.9712568835628549
1.0,1684,0.9719465948207535
1.0,1685,0.9726368100076598
1.0,1686,0.9733275294499549
1.0,1687,0.9740187534743531
1.0,1688,0.9747104824079017
1.0,1689,0.9754027165779812
1.0,1690,0.9760954563123047
1.0,1691,0.9767887019389183
1.0,1692,0.9774824537862009
1.0,1693,0.9781767121828641
1.0,1694,0.9788714774579522
1.0,1695,0.979566749940842
1.0,1696,0.9802625299612429
1.0,1697,0.9809588178491965
1.0,1698,0.9816556139350773
1.0,1699,0.9823529185495917
1.0,1700,0.9830507320237785
1.0,1701,0.9837490546890091
1.0,1702,0.9844478868769865
1.0,1703,0.9851472289197462
1.0,1704,0.9858470811496555
1.0,1705,0.9865474438994138
1.0,1706,0.9872483175020528
1.0,1707,0.9879497022909354
1.0,1708,0.988651598599757
1.0,1709,0.9893540067625443
1.0,1710,0.9900569271136561
1.0,1711,0.9907603599877829
1.0,1712,0.9914643057199465
1.0,1713,0.9921687646455004
1.0,1714,0.9928737371001302
1.0,1715,0.9935792234198523
1.0,1716,0.9942852239410148
1.0,1717,0.9949917390002974
1.0,1718,0.995698768934711
1.0,1719,0.9964063140815979
1.0,1720,0.9971143747786317
1.0,1721,0.9978229513638172
1.0,1722,0.9985320441754905
1.0,1723,0.9992416535523189
1.0,1724,0.9999517798333007
1.0,1725,1.0006624233577652
1.0,1726,1.0013735844653733
1.0,1727,1.0020852634961162
1.0,1728,1.0027974607903167
1.0,1729,1.0035101766886283
1.0,1730,1.0042234115320354
1.0,1731,1.0049371656618535
1.0,1732,1.0056514394197291
1.0,1733,1.0063662331476386
1.0,1734,1.0070815471878904
1.0,1735,1.0077973818831232
1.0,1736,1.0085137375763062
1.0,1737,1.0092306146107397
1.0,1738,1.0099480133300545
1.0,1739,1.010665934078212
1.0,1740,1.0113843771995048
1.0,1741,1.0121033430385555
1.0,1742,1.0128228319403176
1.0,1743,1.0135428442500751
1.0,1744,1.0142633803134424
1.0,1745,1.014984440476365
1.0,1746,1.0157060250851182
1.0,1747,1.0164281344863086
1.0,1748,1.0171507690268724
1.0,1749,1.017873929054077
1.0,1750,1.01859761491552
1.0,1751,1.0193218269591293
1.0,1752,1.0200465655331636
1.0,1753,1.0207718309862115
1.0,1754,1.0214976236671922
1.0,1755,1.022223943925356
1.0,1756,1.022950792110282
1.0,1757,1.0236781685718814
1.0,1758,1.0244060736603944
1.0,1759,1.0251345077263925
1.0,1760,1.025863471120777
1.0,1761,1.0265929641947797
1.0,1762,1.027322987299963
1.0,1763,1.0280535407882185
1.0,1764,1.0287846250117698
1.0,1765,1.0295162403231695
1.0,1766,1.0302483870753014
1.0,1767,1.0309810656213787
1.0,1768,1.0317142763149454
1.0,1769,1.032448019509876
1.0,1770,1.0331822955603749
1.0,1771,1.0339171048209772
1.0,1772,1.0346524476465477
1.0,1773,1.0353883243922821
1.0,1774,1.036124735413706
1.0,1775,1.036861681066676
1.0,1776,1.0375991617073776
1.0,1777,1.0383371776923283
1.0,1778,1.0390757293783748
1.0,1779,1.0398148171226946
1.0,1780,1.040554441282795
1.0,1781,1.0412946022165146
1.0,1782,1.0420353002820213
1.0,1783,1.0427765358378143
1.0,1784,1.0435183092427223
1.0,1785,1.044260620855905
1.0,1786,1.0450034710368523
1.0,1787,1.0457468601453845
1.0,1788,1.0464907885416521
1.0,1789,1.0472352565861363
1.0,1790,1.0479802646396488
1.0,1791,1.0487258130633317
1.0,1792,1.0494719022186574
1.0,1793,1.050218532467429
1.0,1794,1.0509657041717797
1.0,1795,1.0517134176941736
1.0,1796,1.0524616733974057
1.0,1797,1.0532104716446007
1.0,1798,1.0539598127992147
1.0,1799,1.0547096972250334
1.0,1800,1.0554601252861742
1.0,1801,1.0562110973470846
1.0,1802,1.056962613772543
1.0,1803,1.057714674927658
1.0,1804,1.0584672811778695
1.0,1805,1.0592204328889478
1.0,1806,1.0599741304269943
1.0,1807,1.0607283741584406
1.0,1808,1.0614831644500495
1.0,1809,1.062238501668915
1.0,1810,1.0629943861824611
1.0,1811,1.0637508183584432
1.0,1812,1.064507798564948
1.0,1813,1.0652653271703927
1.0,1814,1.0660234045435253
1.0,1815,1.066782031053425
1.0,1816,1.0675412070695025
1.0,1817,1.068300932961499
1.0,1818,1.0690612090994873
1.0,1819,1.0698220358538706
1.0,1820,1.0705834135953842
1.0,1821,1.071345342695094
1.0,1822,1.072107823524398
1.0,1823,1.072870856455024
1.0,1824,1.0736344418590322
1.0,1825,1.0743985801088143
1.0,1826,1.0751632715770927
1.0,1827,1.075928516636922
1.0,1828,1.0766943156616877
1.0,1829,1.077460669025107
1.0,1830,1.0782275771012289
1.0,1831,1.0789950402644337
1.0,1832,1.0797630588894338
1.0,1833,1.0805316333512727
1.0,1834,1.0813007640253258
1.0,1835,1.0820704512873007
1.0,1836,1.0828406955132364
1.0,1837,1.083611497079504
1.0,1838,1.0843828563628064
1.0,1839,1.0851547737401785
1.0,1840,1.0859272495889873
1.0,1841,1.086700284286932
1.0,1842,1.0874738782120432
1.0,1843,1.0882480317426848
1.0,1844,1.0890227452575518
1.0,1845,1.0897980191356724
1.0,1846,1.0905738537564063
1.0,1847,1.091350249499446
1.0,1848,1.0921272067448164
1.0,1849,1.0929047258728752
1.0,1850,1.0936828072643119
1.0,1851,1.094461451300149
1.0,1852,1.0952406583617416
1.0,1853,1.0960204288307775
1.0,1854,1.0968007630892773
1.0,1855,1.0975816615195941
1.0,1856,1.0983631245044145
1.0,1857,1.0991451524267573
1.0,1858,1.0999277456699748
1.0,1859,1.100710904617752
1.0,1860,1.101494629654107
1.0,1861,1.1022789211633914
1.0,1862,1.1030637795302898
1.0,1863,1.1038492051398203
1.0,1864,1.1046351983773337
1.0,1865,1.105421759628515
1.0,1866,1.1062088892793818
1.0,1867,1.1069965877162864
1.0,1868,1.1077848553259138
1.0,1869,1.1085736924952827
1.0,1870,1.1093630996117458
1.0,1871,1.11015307706299
1.0,1872,1.1109436252370348
1.0,1873,1.1117347445222352
1.0,1874,1.112526435307279
1.0,1875,1.1133186979811884
1.0,1876,1.1141115329333202
1.0,1877,1.1149049405533646
1.0,1878,1.1156989212313468
1.0,1879,1.1164934753576259
1.0,1880,1.1172886033228957
1.0,1881,1.1180843055181842
1.0,1882,1.1188805823348542
1.0,1883,1.119677434164603
1.0,1884,1.1204748613994626
1.0,1885,1.1212728644318002
1.0,1886,1.1220714436543169
1.0,1887,1.1228705994600499
1.0,1888,1.1236703322423705
1.0,1889,1.1244706423949853
1.0,1890,1.1252715303119367
1.0,1891,1.1260729963876015
1.0,1892,1.1268750410166923
1.0,1893,1.1276776645942568
1.0,1894,1.1284808675156783
1.0,1895,1.1292846501766758
1.0,1896,1.1300890129733037
1.0,1897,1.1308939563019524
1.0,1898,1.1316994805593479
1.0,1899,1.1325055861425517
1.0,1900,1.1333122734489625
1.0,1901,1.1341195428763136
1.0,1902,1.1349273948226752
1.0,1903,1.1357358296864537
1.0,1904,1.1365448478663918
1.0,1905,1.137354449761568
1.0,1906,1.1381646357713981
1.0,1907,1.138975406295634
1.0,1908,1.1397867617343642
1.0,1909,1.1405987024880144
1.0,1910,1.1414112289573466
1.0,1911,1.1422243415434599
1.0,1912,1.14303804064779
1.0,1913,1.143852326672111
1.0,1914,1.1446672000185325
1.0,1915,1.1454826610895024
1.0,1916,1.1462987102878057
1.0,1917,1.1471153480165648
1.0,1918,1.14793257467924
1.0,1919,1.1487503906796281
1.0,1920,1.1495687964218653
1.0,1921,1.1503877923104242
1.0,1922,1.1512073787501163
1.0,1923,1.1520275561460904
1.0,1924,1.152848324903834
1.0,1925,1.1536696854291721
1.0,1926,1.154491638128269
1.0,1927,1.1553141834076266
1.0,1928,1.1561373216740851
1.0,1929,1.156961053334824
1.0,1930,1.1577853787973613
1.0,1931,1.1586102984695534
1.0,1932,1.1594358127595963
1.0,1933,1.1602619220760242
1.0,1934,1.1610886268277107
1.0,1935,1.161915927423869
1.0,1936,1.162743824274051
1.0,1937,1.1635723177881483
1.0,1938,1.1644014083763916
1.0,1939,1.165231096449352
1.0,1940,1.1660613824179396
1.0,1941,1.1668922666934043
1.0,1942,1.1677237496873365
1.0,1943,1.1685558318116664
1.0,1944,1.1693885134786637
1.0,1945,1.170221795100939
1.0,1946,1.171055677091443
1.0,1947,1.1718901598634672
1.0,1948,1.1727252438306428
1.0,1949,1.173560929406943
1.0,1950,1.17439721700668
1.0,1951,1.1752341070445083
1.0,1952,1.176071599935423
1.0,1953,1.17690969609476
1.0,1954,1.177748395938197
1.0,1955,1.178587699881752
1.0,1956,1.1794276083417856
1.0,1957,1.180268121734999
1.0,1958,1.181109240478436
1.0,1959,1.1819509649894808
1.0,1960,1.1827932956858611
1.0,1961,1.1836362329856454
1.0,1962,1.1844797773072446
1.0,1963,1.185323929069412
1.0,1964,1.186168688691243
1.0,1965,1.1870140565921758
1.0,1966,1.187860033191991
1.0,1967,1.1887066189108118
1.0,1968,1.1895538141691038
1.0,1969,1.1904016193876765
1.0,1970,1.1912500349876818
1.0,1971,1.1920990613906146
1.0,1972,1.1929486990183136
1.0,1973,1.1937989482929603
1.0,1974,1.1946498096370803
1.0,1975,1.1955012834735426
1.0,1976,1.1963533702255595
1.0,1977,1.1972060703166882
1.0,1978,1.198059384170829
1.0,1979,1.1989133122122262
1.0,1980,1.1997678548654693
1.0,1981,1.2006230125554915
1.0,1982,1.2014787857075706
1.0,1983,1.202335174747329
1.0,1984,1.2031921801007337
1.0,1985,1.204049802194097
1.0,1986,1.2049080414540758
1.0,1987,1.2057668983076721
1.0,1988,1.2066263731822335
1.0,1989,1.2074864665054525
1.0,1990,1.2083471787053677
1.0,1991,1.2092085102103625
1.0,1992,1.2100704614491669
1.0,1993,1.2109330328508563
1.0,1994,1.211796224844852
1.0,1995,1.2126600378609218
1.0,1996,1.2135244723291796
1.0,1997,1.2143895286800859
1.0,1998,1.215255207344447
1.0,1999,1.2161215087534167
1.0,2000,1.2169884333384957
1.0,2001,1.2178559815315306
1.0,2002,1.218724153764716
1.0,2003,1.2195929504705934
1.0,2004,1.2204623720820513
1.0,2005,1.2213324190323263
1.0,2006,1.222203091755002
1.0,2007,1.2230743906840102
1.0,2008,1.2239463162536304
1.0,2009,1.2248188688984896
1.0,2010,1.2256920490535639
1.0,2011,1.2265658571541767
1.0,2012,1.2274402936360007
1.0,2013,1.2283153589350564
1.0,2014,1.2291910534877137
1.0,2015,1.2300673777306903
1.0,2016,1.230944332101054
1.0,2017,1.231821917036221
1.0,2018,1.232700132973957
1.0,2019,1.2335789803523771
1.0,2020,1.2344584596099457
1.0,2021,1.235338571185477
1.0,2022,1.2362193155181347
1.0,2023,1.2371006930474335
1.0,2024,1.237982704213237
1.0,2025,1.2388653494557598
1.0,2026,1.239748629215566
1.0,2027,1.240632543933571
1.0,2028,1.2415170940510407
1.0,2029,1.242402280009592
1.0,2030,1.2432881022511921
1.0,2031,1.2441745612181598
1.0,2032,1.2450616573531652
1.0,2033,1.2459493910992296
1.0,2034,1.2468377628997256
1.0,2035,1.247726773198378
1.0,2036,1.2486164224392633
1.0,2037,1.2495067110668097
1.0,2038,1.2503976395257976
1.0,2039,1.2512892082613598
1.0,2040,1.2521814177189816
1.0,2041,1.2530742683445009
1.0,2042,1.2539677605841075
1.0,2043,1.2548618948843457
1.0,2044,1.2557566716921114
1.0,2045,1.2566520914546542
1.0,2046,1.2575481546195768
1.0,2047,1.2584448616348358
1.0,2048,1.2593422129487415
1.0,2049,1.2602402090099571
1.0,2050,1.2611388502675007
1.0,2051,1.262038137170744
1.0,2052,1.2629380701694133
1.0,2053,1.2638386497135885
1.0,2054,1.264739876253705
1.0,2055,1.2656417502405526
1.0,2056,1.266544272125276
1.0,2057,1.2674474423593742
1.0,2058,1.2683512613947028
1.0,2059,1.2692557296834712
1.0,2060,1.2701608476782456
1.0,2061,1.2710666158319468
1.0,2062,1.2719730345978524
1.0,2063,1.2728801044295948
1.0,2064,1.273787825781164
1.0,2065,1.2746961991069048
1.0,2066,1.2756052248615193
1.0,2067,1.276514903500066
1.0,2068,1.27742523547796
1.0,2069,1.278336221250974
1.0,2070,1.2792478612752367
1.0,2071,1.2801601560072353
1.0,2072,1.281073105903813
1.0,2073,1.2819867114221721
1.0,2074,1.282900973019871
1.0,2075,1.2838158911548274
1.0,2076,1.2847314662853166
1.0,2077,1.2856476988699717
1.0,2078,1.2865645893677848
1.0,2079,1.287482138238106
1.0,2080,1.2884003459406448
1.0,2081,1.2893192129354691
1.0,2082,1.290238739683006
1.0,2083,1.2911589266440413
1.0,2084,1.2920797742797212
1.0,2085,1.2930012830515507
1.0,2086,1.293923453421395
1.0,2087,1.2948462858514784
1.0,2088,1.2957697808043864
1.0,2089,1.2966939387430638
1.0,2090,1.2976187601308162
1.0,2091,1.2985442454313096
1.0,2092,1.2994703951085709
1.0,2093,1.3003972096269876
1.0,2094,1.3013246894513084
1.0,2095,1.302252835046644
1.0,2096,1.303181646878465
1.0,2097,1.304111125412605
1.0,2098,1.3050412711152588
1.0,2099,1.305972084452983
1.0,2100,1.3069035658926962
1.0,2101,1.30783571590168
1.0,2102,1.3087685349475777
1.0,2103,1.3097020234983956
1.0,2104,1.3106361820225025
1.0,2105,1.311571010988631
1.0,2106,1.3125065108658756
1.0,2107,1.3134426821236949
1.0,2108,1.314379525231911
1.0,2109,1.3153170406607095
1.0,2110,1.31625522888064
1.0,2111,1.3171940903626158
1.0,2112,1.318133625577915
1.0,2113,1.3190738349981799
1.0,2114,1.3200147190954166
1.0,2115,1.320956278341997
1.0,2116,1.3218985132106575
1.0,2117,1.3228414241744997
1.0,2118,1.3237850117069898
1.0,2119,1.3247292762819605
1.0,2120,1.3256742183736099
1.0,2121,1.3266198384565009
1.0,2122,1.3275661370055643
1.0,2123,1.328513114496095
1.0,2124,1.3294607714037563
1.0,2125,1.3304091082045764
1.0,2126,1.3313581253749507
1.0,2127,1.332307823391642
1.0,2128,1.3332582027317803
1.0,2129,1.3342092638728618
1.0,2130,1.3351610072927511
1.0,2131,1.3361134334696803
1.0,2132,1.337066542882249
1.0,2133,1.3380203360094252
1.0,2134,1.3389748133305452
1.0,2135,1.3399299753253133
1.0,2136,1.3408858224738023
1.0,2137,1.3418423552564545
1.0,2138,1.3427995741540804
1.0,2139,1.34375747964786
1.0,2140,1.3447160722193423
1.0,2141,1.3456753523504463
1.0,2142,1.3466353205234607
1.0,2143,1.3475959772210437
1.0,2144,1.3485573229262238
1.0,2145,1.3495193581223994
1.0,2146,1.35048208329334
1.0,2147,1.3514454989231854
1.0,2148,1.3524096054964465
1.0,2149,1.3533744034980049
1.0,2150,1.3543398934131132
1.0,2151,1.3553060757273963
1.0,2152,1.35627295092685
1.0,2153,1.3572405194978423
1.0,2154,1.3582087819271127
1.0,2155,1.3591777387017736
1.0,2156,1.3601473903093089
1.0,2157,1.3611177372375756
1.0,2158,1.362088779974804
1.0,2159,1.363060519009596
1.0,2160,1.364032954830928
1.0,2161,1.3650060879281491
1.0,2162,1.365979918790982
1.0,2163,1.366954447909523
1.0,2164,1.3679296757742432
1.0,2165,1.3689056028759865
1.0,2166,1.369882229705972
1.0,2167,1.3708595567557935
1.0,2168,1.3718375845174189
1.0,2169,1.3728163134831917
1.0,2170,1.3737957441458295
1.0,2171,1.3747758769984266
1.0,2172,1.3757567125344516
1.0,2173,1.3767382512477495
1.0,2174,1.3777204936325411
1.0,2175,1.3787034401834235
1.0,2176,1.3796870913953696
1.0,2177,1.3806714477637294
1.0,2178,1.3816565097842288
1.0,2179,1.3826422779529721
1.0,2180,1.383628752766439
1.0,2181,1.3846159347214881
1.0,2182,1.3856038243153543
1.0,2183,1.386592422045651
1.0,2184,1.3875817284103693
1.0,2185,1.3885717439078782
1.0,2186,1.3895624690369257
1.0,2187,1.3905539042966375
1.0,2188,1.3915460501865187
1.0,2189,1.3925389072064531
1.0,2190,1.3935324758567043
1.0,2191,1.394526756637914
1.0,2192,1.3955217500511043
1.0,2193,1.3965174565976772
1.0,2194,1.3975138767794144
1.0,2195,1.3985110110984778
1.0,2196,1.3995088600574102
1.0,2197,1.400507424159134
1.0,2198,1.4015067039069535
1.0,2199,1.4025066998045532
1.0,2200,1.4035074123559994
1.0,2201,1.4045088420657394
1.0,2202,1.405510989438603
1.0,2203,1.406513854979801
1.0,2204,1.4075174391949263
1.0,2205,1.4085217425899546
1.0,2206,1.4095267656712436
1.0,2207,1.4105325089455343
1.0,2208,1.4115389729199501
1.0,2209,1.4125461581019978
1.0,2210,1.4135540649995675
1.0,2211,1.4145626941209324
1.0,2212,1.4155720459747505
1.0,2213,1.4165821210700626
1.0,2214,1.4175929199162949
1.0,2215,1.4186044430232574
1.0,2216,1.4196166909011436
1.0,2217,1.4206296640605345
1.0,2218,1.4216433630123935
1.0,2219,1.4226577882680707
1.0,2220,1.4236729403393016
1.0,2221,1.424688819738207
1.0,2222,1.4257054269772937
1.0,2223,1.4267227625694547
1.0,2224,1.4277408270279697
1.0,2225,1.428759620866504
1.0,2226,1.429779144599111
1.0,2227,1.4307993987402299
1.0,2228,1.4318203838046881
1.0,2229,1.4328421003076994
1.0,2230,1.4338645487648665
1.0,2231,1.434887729692179
1.0,2232,1.4359116436060146
1.0,2233,1.43693629102314
1.0,2234,1.43796167246071
1.0,2235,1.4389877884362683
1.0,2236,1.4400146394677473
1.0,2237,1.4410422260734688
1.0,2238,1.4420705487721441
1.0,2239,1.443099608082874
1.0,2240,1.4441294045251492
1.0,2241,1.4451599386188505
1.0,2242,1.4461912108842492
1.0,2243,1.4472232218420067
1.0,2244,1.4482559720131751
1.0,2245,1.449289461919198
1.0,2246,1.4503236920819103
1.0,2247,1.4513586630235376
1.0,2248,1.4523943752666975
1.0,2249,1.4534308293343996
1.0,2250,1.4544680257500455
1.0,2251,1.4555059650374291
1.0,2252,1.456544647720737
1.0,2253,1.4575840743245485
1.0,2254,1.4586242453738356
1.0,2255,1.4596651613939637
1.0,2256,1.460706822910692
1.0,2257,1.4617492304501731
1.0,2258,1.4627923845389537
1.0,2259,1.463836285703974
1.0,2260,1.4648809344725697
1.0,2261,1.4659263313724695
1.0,2262,1.4669724769317989
1.0,2263,1.4680193716790766
1.0,2264,1.469067016143218
1.0,2265,1.4701154108535333
1.0,2266,1.4711645563397282
1.0,2267,1.4722144531319048
1.0,2268,1.4732651017605618
1.0,2269,1.4743165027565936
1.0,2270,1.4753686566512918
1.0,2271,1.4764215639763443
1.0,2272,1.4774752252638366
1.0,2273,1.4785296410462516
1.0,2274,1.4795848118564696
1.0,2275,1.4806407382277686
1.0,2276,1.4816974206938252
1.0,2277,1.482754859788714
1.0,2278,1.4838130560469076
1.0,2279,1.4848720100032782
1.0,2280,1.4859317221930965
1.0,2281,1.486992193152033
1.0,2282,1.488053423416157
1.0,2283,1.4891154135219378
1.0,2284,1.4901781640062446
1.0,2285,1.491241675406347
1.0,2286,1.4923059482599146
1.0,2287,1.4933709831050177
1.0,2288,1.4944367804801284
1.0,2289,1.4955033409241185
1.0,2290,1.4965706649762625
1.0,2291,1.4976387531762352
1.0,2292,1.4987076060641145
1.0,2293,1.4997772241803795
1.0,2294,1.500847608065912
1.0,2295,1.5019187582619964
1.0,2296,1.50299067531032
1.0,2297,1.5040633597529725
1.0,2298,1.5051368121324473
1.0,2299,1.5062110329916418
1.0,2300,1.5072860228738565
1.0,2301,1.5083617823227962
1.0,2302,1.5094383118825694
1.0,2303,1.5105156120976904
1.0,2304,1.5115936835130768
1.0,2305,1.5126725266740517
1.0,2306,1.5137521421263438
1.0,2307,1.5148325304160868
1.0,2308,1.5159136920898204
1.0,2309,1.5169956276944896
1.0,2310,1.5180783377774467
1.0,2311,1.5191618228864496
1.0,2312,1.520246083569663
1.0,2313,1.5213311203756585
1.0,2314,1.5224169338534153
1.0,2315,1.5235035245523196
1.0,2316,1.5245908930221654
1.0,2317,1.5256790398131548
1.0,2318,1.526767965475897
1.0,2319,1.5278576705614115
1.0,2320,1.5289481556211248
1.0,2321,1.530039421206873
1.0,2322,1.5311314678709016
1.0,2323,1.5322242961658643
1.0,2324,1.5333179066448264
1.0,2325,1.534412299861261
1.0,2326,1.5355074763690526
1.0,2327,1.536603436722496
1.0,2328,1.5377001814762963
1.0,2329,1.5387977111855695
1.0,2330,1.5398960264058428
1.0,2331,1.5409951276930554
1.0,2332,1.5420950156035569
1.0,2333,1.5431956906941096
1.0,2334,1.5442971535218881
1.0,2335,1.5453994046444792
1.0,2336,1.546502444619882
1.0,2337,1.547606274006509
1.0,2338,1.5487108933631855
1.0,2339,1.54981630324915
1.0,2340,1.550922504224056
1.0,2341,1.5520294968479684
1.0,2342,1.5531372816813689
1.0,2343,1.554245859285152
1.0,2344,1.5553552302206277
1.0,2345,1.5564653950495202
1.0,2346,1.5575763543339696
1.0,2347,1.5586881086365307
1.0,2348,1.5598006585201747
1.0,2349,1.5609140045482885
1.0,2350,1.5620281472846753
1.0,2351,1.5631430872935543
1.0,2352,1.5642588251395617
1.0,2353,1.565375361387751
1.0,2354,1.5664926966035924
1.0,2355,1.5676108313529742
1.0,2356,1.5687297662022022
1.0,2357,1.5698495017179999
1.0,2358,1.5709700384675092
1.0,2359,1.572091377018291
1.0,2360,1.573213517938324
1.0,2361,1.5743364617960072
1.0,2362,1.575460209160158
1.0,2363,1.5765847606000138
1.0,2364,1.5777101166852312
1.0,2365,1.578836277985888
1.0,2366,1.5799632450724814
1.0,2367,1.58109101851593
1.0,2368,1.582219598887572
1.0,2369,1.583348986759168
1.0,2370,1.5844791827028997
1.0,2371,1.58561018729137
1.0,2372,1.5867420010976043
1.0,2373,1.5878746246950495
1.0,2374,1.5890080586575757
1.0,2375,1.590142303559476
1.0,2376,1.5912773599754646
1.0,2377,1.592413228480681
1.0,2378,1.5935499096506873
1.0,2379,1.5946874040614694
1.0,2380,1.5958257122894375
1.0,2381,1.5969648349114258
1.0,2382,1.5981047725046935
1.0,2383,1.599245525646924
1.0,2384,1.6003870949162264
1.0,2385,1.6015294808911347
1.0,2386,1.602672684150609
1.0,2387,1.6038167052740349
1.0,2388,1.6049615448412247
1.0,2389,1.6061072034324162
1.0,2390,1.6072536816282754
1.0,2391,1.6084009800098937
1.0,2392,1.6095490991587904
1.0,2393,1.6106980396569126
1.0,2394,1.6118478020866351
1.0,2395,1.6129983870307603
1.0,2396,1.614149795072519
1.0,2397,1.6153020267955713
1.0,2398,1.6164550827840058
1.0,2399,1.6176089636223396
1.0,2400,1.6187636698955201
1.0,2401,1.619919202188924
1.0,2402,1.6210755610883578
1.0,2403,1.6222327471800586
1.0,2404,1.6233907610506937
1.0,2405,1.6245496032873612
1.0,2406,1.6257092744775903
1.0,2407,1.6268697752093417
1.0,2408,1.6280311060710078
1.0,2409,1.6291932676514118
1.0,2410,1.6303562605398105
1.0,2411,1.6315200853258922
1.0,2412,1.6326847425997784
1.0,2413,1.633850232952023
1.0,2414,1.6350165569736137
1.0,2415,1.636183715255971
1.0,2416,1.6373517083909503
1.0,2417,1.6385205369708404
1.0,2418,1.6396902015883639
1.0,2419,1.640860702836679
1.0,2420,1.6420320413093783
1.0,2421,1.6432042176004897
1.0,2422,1.6443772323044767
1.0,2423,1.6455510860162381
1.0,2424,1.6467257793311092
1.0,2425,1.6479013128448612
1.0,2426,1.6490776871537023
1.0,2427,1.650254902854277
1.0,2428,1.6514329605436673
1.0,2429,1.6526118608193925
1.0,2430,1.6537916042794099
1.0,2431,1.6549721915221143
1.0,2432,1.6561536231463385
1.0,2433,1.657335899751355
1.0,2434,1.6585190219368742
1.0,2435,1.6597029903030456
1.0,2436,1.6608878054504583
1.0,2437,1.6620734679801412
1.0,2438,1.6632599784935627
1.0,2439,1.6644473375926316
1.0,2440,1.665635545879698
1.0,2441,1.6668246039575512
1.0,2442,1.668014512429423
1.0,2443,1.6692052718989858
1.0,2444,1.6703968829703537
1.0,2445,1.6715893462480835
1.0,2446,1.672782662337173
1.0,2447,1.6739768318430632
1.0,2448,1.6751718553716384
1.0,2449,1.6763677335292244
1.0,2450,1.6775644669225922
1.0,2451,1.678762056158955
1.0,2452,1.6799605018459702
1.0,2453,1.6811598045917406
1.0,2454,1.6823599650048122
1.0,2455,1.6835609836941758
1.0,2456,1.684762861269268
1.0,2457,1.6859655983399706
1.0,2458,1.6871691955166106
1.0,2459,1.6883736534099616
1.0,2460,1.6895789726312427
1.0,2461,1.6907851537921201
1.0,2462,1.6919921975047063
1.0,2463,1.6932001043815617
1.0,2464,1.6944088750356934
1.0,2465,1.6956185100805565
1.0,2466,1.6968290101300534
1.0,2467,1.6980403757985358
1.0,2468,1.6992526077008037
1.0,2469,1.7004657064521052
1.0,2470,1.7016796726681382
1.0,2471,1.70289450696505
1.0,2472,1.7041102099594378
1.0,2473,1.7053267822683482
1.0,2474,1.7065442245092788
1.0,2475,1.7077625373001768
1.0,2476,1.7089817212594411
1.0,2477,1.7102017770059221
1.0,2478,1.711422705158921
1.0,2479,1.712644506338191
1.0,2480,1.7138671811639374
1.0,2481,1.7150907302568177
1.0,2482,1.7163151542379422
1.0,2483,1.7175404537288745
1.0,2484,1.718766629351631
1.0,2485,1.7199936817286818
1.0,2486,1.7212216114829508
1.0,2487,1.722450419237816
1.0,2488,1.7236801056171103
1.0,2489,1.7249106712451203
1.0,2490,1.7261421167465891
1.0,2491,1.727374442746714
1.0,2492,1.7286076498711482
1.0,2493,1.7298417387460008
1.0,2494,1.7310767099978377
1.0,2495,1.7323125642536807
1.0,2496,1.7335493021410089
1.0,2497,1.7347869242877576
1.0,2498,1.7360254313223207
1.0,2499,1.7372648238735493
1.0,2500,1.7385051025707525
1.0,2501,1.7397462680436977
1.0,2502,1.7409883209226111
1.0,2503,1.7422312618381777
1.0,2504,1.7434750914215422
1.0,2505,1.744719810304308
1.0,2506,1.7459654191185392
1.0,2507,1.7472119184967594
1.0,2508,1.7484593090719525
1.0,2509,1.7497075914775644
1.0,2510,1.750956766347501
1.0,2511,1.752206834316129
1.0,2512,1.7534577960182787
1.0,2513,1.7547096520892402
1.0,2514,1.7559624031647678
1.0,2515,1.7572160498810767
1.0,2516,1.7584705928748459
1.0,2517,1.7597260327832176
1.0,2518,1.7609823702437972
1.0,2519,1.7622396058946548
1.0,2520,1.7634977403743226
1.0,2521,1.7647567743217993
1.0,2522,1.7660167083765472
1.0,2523,1.7672775431784937
1.0,2524,1.7685392793680326
1.0,2525,1.7698019175860218
1.0,2526,1.771065458473786
1.0,2527,1.7723299026731159
1.0,2528,1.7735952508262693
1.0,2529,1.77486150357597
1.0,2530,1.77612866156541
1.0,2531,1.777396725438248
1.0,2532,1.7786656958386104
1.0,2533,1.779935573411093
1.0,2534,1.7812063588007583
1.0,2535,1.7824780526531387
1.0,2536,1.7837506556142355
1.0,2537,1.7850241683305192
1.0,2538,1.7862985914489298
1.0,2539,1.7875739256168777
1.0,2540,1.7888501714822427
1.0,2541,1.7901273296933764
1.0,2542,1.7914054008991014
1.0,2543,1.7926843857487098
1.0,2544,1.7939642848919668
1.0,2545,1.7952450989791098
1.0,2546,1.796526828660847
1.0,2547,1.7978094745883597
1.0,2548,1.7990930374133023
1.0,2549,1.8003775177878019
1.0,2550,1.8016629163644593
1.0,2551,1.802949233796349
1.0,2552,1.8042364707370198
1.0,2553,1.8055246278404942
1.0,2554,1.8068137057612705
1.0,2555,1.8081037051543207
1.0,2556,1.8093946266750933
1.0,2557,1.8106864709795116
1.0,2558,1.8119792387239757
1.0,2559,1.8132729305653612
1.0,2560,1.8145675471610208
1.0,2561,1.815863089168784
1.0,2562,1.8171595572469572
1.0,2563,1.8184569520543252
1.0,2564,1.8197552742501497
1.0,2565,1.8210545244941718
1.0,2566,1.8223547034466097
1.0,2567,1.8236558117681614
1.0,2568,1.8249578501200039
1.0,2569,1.8262608191637935
1.0,2570,1.8275647195616664
1.0,2571,1.8288695519762392
1.0,2572,1.8301753170706088
1.0,2573,1.8314820155083522
1.0,2574,1.8327896479535286
1.0,2575,1.8340982150706775
1.0,2576,1.8354077175248216
1.0,2577,1.836718155981464
1.0,2578,1.8380295311065917
1.0,2579,1.839341843566673
1.0,2580,1.8406550940286603
1.0,2581,1.8419692831599888
1.0,2582,1.8432844116285778
1.0,2583,1.8446004801028306
1.0,2584,1.8459174892516337
1.0,2585,1.8472354397443602
1.0,2586,1.8485543322508666
1.0,2587,1.8498741674414958
1.0,2588,1.8511949459870753
1.0,2589,1.8525166685589187
1.0,2590,1.8538393358288277
1.0,2591,1.8551629484690877
1.0,2592,1.8564875071524733
1.0,2593,1.8578130125522452
1.0,2594,1.8591394653421525
1.0,2595,1.8604668661964316
1.0,2596,1.861795215789808
1.0,2597,1.8631245147974944
1.0,2598,1.8644547638951936
1.0,2599,1.8657859637590968
1.0,2600,1.8671181150658858
1.0,2601,1.8684512184927315
1.0,2602,1.8697852747172954
1.0,2603,1.8711202844177295
1.0,2604,1.8724562482726765
1.0,2605,1.8737931669612702
1.0,2606,1.8751310411631368
1.0,2607,1.8764698715583932
1.0,2608,1.8778096588276498
1.0,2609,1.8791504036520088
1.0,2610,1.880492106713065
1.0,2611,1.8818347686929073
1.0,2612,1.8831783902741173
1.0,2613,1.8845229721397714
1.0,2614,1.885868514973439
1.0,2615,1.8872150194591857
1.0,2616,1.8885624862815702
1.0,2617,1.889910916125648
1.0,2618,1.8912603096769691
1.0,2619,1.8926106676215793
1.0,2620,1.893961990646022
1.0,2621,1.895314279437336
1.0,2622,1.896667534683057
1.0,2623,1.8980217570712183
1.0,2624,1.8993769472903508
1.0,2625,1.9007331060294834
1.0,2626,1.9020902339781425
1.0,2627,1.9034483318263546
1.0,2628,1.9048074002646436
1.0,2629,1.9061674399840334
1.0,2630,1.9075284516760473
1.0,2631,1.9088904360327088
1.0,2632,1.9102533937465414
1.0,2633,1.9116173255105693
1.0,2634,1.9129822320183179
1.0,2635,1.9143481139638139
1.0,2636,1.915714972041585
1.0,2637,1.9170828069466617
1.0,2638,1.9184516193745762
1.0,2639,1.9198214100213642
1.0,2640,1.9211921795835634
1.0,2641,1.9225639287582152
1.0,2642,1.9239366582428652
1.0,2643,1.9253103687355628
1.0,2644,1.9266850609348616
1.0,2645,1.9280607355398196
1.0,2646,1.9294373932500006
1.0,2647,1.9308150347654733
1.0,2648,1.9321936607868122
1.0,2649,1.9335732720150982
1.0,2650,1.9349538691519184
1.0,2651,1.9363354528993664
1.0,2652,1.937718023960044
1.0,2653,1.9391015830370595
1.0,2654,1.9404861308340287
1.0,2655,1.941871668055077
1.0,2656,1.943258195404837
1.0,2657,1.9446457135884505
1.0,2658,1.9460342233115693
1.0,2659,1.9474237252803532
1.0,2660,1.9488142202014738
1.0,2661,1.9502057087821114
1.0,2662,1.9515981917299576
1.0,2663,1.9529916697532146
1.0,2664,1.9543861435605963
1.0,2665,1.9557816138613282
1.0,2666,1.9571780813651478
1.0,2667,1.9585755467823045
1.0,2668,1.9599740108235608
1.0,2669,1.9613734742001923
1.0,2670,1.9627739376239874
1.0,2671,1.9641754018072493
1.0,2672,1.9655778674627944
1.0,2673,1.966981335303954
1.0,2674,1.9683858060445736
1.0,2675,1.9697912803990152
1.0,2676,1.9711977590821546
1.0,2677,1.9726052428093845
1.0,2678,1.974013732296614
1.0,2679,1.9754232282602682
1.0,2680,1.976833731417289
1.0,2681,1.9782452424851358
1.0,2682,1.9796577621817861
1.0,2683,1.9810712912257347
1.0,2684,1.9824858303359951
1.0,2685,1.9839013802320993
1.0,2686,1.9853179416340985
1.0,2687,1.9867355152625634
1.0,2688,1.9881541018385838
1.0,2689,1.9895737020837707
1.0,2690,1.9909943167202544
1.0,2691,1.9924159464706872
1.0,2692,1.9938385920582415
1.0,2693,1.995262254206612
1.0,2694,1.996686933640015
1.0,2695,1.9981126310831892
1.0,2696,1.9995393472613954
1.0,2697,2.000967082900418
1.0,2698,2.0023958387265646
1.0,2699,2.0038256154666665
1.0,2700,2.005256413848078
1.0,2701,2.0066882345986805
1.0,2702,2.008121078446877
1.0,2703,2.0095549461215976
1.0,2704,2.0109898383522973
1.0,2705,2.0124257558689567
1.0,2706,2.013862699402083
1.0,2707,2.0153006696827105
1.0,2708,2.016739667442399
1.0,2709,2.018179693413237
1.0,2710,2.0196207483278403
1.0,2711,2.0210628329193514
1.0,2712,2.0225059479214433
1.0,2713,2.0239500940683164
1.0,2714,2.0253952720947
1.0,2715,2.026841482735855
1.0,2716,2.0282887267275695
1.0,2717,2.0297370048061625
1.0,2718,2.031186317708485
1.0,2719,2.0326366661719164
1.0,2720,2.0340880509343706
1.0,2721,2.0355404727342905
1.0,2722,2.0369939323106525
1.0,2723,2.038448430402964
1.0,2724,2.0399039677512674
1.0,2725,2.041360545096136
1.0,2726,2.042818163178677
1.0,2727,2.044276822740533
1.0,2728,2.0457365245238797
1.0,2729,2.0471972692714266
1.0,2730,2.04865905772642
1.0,2731,2.0501218906326404
1.0,2732,2.051585768734404
1.0,2733,2.0530506927765635
1.0,2734,2.054516663504508
1.0,2735,2.055983681664163
1.0,2736,2.0574517480019914
1.0,2737,2.058920863264994
1.0,2738,2.060391028200709
1.0,2739,2.061862243557213
1.0,2740,2.063334510083122
1.0,2741,2.0648078285275906
1.0,2742,2.066282199640312
1.0,2743,2.06775762417152
1.0,2744,2.069234102871989
1.0,2745,2.0707116364930322
1.0,2746,2.0721902257865064
1.0,2747,2.073669871504807
1.0,2748,2.0751505744008734
1.0,2749,2.076632335228185
1.0,2750,2.0781151547407637
1.0,2751,2.0795990336931767
1.0,2752,2.0810839728405313
1.0,2753,2.08256997293848
1.0,2754,2.0840570347432195
1.0,2755,2.085545159011489
1.0,2756,2.087034346500574
1.0,2757,2.0885245979683047
1.0,2758,2.0900159141730557
1.0,2759,2.091508295873749
1.0,2760,2.093001743829852
1.0,2761,2.0944962588013785
1.0,2762,2.0959918415488894
1.0,2763,2.097488492833492
1.0,2764,2.0989862134168433
1.0,2765,2.100485004061147
1.0,2766,2.101984865529154
1.0,2767,2.1034857985841677
1.0,2768,2.1049878039900363
1.0,2769,2.106490882511161
1.0,2770,2.1079950349124914
1.0,2771,2.109500261959527
1.0,2772,2.11100656441832
1.0,2773,2.1125139430554714
1.0,2774,2.1140223986381352
1.0,2775,2.115531931934017
1.0,2776,2.1170425437113733
1.0,2777,2.118554234739016
1.0,2778,2.1200670057863067
1.0,2779,2.1215808576231634
1.0,2780,2.123095791020056
1.0,2781,2.1246118067480086
1.0,2782,2.1261289055786015
1.0,2783,2.1276470882839678
1.0,2784,2.1291663556367975
1.0,2785,2.1306867084103356
1.0,2786,2.132208147378383
1.0,2787,2.1337306733152976
1.0,2788,2.1352542869959943
1.0,2789,2.136778989195944
1.0,2790,2.1383047806911772
1.0,2791,2.1398316622582803
1.0,2792,2.1413596346744
1.0,2793,2.1428886987172406
1.0,2794,2.144418855165066
1.0,2795,2.1459501047967
1.0,2796,2.147482448391525
1.0,2797,2.1490158867294853
1.0,2798,2.150550420591086
1.0,2799,2.1520860507573913
1.0,2800,2.1536227780100297
1.0,2801,2.1551606031311894
1.0,2802,2.1566995269036218
1.0,2803,2.158239550110641
1.0,2804,2.1597806735361242
1.0,2805,2.1613228979645123
1.0,2806,2.162866224180809
1.0,2807,2.1644106529705835
1.0,2808,2.165956185119969
1.0,2809,2.1675028214156637
1.0,2810,2.169050562644932
1.0,2811,2.170599409595603
1.0,2812,2.1721493630560724
1.0,2813,2.173700423815303
1.0,2814,2.1752525926628246
1.0,2815,2.1768058703887334
1.0,2816,2.1783602577836945
1.0,2817,2.179915755638941
1.0,2818,2.181472364746274
1.0,2819,2.183030085898064
1.0,2820,2.1845889198872506
1.0,2821,2.186148867507344
1.0,2822,2.187709929552424
1.0,2823,2.189272106817141
1.0,2824,2.190835400096715
1.0,2825,2.19239981018694
1.0,2826,2.193965337884181
1.0,2827,2.195531983985373
1.0,2828,2.1970997492880264
1.0,2829,2.198668634590223
1.0,2830,2.200238640690618
1.0,2831,2.2018097683884417
1.0,2832,2.2033820184834956
1.0,2833,2.2049553917761595
1.0,2834,2.2065298890673857
1.0,2835,2.2081055111587022
1.0,2836,2.2096822588522134
1.0,2837,2.2112601329505996
1.0,2838,2.2128391342571176
1.0,2839,2.214419263575601
1.0,2840,2.216000521710461
1.0,2841,2.2175829094666857
1.0,2842,2.2191664276498435
1.0,2843,2.220751077066079
1.0,2844,2.222336858522118
1.0,2845,2.2239237728252634
1.0,2846,2.2255118207833995
1.0,2847,2.2271010032049903
1.0,2848,2.2286913208990797
1.0,2849,2.2302827746752945
1.0,2850,2.2318753653438406
1.0,2851,2.2334690937155073
1.0,2852,2.2350639606016656
1.0,2853,2.2366599668142695
1.0,2854,2.2382571131658553
1.0,2855,2.2398554004695432
1.0,2856,2.241454829539037
1.0,2857,2.2430554011886255
1.0,2858,2.244657116233181
1.0,2859,2.246259975488162
1.0,2860,2.2478639797696114
1.0,2861,2.2494691298941594
1.0,2862,2.2510754266790207
1.0,2863,2.2526828709419986
1.0,2864,2.254291463501482
1.0,2865,2.255901205176448
1.0,2866,2.2575120967864613
1.0,2867,2.259124139151676
1.0,2868,2.2607373330928335
1.0,2869,2.262351679431265
1.0,2870,2.2639671789888913
1.0,2871,2.2655838325882245
1.0,2872,2.2672016410523637
1.0,2873,2.268820605205003
1.0,2874,2.270440725870424
1.0,2875,2.2720620038735033
1.0,2876,2.2736844400397067
1.0,2877,2.275308035195094
1.0,2878,2.276932790166317
1.0,2879,2.278558705780623
1.0,2880,2.2801857828658503
1.0,2881,2.2818140222504324
1.0,2882,2.283443424763398
1.0,2883,2.2850739912343694
1.0,2884,2.2867057224935654
1.0,2885,2.2883386193718005
1.0,2886,2.289972682700485
1.0,2887,2.2916079133116263
1.0,2888,2.293244312037828
1.0,2889,2.294881879712292
1.0,2890,2.2965206171688184
1.0,2891,2.298160525241804
1.0,2892,2.2998016047662464
1.0,2893,2.30144385657774
1.0,2894,2.303087281512482
1.0,2895,2.3047318804072665
1.0,2896,2.3063776540994887
1.0,2897,2.3080246034271465
1.0,2898,2.3096727292288364
1.0,2899,2.311322032343759
1.0,2900,2.3129725136117143
1.0,2901,2.3146241738731073
1.0,2902,2.3162770139689455
1.0,2903,2.3179310347408384
1.0,2904,2.319586237031
1.0,2905,2.3212426216822495
1.0,2906,2.322900189538009
1.0,2907,2.324558941442307
1.0,2908,2.326218878239777
1.0,2909,2.3278800007756577
1.0,2910,2.3295423098957957
1.0,2911,2.3312058064466425
1.0,2912,2.332870491275259
1.0,2913,2.334536365229311
1.0,2914,2.336203429157075
1.0,2915,2.3378716839074336
1.0,2916,2.3395411303298808
1.0,2917,2.341211769274517
1.0,2918,2.3428836015920544
1.0,2919,2.3445566281338155
1.0,2920,2.3462308497517315
1.0,2921,2.3479062672983466
1.0,2922,2.3495828816268154
1.0,2923,2.3512606935909046
1.0,2924,2.3529397040449935
1.0,2925,2.3546199138440738
1.0,2926,2.35630132384375
1.0,2927,2.3579839349002407
1.0,2928,2.3596677478703794
1.0,2929,2.3613527636116123
1.0,2930,2.363038982982001
1.0,2931,2.3647264068402234
1.0,2932,2.3664150360455727
1.0,2933,2.368104871457957
1.0,2934,2.369795913937903
1.0,2935,2.3714881643465535
1.0,2936,2.3731816235456686
1.0,2937,2.3748762923976265
1.0,2938,2.376572171765424
1.0,2939,2.3782692625126765
1.0,2940,2.3799675655036183
1.0,2941,2.3816670816031036
1.0,2942,2.3833678116766075
1.0,2943,2.3850697565902235
1.0,2944,2.3867729172106693
1.0,2945,2.388477294405281
1.0,2946,2.390182889042017
1.0,2947,2.3918897019894603
1.0,2948,2.393597734116814
1.0,2949,2.395306986293906
1.0,2950,2.397017459391186
1.0,2951,2.398729154279729
1.0,2952,2.400442071831235
1.0,2953,2.4021562129180287
1.0,2954,2.403871578413058
1.0,2955,2.4055881691898993
1.0,2956,2.4073059861227537
1.0,2957,2.40902503008645
1.0,2958,2.4107453019564424
1.0,2959,2.412466802608815
1.0,2960,2.414189532920278
1.0,2961,2.415913493768171
1.0,2962,2.417638686030461
1.0,2963,2.4193651105857468
1.0,2964,2.421092768313255
1.0,2965,2.422821660092843
1.0,2966,2.4245517868049986
1.0,2967,2.426283149330841
1.0,2968,2.4280157485521214
1.0,2969,2.429749585351222
1.0,2970,2.4314846606111575
1.0,2971,2.433220975215576
1.0,2972,2.4349585300487586
1.0,2973,2.436697325995621
1.0,2974,2.4384373639417114
1.0,2975,2.440178644773214
1.0,2976,2.4419211693769474
1.0,2977,2.4436649386403664
1.0,2978,2.445409953451561
1.0,2979,2.4471562146992585
1.0,2980,2.448903723272822
1.0,2981,2.450652480062253
1.0,2982,2.45240248595819
1.0,2983,2.45415374185191
1.0,2984,2.4559062486353294
1.0,2985,2.4576600072010026
1.0,2986,2.4594150184421237
1.0,2987,2.461171283252528
1.0,2988,2.4629288025266893
1.0,2989,2.4646875771597245
1.0,2990,2.4664476080473903
1.0,2991,2.468208896086086
1.0,2992,2.4699714421728522
1.0,2993,2.4717352472053746
1.0,2994,2.4735003120819794
1.0,2995,2.4752666377016372
1.0,2996,2.4770342249639636
1.0,2997,2.4788030747692185
1.0,2998,2.4805731880183055
1.0,2999,2.482344565612775
1.0,3000,2.484117208454824
1.0,3001,2.485891117447293
1.0,3002,2.487666293493673
1.0,3003,2.4894427374980985
1.0,3004,2.4912204503653554
1.0,3005,2.4929994330008753
1.0,3006,2.4947796863107397
1.0,3007,2.4965612112016773
1.0,3008,2.4983440085810695
1.0,3009,2.500128079356945
1.0,3010,2.5019134244379844
1.0,3011,2.5037000447335185
1.0,3012,2.5054879411535302
1.0,3013,2.507277114608654
1.0,3014,2.5090675660101756
1.0,3015,2.510859296270036
1.0,3016,2.5126523063008266
1.0,3017,2.514446597015794
1.0,3018,2.5162421693288404
1.0,3019,2.5180390241545187
1.0,3020,2.5198371624080407
1.0,3021,2.5216365850052713
1.0,3022,2.523437292862733
1.0,3023,2.525239286897604
1.0,3024,2.527042568027719
1.0,3025,2.5288471371715713
1.0,3026,2.530652995248311
1.0,3027,2.5324601431777474
1.0,3028,2.534268581880348
1.0,3029,2.5360783122772386
1.0,3030,2.537889335290207
1.0,3031,2.5397016518417
1.0,3032,2.5415152628548245
1.0,3033,2.543330169253349
1.0,3034,2.5451463719617045
1.0,3035,2.5469638719049823
1.0,3036,2.5487826700089373
1.0,3037,2.550602767199987
1.0,3038,2.552424164405213
1.0,3039,2.55424686255236
1.0,3040,2.5560708625698374
1.0,3041,2.5578961653867207
1.0,3042,2.5597227719327478
1.0,3043,2.5615506831383255
1.0,3044,2.5633798999345245
1.0,3045,2.5652104232530837
1.0,3046,2.5670422540264086
1.0,3047,2.5688753931875734
1.0,3048,2.5707098416703182
1.0,3049,2.5725456004090543
1.0,3050,2.5743826703388604
1.0,3051,2.5762210523954856
1.0,3052,2.5780607475153485
1.0,3053,2.5799017566355387
1.0,3054,2.5817440806938157
1.0,3055,2.5835877206286124
1.0,3056,2.5854326773790324
1.0,3057,2.5872789518848514
1.0,3058,2.589126545086519
1.0,3059,2.5909754579251567
1.0,3060,2.592825691342562
1.0,3061,2.594677246281204
1.0,3062,2.59653012368423
1.0,3063,2.5983843244954588
1.0,3064,2.6002398496593875
1.0,3065,2.602096700121189
1.0,3066,2.6039548768267125
1.0,3067,2.605814380722484
1.0,3068,2.607675212755708
1.0,3069,2.6095373738742675
1.0,3070,2.6114008650267224
1.0,3071,2.6132656871623126
1.0,3072,2.615131841230959
1.0,3073,2.6169993281832595
1.0,3074,2.6188681489704955
1.0,3075,2.6207383045446275
1.0,3076,2.622609795858299
1.0,3077,2.624482623864834
1.0,3078,2.62635678951824
1.0,3079,2.6282322937732068
1.0,3080,2.630109137585108
1.0,3081,2.631987321910001
1.0,3082,2.633866847704628
1.0,3083,2.6357477159264153
1.0,3084,2.6376299275334754
1.0,3085,2.6395134834846052
1.0,3086,2.6413983847392903
1.0,3087,2.6432846322577013
1.0,3088,2.645172227000696
1.0,3089,2.647061169929821
1.0,3090,2.6489514620073114
1.0,3091,2.6508431041960896
1.0,3092,2.652736097459768
1.0,3093,2.6546304427626493
1.0,3094,2.6565261410697256
1.0,3095,2.6584231933466804
1.0,3096,2.6603216005598878
1.0,3097,2.662221363676414
1.0,3098,2.6641224836640176
1.0,3099,2.666024961491149
1.0,3100,2.667928798126952
1.0,3101,2.669833994541265
1.0,3102,2.6717405517046195
1.0,3103,2.673648470588242
1.0,3104,2.675557752164055
1.0,3105,2.6774683974046747
1.0,3106,2.679380407283415
1.0,3107,2.681293782774286
1.0,3108,2.683208524851994
1.0,3109,2.685124634491945
1.0,3110,2.68704211267024
1.0,3111,2.6889609603636817
1.0,3112,2.69088117854977
1.0,3113,2.6928027682067053
1.0,3114,2.6947257303133867
1.0,3115,2.696650065849416
1.0,3116,2.698575775795094
1.0,3117,2.7005028611314246
1.0,3118,2.7024313228401122
1.0,3119,2.7043611619035652
1.0,3120,2.7062923793048945
1.0,3121,2.708224976027914
1.0,3122,2.7101589530571424
1.0,3123,2.712094311377803
1.0,3124,2.7140310519758235
1.0,3125,2.7159691758378375
1.0,3126,2.7179086839511837
1.0,3127,2.71984957730391
1.0,3128,2.7217918568847677
1.0,3129,2.723735523683219
1.0,3130,2.725680578689431
1.0,3131,2.727627022894283
1.0,3132,2.729574857289359
1.0,3133,2.7315240828669567
1.0,3134,2.7334747006200804
1.0,3135,2.7354267115424484
1.0,3136,2.737380116628487
1.0,3137,2.739334916873335
1.0,3138,2.7412911132728435
1.0,3139,2.743248706823577
1.0,3140,2.7452076985228118
1.0,3141,2.747168089368538
1.0,3142,2.7491298803594604
1.0,3143,2.7510930724949976
1.0,3144,2.7530576667752835
1.0,3145,2.7550236642011683
1.0,3146,2.7569910657742174
1.0,3147,2.758959872496713
1.0,3148,2.760930085371655
1.0,3149,2.7629017054027605
1.0,3150,2.7648747335944646
1.0,3151,2.7668491709519203
1.0,3152,2.7688250184810026
1.0,3153,2.770802277188303
1.0,3154,2.7727809480811345
1.0,3155,2.774761032167531
1.0,3156,2.776742530456247
1.0,3157,2.778725443956759
1.0,3158,2.780709773679266
1.0,3159,2.7826955206346886
1.0,3160,2.7846826858346727
1.0,3161,2.786671270291586
1.0,3162,2.7886612750185216
1.0,3163,2.7906527010292965
1.0,3164,2.7926455493384537
1.0,3165,2.7946398209612617
1.0,3166,2.796635516913716
1.0,3167,2.7986326382125375
1.0,3168,2.8006311858751762
1.0,3169,2.802631160919808
1.0,3170,2.8046325643653396
1.0,3171,2.806635397231404
1.0,3172,2.808639660538366
1.0,3173,2.8106453553073187
1.0,3174,2.8126524825600865
1.0,3175,2.8146610433192243
1.0,3176,2.816671038608018
1.0,3177,2.8186824694504877
1.0,3178,2.8206953368713834
1.0,3179,2.8227096418961892
1.0,3180,2.8247253855511234
1.0,3181,2.8267425688631374
1.0,3182,2.8287611928599175
1.0,3183,2.8307812585698855
1.0,3184,2.8328027670221996
1.0,3185,2.834825719246751
1.0,3186,2.8368501162741713
1.0,3187,2.8388759591358275
1.0,3188,2.840903248863825
1.0,3189,2.8429319864910063
1.0,3190,2.8449621730509542
1.0,3191,2.8469938095779894
1.0,3192,2.849026897107174
1.0,3193,2.8510614366743092
1.0,3194,2.853097429315938
1.0,3195,2.8551348760693434
1.0,3196,2.8571737779725517
1.0,3197,2.8592141360643306
1.0,3198,2.861255951384193
1.0,3199,2.8632992249723923
1.0,3200,2.865343957869928
1.0,3201,2.867390151118543
1.0,3202,2.8694378057607266
1.0,3203,2.871486922839713
1.0,3204,2.873537503399482
1.0,3205,2.8755895484847604
1.0,3206,2.877643059141023
1.0,3207,2.879698036414492
1.0,3208,2.8817544813521376
1.0,3209,2.8838123950016787
1.0,3210,2.8858717784115835
1.0,3211,2.8879326326310717
1.0,3212,2.8899949587101097
1.0,3213,2.8920587576994197
1.0,3214,2.8941240306504707
1.0,3215,2.8961907786154875
1.0,3216,2.898259002647445
1.0,3217,2.900328703800072
1.0,3218,2.9023998831278512
1.0,3219,2.9044725416860184
1.0,3220,2.9065466805305658
1.0,3221,2.90862230071824
1.0,3222,2.9106994033065416
1.0,3223,2.9127779893537307
1.0,3224,2.914858059918822
1.0,3225,2.916939616061588
1.0,3226,2.91902265884256
1.0,3227,2.9211071893230267
1.0,3228,2.923193208565035
1.0,3229,2.9252807176313937
1.0,3230,2.92736971758567
1.0,3231,2.929460209492192
1.0,3232,2.931552194416049
1.0,3233,2.9336456734230927
1.0,3234,2.935740647579934
1.0,3235,2.9378371179539524
1.0,3236,2.939935085613284
1.0,3237,2.9420345516268336
1.0,3238,2.944135517064268
1.0,3239,2.9462379829960192
1.0,3240,2.9483419504932864
1.0,3241,2.9504474206280324
1.0,3242,2.952554394472988
1.0,3243,2.9546628731016513
1.0,3244,2.956772857588286
1.0,3245,2.958884349007927
1.0,3246,2.9609973484363756
1.0,3247,2.9631118569502033
1.0,3248,2.9652278756267516
1.0,3249,2.967345405544132
1.0,3250,2.969464447781227
1.0,3251,2.9715850034176907
1.0,3252,2.9737070735339493
1.0,3253,2.975830659211201
1.0,3254,2.9779557615314176
1.0,3255,2.9800823815773447
1.0,3256,2.982210520432502
1.0,3257,2.9843401791811837
1.0,3258,2.9864713589084593
1.0,3259,2.9886040607001747
1.0,3260,2.990738285642952
1.0,3261,2.992874034824189
1.0,3262,2.9950113093320634
1.0,3263,2.9971501102555296
1.0,3264,2.9992904386843207
1.0,3265,3.0014322957089483
1.0,3266,3.0035756824207054
1.0,3267,3.0057205999116645
1.0,3268,3.0078670492746777
1.0,3269,3.010015031603381
1.0,3270,3.0121645479921897
1.0,3271,3.0143155995363036
1.0,3272,3.0164681873317054
1.0,3273,3.018622312475159
1.0,3274,3.0207779760642164
1.0,3275,3.022935179197211
1.0,3276,3.0250939229732636
1.0,3277,3.027254208492279
1.0,3278,3.0294160368549505
1.0,3279,3.031579409162757
1.0,3280,3.0337443265179647
1.0,3281,3.0359107900236295
1.0,3282,3.0380788007835937
1.0,3283,3.0402483599024905
1.0,3284,3.0424194684857424
1.0,3285,3.0445921276395613
1.0,3286,3.046766338470953
1.0,3287,3.0489421020877105
1.0,3288,3.0511194195984217
1.0,3289,3.053298292112467
1.0,3290,3.055478720740018
1.0,3291,3.057660706592042
1.0,3292,3.0598442507803
1.0,3293,3.062029354417347
1.0,3294,3.064216018616535
1.0,3295,3.0664042444920097
1.0,3296,3.0685940331587163
1.0,3297,3.070785385732395
1.0,3298,3.072978303329583
1.0,3299,3.0751727870676184
1.0,3300,3.077368838064636
1.0,3301,3.07956645743957
1.0,3302,3.081765646312156
1.0,3303,3.083966405802929
1.0,3304,3.0861687370332245
1.0,3305,3.0883726411251815
1.0,3306,3.0905781192017394
1.0,3307,3.0927851723866415
1.0,3308,3.0949938018044327
1.0,3309,3.0972040085804653
1.0,3310,3.099415793840893
1.0,3311,3.1016291587126754
1.0,3312,3.1038441043235783
1.0,3313,3.1060606318021726
1.0,3314,3.108278742277838
1.0,3315,3.1104984368807593
1.0,3316,3.1127197167419305
1.0,3317,3.114942582993153
1.0,3318,3.1171670367670394
1.0,3319,3.11939307919701
1.0,3320,3.121620711417296
1.0,3321,3.123849934562939
1.0,3322,3.1260807497697933
1.0,3323,3.1283131581745245
1.0,3324,3.1305471609146087
1.0,3325,3.1327827591283386
1.0,3326,3.1350199539548185
1.0,3327,3.137258746533967
1.0,3328,3.1394991380065194
1.0,3329,3.141741129514023
1.0,3330,3.1439847221988444
1.0,3331,3.1462299172041654
1.0,3332,3.148476715673985
1.0,3333,3.15072511875312
1.0,3334,3.1529751275872058
1.0,3335,3.1552267433226966
1.0,3336,3.1574799671068656
1.0,3337,3.1597348000878065
1.0,3338,3.1619912434144344
1.0,3339,3.1642492982364847
1.0,3340,3.166508965704515
1.0,3341,3.1687702469699044
1.0,3342,3.1710331431848573
1.0,3343,3.173297655502399
1.0,3344,3.1755637850763807
1.0,3345,3.1778315330614784
1.0,3346,3.180100900613192
1.0,3347,3.182371888887849
1.0,3348,3.1846444990426024
1.0,3349,3.1869187322354326
1.0,3350,3.1891945896251483
1.0,3351,3.1914720723713854
1.0,3352,3.19375118163461
1.0,3353,3.1960319185761152
1.0,3354,3.1983142843580277
1.0,3355,3.200598280143302
1.0,3356,3.202883907095726
1.0,3357,3.205171166379917
1.0,3358,3.2074600591613267
1.0,3359,3.2097505866062392
1.0,3360,3.2120427498817725
1.0,3361,3.2143365501558776
1.0,3362,3.2166319885973422
1.0,3363,3.2189290663757877
1.0,3364,3.2212277846616724
1.0,3365,3.223528144626291
1.0,3366,3.2258301474417754
1.0,3367,3.2281337942810953
1.0,3368,3.2304390863180585
1.0,3369,3.2327460247273123
1.0,3370,3.2350546106843434
1.0,3371,3.237364845365477
1.0,3372,3.2396767299478832
1.0,3373,3.2419902656095685
1.0,3374,3.2443054535293845
1.0,3375,3.246622294887025
1.0,3376,3.2489407908630263
1.0,3377,3.251260942638768
1.0,3378,3.2535827513964763
1.0,3379,3.2559062183192196
1.0,3380,3.2582313445909126
1.0,3381,3.260558131396318
1.0,3382,3.2628865799210423
1.0,3383,3.265216691351542
1.0,3384,3.267548466875121
1.0,3385,3.2698819076799297
1.0,3386,3.2722170149549705
1.0,3387,3.274553789890094
1.0,3388,3.276892233676002
1.0,3389,3.279232347504246
1.0,3390,3.28157413256723
1.0,3391,3.2839175900582114
1.0,3392,3.286262721171298
1.0,3393,3.2886095271014524
1.0,3394,3.290958009044491
1.0,3395,3.2933081681970853
1.0,3396,3.2956600057567607
1.0,3397,3.2980135229219
1.0,3398,3.300368720891742
1.0,3399,3.3027256008663817
1.0,3400,3.3050841640467725
1.0,3401,3.307444411634727
1.0,3402,3.309806344832915
1.0,3403,3.3121699648448666
1.0,3404,3.3145352728749717
1.0,3405,3.316902270128482
1.0,3406,3.3192709578115087
1.0,3407,3.3216413371310276
1.0,3408,3.324013409294874
1.0,3409,3.3263871755117482
1.0,3410,3.3287626369912147
1.0,3411,3.3311397949437014
1.0,3412,3.3335186505805017
1.0,3413,3.3358992051137744
1.0,3414,3.3382814597565447
1.0,3415,3.3406654157227047
1.0,3416,3.3430510742270134
1.0,3417,3.3454384364851
1.0,3418,3.34782750371346
1.0,3419,3.350218277129459
1.0,3420,3.352610757951333
1.0,3421,3.3550049473981884
1.0,3422,3.3574008466900036
1.0,3423,3.3597984570476274
1.0,3424,3.3621977796927807
1.0,3425,3.3645988158480598
1.0,3426,3.3670015667369335
1.0,3427,3.3694060335837444
1.0,3428,3.37181221761371
1.0,3429,3.3742201200529243
1.0,3430,3.376629742128357
1.0,3431,3.3790410850678545
1.0,3432,3.381454150100142
1.0,3433,3.3838689384548193
1.0,3434,3.3862854513623684
1.0,3435,3.3887036900541494
1.0,3436,3.391123655762402
1.0,3437,3.393545349720247
1.0,3438,3.395968773161686
1.0,3439,3.398393927321603
1.0,3440,3.4008208134357636
1.0,3441,3.403249432740817
1.0,3442,3.4056797864742965
1.0,3443,3.4081118758746185
1.0,3444,3.410545702181085
1.0,3445,3.412981266633885
1.0,3446,3.415418570474091
1.0,3447,3.417857614943665
1.0,3448,3.420298401285455
1.0,3449,3.4227409307431973
1.0,3450,3.4251852045615165
1.0,3451,3.4276312239859292
1.0,3452,3.4300789902628375
1.0,3453,3.4325285046395386
1.0,3454,3.4349797683642183
1.0,3455,3.437432782685955
1.0,3456,3.43988754885472
1.0,3457,3.442344068121378
1.0,3458,3.4448023417376867
1.0,3459,3.447262370956298
1.0,3460,3.449724157030761
1.0,3461,3.452187701215518
1.0,3462,3.45465300476591
1.0,3463,3.4571200689381727
1.0,3464,3.4595888949894404
1.0,3465,3.462059484177747
1.0,3466,3.464531837762024
1.0,3467,3.4670059570021023
1.0,3468,3.469481843158714
1.0,3469,3.4719594974934913
1.0,3470,3.474438921268968
1.0,3471,3.4769201157485803
1.0,3472,3.479403082196667
1.0,3473,3.4818878218784706
1.0,3474,3.4843743360601374
1.0,3475,3.486862626008718
1.0,3476,3.4893526929921697
1.0,3477,3.491844538279355
1.0,3478,3.4943381631400428
1.0,3479,3.496833568844909
1.0,3480,3.4993307566655387
1.0,3481,3.5018297278744255
1.0,3482,3.50433048374497
1.0,3483,3.5068330255514852
1.0,3484,3.5093373545691944
1.0,3485,3.511843472074231
1.0,3486,3.5143513793436405
1.0,3487,3.5168610776553813
1.0,3488,3.519372568288324
1.0,3489,3.521885852522255
1.0,3490,3.5244009316378735
1.0,3491,3.526917806916794
1.0,3492,3.5294364796415456
1.0,3493,3.5319569510955766
1.0,3494,3.534479222563251
1.0,3495,3.5370032953298502
1.0,3496,3.5395291706815737
1.0,3497,3.5420568499055407
1.0,3498,3.54458633428979
1.0,3499,3.547117625123279
1.0,3500,3.5496507236958896
1.0,3501,3.552185631298422
1.0,3502,3.5547223492226006
1.0,3503,3.5572608787610727
1.0,3504,3.5598012212074073
1.0,3505,3.562343377856101
1.0,3506,3.564887350002571
1.0,3507,3.5674331389431635
1.0,3508,3.56998074597515
1.0,3509,3.5725301723967293
1.0,3510,3.575081419507026
1.0,3511,3.5776344886060945
1.0,3512,3.580189380994918
1.0,3513,3.5827460979754098
1.0,3514,3.5853046408504112
1.0,3515,3.587865010923697
1.0,3516,3.5904272094999707
1.0,3517,3.592991237884871
1.0,3518,3.595557097384968
1.0,3519,3.5981247893077644
1.0,3520,3.600694314961699
1.0,3521,3.6032656756561434
1.0,3522,3.6058388727014075
1.0,3523,3.6084139074087354
1.0,3524,3.6109907810903077
1.0,3525,3.613569495059243
1.0,3526,3.6161500506295994
1.0,3527,3.6187324491163717
1.0,3528,3.6213166918354966
1.0,3529,3.623902780103849
1.0,3530,3.6264907152392456
1.0,3531,3.6290804985604437
1.0,3532,3.6316721313871447
1.0,3533,3.6342656150399915
1.0,3534,3.63686095084057
1.0,3535,3.639458140111412
1.0,3536,3.6420571841759926
1.0,3537,3.644658084358734
1.0,3538,3.6472608419850037
1.0,3539,3.649865458381116
1.0,3540,3.6524719348743333
1.0,3541,3.6550802727928664
1.0,3542,3.6576904734658746
1.0,3543,3.6603025382234664
1.0,3544,3.6629164683967015
1.0,3545,3.66553226531759
1.0,3546,3.668149930319095
1.0,3547,3.6707694647351294
1.0,3548,3.6733908699005613
1.0,3549,3.676014147151212
1.0,3550,3.678639297823856
1.0,3551,3.681266323256225
1.0,3552,3.6838952247870043
1.0,3553,3.686526003755837
1.0,3554,3.6891586615033227
1.0,3555,3.6917931993710194
1.0,3556,3.6944296187014425
1.0,3557,3.6970679208380672
1.0,3558,3.6997081071253293
1.0,3559,3.7023501789086235
1.0,3560,3.7049941375343067
1.0,3561,3.707639984349697
1.0,3562,3.710287720703077
1.0,3563,3.712937347943689
1.0,3564,3.7155888674217437
1.0,3565,3.7182422804884125
1.0,3566,3.720897588495834
1.0,3567,3.7235547927971133
1.0,3568,3.726213894746321
1.0,3569,3.7288748956984956
1.0,3570,3.7315377970096426
1.0,3571,3.734202600036739
1.0,3572,3.7368693061377285
1.0,3573,3.7395379166715257
1.0,3574,3.7422084329980168
1.0,3575,3.74488085647806
1.0,3576,3.7475551884734832
1.0,3577,3.7502314303470894
1.0,3578,3.752909583462655
1.0,3579,3.75558964918493
1.0,3580,3.758271628879639
1.0,3581,3.760955523913484
1.0,3582,3.7636413356541425
1.0,3583,3.7663290654702686
1.0,3584,3.769018714731494
1.0,3585,3.7717102848084303
1.0,3586,3.7744037770726675
1.0,3587,3.777099192896775
1.0,3588,3.7797965336543036
1.0,3589,3.782495800719785
1.0,3590,3.785196995468732
1.0,3591,3.7879001192776416
1.0,3592,3.7906051735239927
1.0,3593,3.7933121595862507
1.0,3594,3.7960210788438626
1.0,3595,3.798731932677264
1.0,3596,3.8014447224678736
1.0,3597,3.8041594495980995
1.0,3598,3.8068761154513355
1.0,3599,3.8095947214119654
1.0,3600,3.812315268865361
1.0,3601,3.8150377591978835
1.0,3602,3.817762193796886
1.0,3603,3.8204885740507115
1.0,3604,3.823216901348694
1.0,3605,3.825947177081162
1.0,3606,3.8286794026394366
1.0,3607,3.8314135794158317
1.0,3608,3.834149708803657
1.0,3609,3.8368877921972175
1.0,3610,3.8396278309918146
1.0,3611,3.8423698265837447
1.0,3612,3.8451137803703035
1.0,3613,3.847859693749785
1.0,3614,3.8506075681214806
1.0,3615,3.8533574048856827
1.0,3616,3.8561092054436834
1.0,3617,3.858862971197776
1.0,3618,3.861618703551256
1.0,3619,3.8643764039084196
1.0,3620,3.8671360736745695
1.0,3621,3.869897714256009
1.0,3622,3.8726613270600474
1.0,3623,3.875426913495
1.0,3624,3.878194474970188
1.0,3625,3.880964012895938
1.0,3626,3.883735528683585
1.0,3627,3.886509023745473
1.0,3628,3.8892844994949525
1.0,3629,3.8920619573463875
1.0,3630,3.8948413987151493
1.0,3631,3.8976228250176215
1.0,3632,3.900406237671198
1.0,3633,3.9031916380942877
1.0,3634,3.905979027706311
1.0,3635,3.9087684079277034
1.0,3636,3.9115597801799136
1.0,3637,3.914353145885407
1.0,3638,3.9171485064676657
1.0,3639,3.919945863351187
1.0,3640,3.9227452179614866
1.0,3641,3.9255465717250986
1.0,3642,3.928349926069576
1.0,3643,3.9311552824234925
1.0,3644,3.9339626422164407
1.0,3645,3.9367720068790346
1.0,3646,3.939583377842913
1.0,3647,3.942396756540733
1.0,3648,3.9452121444061787
1.0,3649,3.9480295428739565
1.0,3650,3.9508489533797975
1.0,3651,3.9536703773604605
1.0,3652,3.956493816253728
1.0,3653,3.9593192714984125
1.0,3654,3.9621467445343503
1.0,3655,3.9649762368024106
1.0,3656,3.967807749744489
1.0,3657,3.970641284803512
1.0,3658,3.973476843423437
1.0,3659,3.9763144270492528
1.0,3660,3.979154037126981
1.0,3661,3.981995675103674
1.0,3662,3.984839342427421
1.0,3663,3.9876850405473427
1.0,3664,3.9905327709135974
1.0,3665,3.993382534977378
1.0,3666,3.996234334190914
1.0,3667,3.9990881700074725
1.0,3668,4.001944043881359
1.0,3669,4.004801957267917
1.0,3670,4.007661911623532
1.0,3671,4.010523908405626
1.0,3672,4.0133879490726665
1.0,3673,4.016254035084158
1.0,3674,4.019122167900651
1.0,3675,4.021992348983741
1.0,3676,4.024864579796061
1.0,3677,4.0277388618012955
1.0,3678,4.030615196464171
1.0,3679,4.033493585250461
1.0,3680,4.0363740296269865
1.0,3681,4.039256531061616
1.0,3682,4.042141091023267
1.0,3683,4.045027710981905
1.0,3684,4.047916392408547
1.0,3685,4.05080713677526
1.0,3686,4.053699945555162
1.0,3687,4.0565948202224265
1.0,3688,4.059491762252274
1.0,3689,4.062390773120986
1.0,3690,4.065291854305891
1.0,3691,4.06819500728538
1.0,3692,4.071100233538895
1.0,3693,4.074007534546936
1.0,3694,4.076916911791064
1.0,3695,4.079828366753892
1.0,3696,4.082741900919097
1.0,3697,4.0856575157714135
1.0,3698,4.0885752127966395
1.0,3699,4.091494993481629
1.0,3700,4.094416859314305
1.0,3701,4.097340811783646
1.0,3702,4.100266852379699
1.0,3703,4.103194982593574
1.0,3704,4.106125203917447
1.0,3705,4.109057517844557
1.0,3706,4.111991925869215
1.0,3707,4.1149284294867945
1.0,3708,4.117867030193737
1.0,3709,4.120807729487558
1.0,3710,4.123750528866837
1.0,3711,4.126695429831226
1.0,3712,4.129642433881451
1.0,3713,4.1325915425193065
1.0,3714,4.135542757247659
1.0,3715,4.138496079570452
1.0,3716,4.141451510992702
1.0,3717,4.1444090530205
1.0,3718,4.147368707161011
1.0,3719,4.150330474922481
1.0,3720,4.15329435781423
1.0,3721,4.156260357346656
1.0,3722,4.159228475031238
1.0,3723,4.162198712380532
1.0,3724,4.165171070908179
1.0,3725,4.1681455521288955
1.0,3726,4.171122157558483
1.0,3727,4.174100888713826
1.0,3728,4.177081747112892
1.0,3729,4.18006473427473
1.0,3730,4.18304985171948
1.0,3731,4.186037100968364
1.0,3732,4.18902648354369
1.0,3733,4.192018000968854
1.0,3734,4.195011654768343
1.0,3735,4.198007446467728
1.0,3736,4.201005377593674
1.0,3737,4.204005449673934
1.0,3738,4.207007664237353
1.0,3739,4.210012022813869
1.0,3740,4.213018526934511
1.0,3741,4.2160271781314025
1.0,3742,4.219037977937762
1.0,3743,4.222050927887902
1.0,3744,4.225066029517231
1.0,3745,4.228083284362257
1.0,3746,4.231102693960581
1.0,3747,4.234124259850907
1.0,3748,4.237147983573031
1.0,3749,4.240173866667858
1.0,3750,4.243201910677388
1.0,3751,4.246232117144722
1.0,3752,4.249264487614067
1.0,3753,4.252299023630728
1.0,3754,4.255335726741119
1.0,3755,4.258374598492757
1.0,3756,4.26141564043426
1.0,3757,4.264458854115357
1.0,3758,4.267504241086885
1.0,3759,4.270551802900783
1.0,3760,4.2736015411101045
1.0,3761,4.276653457269008
1.0,3762,4.279707552932764
1.0,3763,4.282763829657754
1.0,3764,4.285822289001471
1.0,3765,4.288882932522521
1.0,3766,4.291945761780621
1.0,3767,4.2950107783366045
1.0,3768,4.298077983752419
1.0,3769,4.301147379591129
1.0,3770,4.304218967416913
1.0,3771,4.307292748795068
1.0,3772,4.310368725292009
1.0,3773,4.313446898475269
1.0,3774,4.316527269913504
1.0,3775,4.319609841176486
1.0,3776,4.32269461383511
1.0,3777,4.3257815894613945
1.0,3778,4.328870769628479
1.0,3779,4.331962155910628
1.0,3780,4.335055749883228
1.0,3781,4.3381515531227945
1.0,3782,4.341249567206965
1.0,3783,4.344349793714507
1.0,3784,4.347452234225315
1.0,3785,4.350556890320411
1.0,3786,4.353663763581946
1.0,3787,4.356772855593204
1.0,3788,4.359884167938595
1.0,3789,4.362997702203665
1.0,3790,4.366113459975091
1.0,3791,4.369231442840683
1.0,3792,4.372351652389386
1.0,3793,4.375474090211278
1.0,3794,4.378598757897575
1.0,3795,4.381725657040628
1.0,3796,4.384854789233928
1.0,3797,4.3879861560721
1.0,3798,4.391119759150909
1.0,3799,4.394255600067265
1.0,3800,4.397393680419209
1.0,3801,4.400534001805934
1.0,3802,4.403676565827767
1.0,3803,4.406821374086183
1.0,3804,4.409968428183798
1.0,3805,4.413117729724375
1.0,3806,4.41626928031282
1.0,3807,4.419423081555187
1.0,3808,4.422579135058676
1.0,3809,4.425737442431638
1.0,3810,4.4288980052835685
1.0,3811,4.432060825225115
1.0,3812,4.435225903868075
1.0,3813,4.438393242825397
1.0,3814,4.441562843711182
1.0,3815,4.444734708140684
1.0,3816,4.44790883773031
1.0,3817,4.451085234097621
1.0,3818,4.454263898861337
1.0,3819,4.457444833641327
1.0,3820,4.460628040058626
1.0,3821,4.463813519735419
1.0,3822,4.467001274295055
1.0,3823,4.470191305362039
1.0,3824,4.473383614562038
1.0,3825,4.476578203521879
1.0,3826,4.479775073869554
1.0,3827,4.482974227234214
1.0,3828,4.486175665246175
1.0,3829,4.489379389536918
1.0,3830,4.492585401739089
1.0,3831,4.4957937034865
1.0,3832,4.49900429641413
1.0,3833,4.502217182158125
1.0,3834,4.505432362355801
1.0,3835,4.508649838645644
1.0,3836,4.511869612667306
1.0,3837,4.515091686061616
1.0,3838,4.518316060470572
1.0,3839,4.521542737537344
1.0,3840,4.524771718906277
1.0,3841,4.528003006222889
1.0,3842,4.531236601133875
1.0,3843,4.534472505287107
1.0,3844,4.53771072033163
1.0,3845,4.540951247917671
1.0,3846,4.544194089696633
1.0,3847,4.5474392473211
1.0,3848,4.550686722444836
1.0,3849,4.553936516722785
1.0,3850,4.557188631811075
1.0,3851,4.560443069367015
1.0,3852,4.5636998310490995
1.0,3853,4.566958918517006
1.0,3854,4.570220333431598
1.0,3855,4.573484077454927
1.0,3856,4.576750152250226
1.0,3857,4.580018559481924
1.0,3858,4.583289300815633
1.0,3859,4.586562377918157
1.0,3860,4.589837792457488
1.0,3861,4.593115546102813
1.0,3862,4.596395640524508
1.0,3863,4.599678077394144
1.0,3864,4.602962858384486
1.0,3865,4.606249985169492
1.0,3866,4.609539459424316
1.0,3867,4.6128312828253115
1.0,3868,4.616125457050025
1.0,3869,4.619421983777202
1.0,3870,4.622720864686791
1.0,3871,4.626022101459935
1.0,3872,4.629325695778982
1.0,3873,4.632631649327478
1.0,3874,4.6359399637901735
1.0,3875,4.639250640853023
1.0,3876,4.642563682203184
1.0,3877,4.645879089529018
1.0,3878,4.6491968645200945
1.0,3879,4.652517008867189
1.0,3880,4.655839524262284
1.0,3881,4.65916441239857
1.0,3882,4.6624916749704495
1.0,3883,4.665821313673533
1.0,3884,4.66915333020464
1.0,3885,4.672487726261807
1.0,3886,4.6758245035442805
1.0,3887,4.67916366375252
1.0,3888,4.682505208588199
1.0,3889,4.68584913975421
1.0,3890,4.689195458954658
1.0,3891,4.692544167894868
1.0,3892,4.6958952682813795
1.0,3893,4.699248761821954
1.0,3894,4.702604650225572
1.0,3895,4.705962935202433
1.0,3896,4.709323618463961
1.0,3897,4.712686701722799
1.0,3898,4.7160521866928145
1.0,3899,4.7194200750891
1.0,3900,4.722790368627973
1.0,3901,4.726163069026975
1.0,3902,4.7295381780048755
1.0,3903,4.732915697281671
1.0,3904,4.7362956285785875
1.0,3905,4.73967797361808
1.0,3906,4.743062734123832
1.0,3907,4.746449911820761
1.0,3908,4.749839508435014
1.0,3909,4.753231525693972
1.0,3910,4.756625965326251
1.0,3911,4.760022829061697
1.0,3912,4.7634221186313965
1.0,3913,4.7668238357676715
1.0,3914,4.770227982204079
1.0,3915,4.773634559675416
1.0,3916,4.7770435699177165
1.0,3917,4.780455014668258
1.0,3918,4.783868895665555
1.0,3919,4.787285214649366
1.0,3920,4.79070397336069
1.0,3921,4.794125173541774
1.0,3922,4.797548816936104
1.0,3923,4.800974905288412
1.0,3924,4.8044034403446805
1.0,3925,4.807834423852134
1.0,3926,4.811267857559248
1.0,3927,4.814703743215745
1.0,3928,4.818142082572598
1.0,3929,4.82158287738203
1.0,3930,4.825026129397517
1.0,3931,4.828471840373786
1.0,3932,4.831920012066817
1.0,3933,4.835370646233845
1.0,3934,4.83882374463336
1.0,3935,4.8422793090251055
1.0,3936,4.8457373411700875
1.0,3937,4.849197842830563
1.0,3938,4.8526608157700535
1.0,3939,4.856126261753335
1.0,3940,4.859594182546448
1.0,3941,4.863064579916691
1.0,3942,4.866537455632627
1.0,3943,4.870012811464083
1.0,3944,4.873490649182146
1.0,3945,4.876970970559173
1.0,3946,4.880453777368781
1.0,3947,4.883939071385859
1.0,3948,4.887426854386562
1.0,3949,4.890917128148312
1.0,3950,4.894409894449803
1.0,3951,4.897905155070996
1.0,3952,4.9014029117931255
1.0,3953,4.9049031663987
1.0,3954,4.908405920671497
1.0,3955,4.91191117639657
1.0,3956,4.9154189353602495
1.0,3957,4.918929199350137
1.0,3958,4.922441970155115
1.0,3959,4.925957249565341
1.0,3960,4.929475039372252
1.0,3961,4.932995341368567
1.0,3962,4.93651815734828
1.0,3963,4.94004348910667
1.0,3964,4.9435713384402975
1.0,3965,4.947101707147006
1.0,3966,4.950634597025923
1.0,3967,4.954170009877461
1.0,3968,4.957707947503318
1.0,3969,4.961248411706479
1.0,3970,4.964791404291217
1.0,3971,4.968336927063094
1.0,3972,4.97188498182896
1.0,3973,4.975435570396956
1.0,3974,4.978988694576517
1.0,3975,4.982544356178366
1.0,3976,4.986102557014522
1.0,3977,4.9896632988982965
1.0,3978,4.993226583644298
1.0,3979,4.996792413068431
1.0,3980,5.000360788987894
1.0,3981,5.003931713221185
1.0,3982,5.007505187588103
1.0,3983,5.011081213909744
1.0,3984,5.014659794008505
1.0,3985,5.018240929708085
1.0,3986,5.021824622833485
1.0,3987,5.02541087521101
1.0,3988,5.028999688668271
1.0,3989,5.03259106503418
1.0,3990,5.036185006138958
1.0,3991,5.039781513814135
1.0,3992,5.043380589892544
1.0,3993,5.046982236208331
1.0,3994,5.050586454596951
1.0,3995,5.05419324689517
1.0,3996,5.057802614941065
1.0,3997,5.0614145605740255
1.0,3998,5.065029085634756
1.0,3999,5.068646191965277
1.0,4000,5.07226588140892
